target_id,pdb,chain,method,split,protein_length,site_size,total_candidate_count,qualifying_candidate_exists,best_qualifying_rank,number_of_qualifying_candidates,best_jaccard,best_centroid_distance,candidate_density,hit_at_1,hit_at_3,hit_at_5,hit_at_10,hit_at_20
1a4uB,1a4u,B,fpocket,train,254,30,15,1,1,1,0.595,,0.05905511811023622,1,1,1,1,1
1a4uB,1a4u,B,p2rank,train,254,30,6,1,1,1,0.718,,0.023622047244094488,1,1,1,1,1
1a4uB,1a4u,B,ifsitepred,train,254,30,28,1,2,2,0.4,,0.11023622047244094,0,1,1,1,1
1a4uB,1a4u,B,lacuna,train,254,30,23,1,1,3,0.5,,0.09055118110236221,1,1,1,1,1
1a8dA,1a8d,A,fpocket,train,452,11,26,1,12,2,0.417,,0.05752212389380531,0,0,0,0,1
1a8dA,1a8d,A,p2rank,train,452,11,15,0,,0,0.0,,0.033185840707964605,0,0,0,0,0
1a8dA,1a8d,A,ifsitepred,train,452,11,7,0,,0,0.0,,0.015486725663716814,0,0,0,0,0
1a8dA,1a8d,A,lacuna,train,452,11,35,1,33,1,0.389,,0.07743362831858407,0,0,0,0,0
1ad1A,1ad1,A,fpocket,train,264,19,18,1,1,1,0.306,,0.06818181818181818,1,1,1,1,1
1ad1A,1ad1,A,p2rank,train,264,19,7,1,1,1,0.281,,0.026515151515151516,1,1,1,1,1
1ad1A,1ad1,A,ifsitepred,train,264,19,32,1,1,1,0.526,,0.12121212121212122,1,1,1,1,1
1ad1A,1ad1,A,lacuna,train,264,19,16,1,1,3,0.382,,0.06060606060606061,1,1,1,1,1
1ak1A,1ak1,A,fpocket,train,308,17,16,1,16,1,0.25,,0.05194805194805195,0,0,0,0,1
1ak1A,1ak1,A,p2rank,train,308,17,4,1,1,1,0.269,,0.012987012987012988,1,1,1,1,1
1ak1A,1ak1,A,ifsitepred,train,308,17,25,1,1,1,0.353,,0.08116883116883117,1,1,1,1,1
1ak1A,1ak1,A,lacuna,train,308,17,18,1,1,4,0.684,,0.05844155844155844,1,1,1,1,1
1arlA,1arl,A,fpocket,test,307,7,16,1,8,1,0.333,,0.05211726384364821,0,0,0,1,1
1arlA,1arl,A,p2rank,test,307,7,4,0,,0,0.231,,0.013029315960912053,0,0,0,0,0
1arlA,1arl,A,ifsitepred,test,307,7,18,1,2,3,0.667,,0.05863192182410423,0,1,1,1,1
1arlA,1arl,A,lacuna,test,307,7,19,0,,0,0.227,,0.06188925081433225,0,0,0,0,0
1aylA,1ayl,A,fpocket,train,532,2,26,0,,0,0.167,,0.04887218045112782,0,0,0,0,0
1aylA,1ayl,A,p2rank,train,532,2,13,0,,0,0.0,,0.02443609022556391,0,0,0,0,0
1aylA,1ayl,A,ifsitepred,train,532,2,25,0,,0,0.0,,0.046992481203007516,0,0,0,0,0
1aylA,1ayl,A,lacuna,train,532,2,45,0,,0,0.0,,0.08458646616541353,0,0,0,0,0
1b0iA,1b0i,A,fpocket,train,448,6,16,0,,0,0.2,,0.03571428571428571,0,0,0,0,0
1b0iA,1b0i,A,p2rank,train,448,6,12,0,,0,0.167,,0.026785714285714284,0,0,0,0,0
1b0iA,1b0i,A,ifsitepred,train,448,6,13,1,6,4,0.5,,0.029017857142857144,0,0,0,1,1
1b0iA,1b0i,A,lacuna,train,448,6,23,1,2,1,0.273,,0.05133928571428571,0,1,1,1,1
1bfnA,1bfn,A,fpocket,train,490,12,37,1,23,1,0.6,,0.07551020408163266,0,0,0,0,0
1bfnA,1bfn,A,p2rank,train,490,12,10,1,1,1,0.275,,0.02040816326530612,1,1,1,1,1
1bfnA,1bfn,A,ifsitepred,train,490,12,36,1,1,2,0.556,,0.07346938775510205,1,1,1,1,1
1bfnA,1bfn,A,lacuna,train,490,12,35,1,2,2,0.321,,0.07142857142857142,0,1,1,1,1
1bhsA,1bhs,A,fpocket,train,284,37,21,1,10,2,0.521,,0.07394366197183098,0,0,0,1,1
1bhsA,1bhs,A,p2rank,train,284,37,7,1,1,1,0.607,,0.02464788732394366,1,1,1,1,1
1bhsA,1bhs,A,ifsitepred,train,284,37,41,1,1,1,0.263,,0.1443661971830986,1,1,1,1,1
1bhsA,1bhs,A,lacuna,train,284,37,26,1,1,4,0.386,,0.09154929577464789,1,1,1,1,1
1byiA,1byi,A,fpocket,train,224,20,15,1,1,2,0.409,,0.06696428571428571,1,1,1,1,1
1byiA,1byi,A,p2rank,train,224,20,3,1,1,1,0.4,,0.013392857142857142,1,1,1,1,1
1byiA,1byi,A,ifsitepred,train,224,20,20,1,1,3,0.346,,0.08928571428571429,1,1,1,1,1
1byiA,1byi,A,lacuna,train,224,20,15,1,1,3,0.538,,0.06696428571428571,1,1,1,1,1
1bzjA,1bzj,A,fpocket,test,297,10,18,1,14,1,0.308,,0.06060606060606061,0,0,0,0,1
1bzjA,1bzj,A,p2rank,test,297,10,9,1,3,2,0.333,,0.030303030303030304,0,1,1,1,1
1bzjA,1bzj,A,ifsitepred,test,297,10,13,0,,0,0.0,,0.04377104377104377,0,0,0,0,0
1bzjA,1bzj,A,lacuna,test,297,10,16,1,5,1,0.421,,0.05387205387205387,0,0,1,1,1
1c3kA,1c3k,A,fpocket,train,143,3,6,0,,0,0.182,,0.04195804195804196,0,0,0,0,0
1c3kA,1c3k,A,p2rank,train,143,3,3,1,1,1,0.25,,0.02097902097902098,1,1,1,1,1
1c3kA,1c3k,A,ifsitepred,train,143,3,12,1,1,1,0.25,,0.08391608391608392,1,1,1,1,1
1c3kA,1c3k,A,lacuna,train,143,3,4,0,,0,0.118,,0.027972027972027972,0,0,0,0,0
1cuzA,1cuz,A,fpocket,train,196,6,11,1,11,1,0.5,,0.05612244897959184,0,0,0,0,1
1cuzA,1cuz,A,p2rank,train,196,6,3,0,,0,0.0,,0.015306122448979591,0,0,0,0,0
1cuzA,1cuz,A,ifsitepred,train,196,6,17,0,,0,0.0,,0.08673469387755102,0,0,0,0,0
1cuzA,1cuz,A,lacuna,train,196,6,6,0,,0,0.103,,0.030612244897959183,0,0,0,0,0
1cwqA,1cwq,A,fpocket,test,238,6,15,1,5,2,0.571,,0.06302521008403361,0,0,1,1,1
1cwqA,1cwq,A,p2rank,test,238,6,6,1,5,1,0.417,,0.025210084033613446,0,0,1,1,1
1cwqA,1cwq,A,ifsitepred,test,238,6,9,1,5,1,0.444,,0.037815126050420166,0,0,1,1,1
1cwqA,1cwq,A,lacuna,test,238,6,17,1,14,1,0.333,,0.07142857142857142,0,0,0,0,1
1dc6A,1dc6,A,fpocket,train,330,11,26,1,24,1,0.5,,0.07878787878787878,0,0,0,0,0
1dc6A,1dc6,A,p2rank,train,330,11,9,0,,0,0.056,,0.02727272727272727,0,0,0,0,0
1dc6A,1dc6,A,ifsitepred,train,330,11,43,0,,0,0.062,,0.1303030303030303,0,0,0,0,0
1dc6A,1dc6,A,lacuna,train,330,11,29,1,21,1,0.294,,0.08787878787878788,0,0,0,0,0
1dklA,1dkl,A,fpocket,train,404,14,26,1,1,1,0.367,,0.06435643564356436,1,1,1,1,1
1dklA,1dkl,A,p2rank,train,404,14,11,1,1,1,0.5,,0.027227722772277228,1,1,1,1,1
1dklA,1dkl,A,ifsitepred,train,404,14,18,1,1,2,0.429,,0.04455445544554455,1,1,1,1,1
1dklA,1dkl,A,lacuna,train,404,14,33,1,1,1,0.324,,0.08168316831683169,1,1,1,1,1
1dpjA,1dpj,A,fpocket,train,329,27,21,0,,0,0.226,,0.06382978723404255,0,0,0,0,0
1dpjA,1dpj,A,p2rank,train,329,27,7,1,1,1,0.531,,0.02127659574468085,1,1,1,1,1
1dpjA,1dpj,A,ifsitepred,train,329,27,29,1,1,1,0.296,,0.08814589665653495,1,1,1,1,1
1dpjA,1dpj,A,lacuna,train,329,27,22,1,1,1,0.407,,0.0668693009118541,1,1,1,1,1
1dq2A,1dq2,A,fpocket,test,224,9,9,1,7,1,0.286,,0.04017857142857143,0,0,0,1,1
1dq2A,1dq2,A,p2rank,test,224,9,3,0,,0,0.176,,0.013392857142857142,0,0,0,0,0
1dq2A,1dq2,A,ifsitepred,test,224,9,4,1,3,1,0.444,,0.017857142857142856,0,1,1,1,1
1dq2A,1dq2,A,lacuna,test,224,9,14,0,,0,0.16,,0.0625,0,0,0,0,0
1dqzA,1dqz,A,fpocket,train,280,18,13,1,2,2,0.45,,0.04642857142857143,0,1,1,1,1
1dqzA,1dqz,A,p2rank,train,280,18,7,1,1,1,0.424,,0.025,1,1,1,1,1
1dqzA,1dqz,A,ifsitepred,train,280,18,14,1,1,3,0.333,,0.05,1,1,1,1,1
1dqzA,1dqz,A,lacuna,train,280,18,15,1,1,2,0.435,,0.05357142857142857,1,1,1,1,1
1dteA,1dte,A,fpocket,train,269,7,15,0,,0,0.143,,0.055762081784386616,0,0,0,0,0
1dteA,1dte,A,p2rank,train,269,7,7,0,,0,0.214,,0.026022304832713755,0,0,0,0,0
1dteA,1dte,A,ifsitepred,train,269,7,24,1,8,4,0.429,,0.08921933085501858,0,0,0,1,1
1dteA,1dte,A,lacuna,train,269,7,21,0,,0,0.211,,0.07806691449814127,0,0,0,0,0
1e3gA,1e3g,A,fpocket,train,250,6,18,1,11,1,0.625,,0.072,0,0,0,0,1
1e3gA,1e3g,A,p2rank,train,250,6,7,0,,0,0.0,,0.028,0,0,0,0,0
1e3gA,1e3g,A,ifsitepred,train,250,6,9,0,,0,0.0,,0.036,0,0,0,0,0
1e3gA,1e3g,A,lacuna,train,250,6,24,1,22,1,0.667,,0.096,0,0,0,0,0
1e5lB,1e5l,B,fpocket,train,449,29,26,1,14,1,0.312,,0.05790645879732739,0,0,0,0,1
1e5lB,1e5l,B,p2rank,train,449,29,13,1,3,1,0.452,,0.028953229398663696,0,1,1,1,1
1e5lB,1e5l,B,ifsitepred,train,449,29,37,1,1,1,0.433,,0.08240534521158129,1,1,1,1,1
1e5lB,1e5l,B,lacuna,train,449,29,43,1,1,3,0.389,,0.0957683741648107,1,1,1,1,1
1e6kA,1e6k,A,fpocket,test,130,8,11,0,,0,0.143,,0.08461538461538462,0,0,0,0,0
1e6kA,1e6k,A,p2rank,test,130,8,3,1,3,1,0.364,,0.023076923076923078,0,1,1,1,1
1e6kA,1e6k,A,ifsitepred,test,130,8,13,1,2,4,0.375,,0.1,0,1,1,1,1
1e6kA,1e6k,A,lacuna,test,130,8,12,1,1,1,0.5,,0.09230769230769231,1,1,1,1,1
1eccB,1ecc,B,fpocket,train,492,5,23,0,,0,0.071,,0.046747967479674794,0,0,0,0,0
1eccB,1ecc,B,p2rank,train,492,5,15,0,,0,0.143,,0.03048780487804878,0,0,0,0,0
1eccB,1ecc,B,ifsitepred,train,492,5,23,0,,0,0.0,,0.046747967479674794,0,0,0,0,0
1eccB,1ecc,B,lacuna,train,492,5,35,0,,0,0.04,,0.07113821138211382,0,0,0,0,0
1efhB,1efh,B,fpocket,train,282,17,20,0,,0,0.244,,0.07092198581560284,0,0,0,0,0
1efhB,1efh,B,p2rank,train,282,17,9,0,,0,0.229,,0.031914893617021274,0,0,0,0,0
1efhB,1efh,B,ifsitepred,train,282,17,19,1,1,3,0.316,,0.0673758865248227,1,1,1,1,1
1efhB,1efh,B,lacuna,train,282,17,33,1,5,3,0.483,,0.11702127659574468,0,0,1,1,1
1eswA,1esw,A,fpocket,train,500,6,36,1,36,1,0.316,,0.072,0,0,0,0,0
1eswA,1esw,A,p2rank,train,500,6,17,0,,0,0.2,,0.034,0,0,0,0,0
1eswA,1esw,A,ifsitepred,train,500,6,44,1,29,2,0.667,,0.088,0,0,0,0,0
1eswA,1esw,A,lacuna,train,500,6,43,1,6,1,0.545,,0.086,0,0,0,1,1
1evyA,1evy,A,fpocket,test,346,32,20,1,4,2,0.425,,0.057803468208092484,0,0,1,1,1
1evyA,1evy,A,p2rank,test,346,32,11,1,1,1,0.675,,0.031791907514450865,1,1,1,1,1
1evyA,1evy,A,ifsitepred,test,346,32,32,0,,0,0.206,,0.09248554913294797,0,0,0,0,0
1evyA,1evy,A,lacuna,test,346,32,32,1,1,5,0.545,,0.09248554913294797,1,1,1,1,1
1ezlC,1ezl,C,fpocket,train,128,6,2,0,,0,0.056,,0.015625,0,0,0,0,0
1ezlC,1ezl,C,p2rank,train,128,6,0,0,,0,0.0,,0.0,0,0,0,0,0
1ezlC,1ezl,C,ifsitepred,train,128,6,1,0,,0,0.0,,0.0078125,0,0,0,0,0
1ezlC,1ezl,C,lacuna,train,128,6,3,0,,0,0.15,,0.0234375,0,0,0,0,0
1f47B,1f47,B,fpocket,train,144,14,8,0,,0,0.143,,0.05555555555555555,0,0,0,0,0
1f47B,1f47,B,p2rank,train,144,14,3,0,,0,0.1,,0.020833333333333332,0,0,0,0,0
1f47B,1f47,B,ifsitepred,train,144,14,7,1,2,2,0.5,,0.04861111111111111,0,1,1,1,1
1f47B,1f47,B,lacuna,train,144,14,10,1,1,1,0.786,,0.06944444444444445,1,1,1,1,1
1f8aB,1f8a,B,fpocket,train,155,16,10,1,4,1,0.5,,0.06451612903225806,0,0,1,1,1
1f8aB,1f8a,B,p2rank,train,155,16,2,1,1,1,0.75,,0.012903225806451613,1,1,1,1,1
1f8aB,1f8a,B,ifsitepred,train,155,16,12,1,1,3,0.562,,0.07741935483870968,1,1,1,1,1
1f8aB,1f8a,B,lacuna,train,155,16,7,0,,0,0.036,,0.04516129032258064,0,0,0,0,0
1fd9A,1fd9,A,fpocket,train,204,13,11,1,1,1,0.75,,0.05392156862745098,1,1,1,1,1
1fd9A,1fd9,A,p2rank,train,204,13,3,1,1,1,0.733,,0.014705882352941176,1,1,1,1,1
1fd9A,1fd9,A,ifsitepred,train,204,13,17,1,1,2,0.769,,0.08333333333333333,1,1,1,1,1
1fd9A,1fd9,A,lacuna,train,204,13,13,1,1,1,0.625,,0.06372549019607843,1,1,1,1,1
1ffhA,1ffh,A,fpocket,train,287,10,26,1,3,2,0.533,,0.09059233449477352,0,1,1,1,1
1ffhA,1ffh,A,p2rank,train,287,10,7,1,1,1,0.5,,0.024390243902439025,1,1,1,1,1
1ffhA,1ffh,A,ifsitepred,train,287,10,29,1,1,3,0.643,,0.10104529616724739,1,1,1,1,1
1ffhA,1ffh,A,lacuna,train,287,10,19,1,1,1,0.385,,0.06620209059233449,1,1,1,1,1
1fl1B,1fl1,B,fpocket,train,207,19,12,0,,0,0.16,,0.057971014492753624,0,0,0,0,0
1fl1B,1fl1,B,p2rank,train,207,19,5,0,,0,0.143,,0.024154589371980676,0,0,0,0,0
1fl1B,1fl1,B,ifsitepred,train,207,19,7,0,,0,0.0,,0.033816425120772944,0,0,0,0,0
1fl1B,1fl1,B,lacuna,train,207,19,19,1,1,2,0.261,,0.09178743961352658,1,1,1,1,1
1fvrA,1fvr,A,fpocket,train,299,26,17,0,,0,0.059,,0.056856187290969896,0,0,0,0,0
1fvrA,1fvr,A,p2rank,train,299,26,7,0,,0,0.182,,0.023411371237458192,0,0,0,0,0
1fvrA,1fvr,A,ifsitepred,train,299,26,19,0,,0,0.179,,0.06354515050167224,0,0,0,0,0
1fvrA,1fvr,A,lacuna,train,299,26,26,1,1,3,0.333,,0.08695652173913043,1,1,1,1,1
1fwkC,1fwk,C,fpocket,train,296,12,18,1,10,1,0.667,,0.060810810810810814,0,0,0,1,1
1fwkC,1fwk,C,p2rank,train,296,12,4,1,1,1,0.25,,0.013513513513513514,1,1,1,1,1
1fwkC,1fwk,C,ifsitepred,train,296,12,31,1,1,1,0.545,,0.10472972972972973,1,1,1,1,1
1fwkC,1fwk,C,lacuna,train,296,12,24,1,1,3,0.4,,0.08108108108108109,1,1,1,1,1
1g24C,1g24,C,fpocket,train,211,23,14,1,1,2,0.5,,0.06635071090047394,1,1,1,1,1
1g24C,1g24,C,p2rank,train,211,23,2,1,1,1,0.625,,0.009478672985781991,1,1,1,1,1
1g24C,1g24,C,ifsitepred,train,211,23,19,1,2,2,0.32,,0.09004739336492891,0,1,1,1,1
1g24C,1g24,C,lacuna,train,211,23,14,1,1,4,0.458,,0.06635071090047394,1,1,1,1,1
1g59A,1g59,A,fpocket,test,468,15,33,1,1,1,0.394,,0.07051282051282051,1,1,1,1,1
1g59A,1g59,A,p2rank,test,468,15,9,1,1,1,0.385,,0.019230769230769232,1,1,1,1,1
1g59A,1g59,A,ifsitepred,test,468,15,39,1,15,4,0.312,,0.08333333333333333,0,0,0,0,1
1g59A,1g59,A,lacuna,test,468,15,38,1,1,2,0.379,,0.0811965811965812,1,1,1,1,1
1gqnA,1gqn,A,fpocket,train,252,15,10,1,1,1,0.414,,0.03968253968253968,1,1,1,1,1
1gqnA,1gqn,A,p2rank,train,252,15,4,1,1,1,0.414,,0.015873015873015872,1,1,1,1,1
1gqnA,1gqn,A,ifsitepred,train,252,15,33,1,2,5,0.333,,0.13095238095238096,0,1,1,1,1
1gqnA,1gqn,A,lacuna,train,252,15,21,1,1,1,0.5,,0.08333333333333333,1,1,1,1,1
1gqzA,1gqz,A,fpocket,train,274,18,17,1,1,1,0.308,,0.06204379562043796,1,1,1,1,1
1gqzA,1gqz,A,p2rank,train,274,18,6,1,1,1,0.308,,0.021897810218978103,1,1,1,1,1
1gqzA,1gqz,A,ifsitepred,train,274,18,23,1,3,3,0.389,,0.08394160583941605,0,1,1,1,1
1gqzA,1gqz,A,lacuna,train,274,18,20,1,1,3,0.389,,0.072992700729927,1,1,1,1,1
1h13A,1h13,A,fpocket,test,404,5,16,0,,0,0.222,,0.039603960396039604,0,0,0,0,0
1h13A,1h13,A,p2rank,test,404,5,8,0,,0,0.132,,0.019801980198019802,0,0,0,0,0
1h13A,1h13,A,ifsitepred,test,404,5,31,1,1,3,0.8,,0.07673267326732673,1,1,1,1,1
1h13A,1h13,A,lacuna,test,404,5,24,0,,0,0.2,,0.0594059405940594,0,0,0,0,0
1h3gB,1h3g,B,fpocket,train,598,3,44,1,34,1,0.25,,0.07357859531772576,0,0,0,0,0
1h3gB,1h3g,B,p2rank,train,598,3,31,0,,0,0.074,,0.051839464882943144,0,0,0,0,0
1h3gB,1h3g,B,ifsitepred,train,598,3,37,1,4,3,0.4,,0.061872909698996656,0,0,1,1,1
1h3gB,1h3g,B,lacuna,train,598,3,52,0,,0,0.111,,0.08695652173913043,0,0,0,0,0
1havA,1hav,A,fpocket,train,216,14,15,1,6,3,0.467,,0.06944444444444445,0,0,0,1,1
1havA,1hav,A,p2rank,train,216,14,6,1,1,1,0.345,,0.027777777777777776,1,1,1,1,1
1havA,1hav,A,ifsitepred,train,216,14,18,1,1,3,0.294,,0.08333333333333333,1,1,1,1,1
1havA,1hav,A,lacuna,train,216,14,21,1,1,2,0.55,,0.09722222222222222,1,1,1,1,1
1hbqA,1hbq,A,fpocket,train,177,20,14,1,1,1,0.571,,0.07909604519774012,1,1,1,1,1
1hbqA,1hbq,A,p2rank,train,177,20,6,1,1,1,0.556,,0.03389830508474576,1,1,1,1,1
1hbqA,1hbq,A,ifsitepred,train,177,20,16,1,1,4,0.348,,0.0903954802259887,1,1,1,1,1
1hbqA,1hbq,A,lacuna,train,177,20,14,1,1,1,0.5,,0.07909604519774012,1,1,1,1,1
1hp1A,1hp1,A,fpocket,train,516,10,30,0,,0,0.171,,0.05813953488372093,0,0,0,0,0
1hp1A,1hp1,A,p2rank,train,516,10,8,0,,0,0.139,,0.015503875968992248,0,0,0,0,0
1hp1A,1hp1,A,ifsitepred,train,516,10,31,1,9,1,0.286,,0.060077519379844964,0,0,0,1,1
1hp1A,1hp1,A,lacuna,train,516,10,38,1,6,1,0.318,,0.07364341085271318,0,0,0,1,1
1ht6A,1ht6,A,fpocket,train,404,5,22,1,3,1,0.278,,0.054455445544554455,0,1,1,1,1
1ht6A,1ht6,A,p2rank,train,404,5,10,1,3,1,0.267,,0.024752475247524754,0,1,1,1,1
1ht6A,1ht6,A,ifsitepred,train,404,5,20,1,2,5,0.8,,0.04950495049504951,0,1,1,1,1
1ht6A,1ht6,A,lacuna,train,404,5,23,1,2,1,0.294,,0.05693069306930693,0,1,1,1,1
1i0rB,1i0r,B,fpocket,train,168,24,14,1,1,2,0.577,,0.08333333333333333,1,1,1,1,1
1i0rB,1i0r,B,p2rank,train,168,24,6,1,1,1,0.517,,0.03571428571428571,1,1,1,1,1
1i0rB,1i0r,B,ifsitepred,train,168,24,30,1,2,3,0.417,,0.17857142857142858,0,1,1,1,1
1i0rB,1i0r,B,lacuna,train,168,24,9,1,1,1,0.406,,0.05357142857142857,1,1,1,1,1
1i7nA,1i7n,A,fpocket,test,308,20,26,1,21,1,0.286,,0.08441558441558442,0,0,0,0,0
1i7nA,1i7n,A,p2rank,test,308,20,8,0,,0,0.214,,0.025974025974025976,0,0,0,0,0
1i7nA,1i7n,A,ifsitepred,test,308,20,29,0,,0,0.241,,0.09415584415584416,0,0,0,0,0
1i7nA,1i7n,A,lacuna,test,308,20,16,1,1,3,0.333,,0.05194805194805195,1,1,1,1,1
1iwlA,1iwl,A,fpocket,train,177,32,15,0,,0,0.171,,0.0847457627118644,0,0,0,0,0
1iwlA,1iwl,A,p2rank,train,177,32,3,0,,0,0.182,,0.01694915254237288,0,0,0,0,0
1iwlA,1iwl,A,ifsitepred,train,177,32,21,0,,0,0.118,,0.11864406779661017,0,0,0,0,0
1iwlA,1iwl,A,lacuna,train,177,32,10,1,3,1,0.341,,0.05649717514124294,0,1,1,1,1
1j8fC,1j8f,C,fpocket,train,303,37,20,1,10,1,0.439,,0.066006600660066,0,0,0,1,1
1j8fC,1j8f,C,p2rank,train,303,37,10,1,1,1,0.298,,0.033003300330033,1,1,1,1,1
1j8fC,1j8f,C,ifsitepred,train,303,37,26,1,1,1,0.25,,0.0858085808580858,1,1,1,1,1
1j8fC,1j8f,C,lacuna,train,303,37,26,1,1,3,0.511,,0.0858085808580858,1,1,1,1,1
1jpmA,1jpm,A,fpocket,train,359,10,15,1,2,1,0.474,,0.04178272980501393,0,1,1,1,1
1jpmA,1jpm,A,p2rank,train,359,10,8,1,1,1,0.455,,0.022284122562674095,1,1,1,1,1
1jpmA,1jpm,A,ifsitepred,train,359,10,21,1,1,5,0.75,,0.0584958217270195,1,1,1,1,1
1jpmA,1jpm,A,lacuna,train,359,10,32,1,2,2,0.429,,0.08913649025069638,0,1,1,1,1
1k0nA,1k0n,A,fpocket,train,226,5,12,1,5,1,0.714,,0.05309734513274336,0,0,1,1,1
1k0nA,1k0n,A,p2rank,train,226,5,5,1,1,1,0.308,,0.022123893805309734,1,1,1,1,1
1k0nA,1k0n,A,ifsitepred,train,226,5,22,0,,0,0.0,,0.09734513274336283,0,0,0,0,0
1k0nA,1k0n,A,lacuna,train,226,5,22,0,,0,0.222,,0.09734513274336283,0,0,0,0,0
1k1xB,1k1x,B,fpocket,train,636,8,39,1,27,2,0.667,,0.06132075471698113,0,0,0,0,0
1k1xB,1k1x,B,p2rank,train,636,8,13,0,,0,0.133,,0.020440251572327043,0,0,0,0,0
1k1xB,1k1x,B,ifsitepred,train,636,8,32,1,5,3,0.625,,0.050314465408805034,0,0,1,1,1
1k1xB,1k1x,B,lacuna,train,636,8,49,0,,0,0.125,,0.0770440251572327,0,0,0,0,0
1k47D,1k47,D,fpocket,test,322,14,25,1,8,2,0.6,,0.07763975155279502,0,0,0,1,1
1k47D,1k47,D,p2rank,test,322,14,5,1,1,1,0.255,,0.015527950310559006,1,1,1,1,1
1k47D,1k47,D,ifsitepred,test,322,14,24,1,2,2,0.667,,0.07453416149068323,0,1,1,1,1
1k47D,1k47,D,lacuna,test,322,14,31,1,1,2,0.526,,0.09627329192546584,1,1,1,1,1
1k4kD,1k4k,D,fpocket,train,212,26,13,1,1,2,0.457,,0.06132075471698113,1,1,1,1,1
1k4kD,1k4k,D,p2rank,train,212,26,2,1,1,1,0.625,,0.009433962264150943,1,1,1,1,1
1k4kD,1k4k,D,ifsitepred,train,212,26,23,1,1,3,0.429,,0.10849056603773585,1,1,1,1,1
1k4kD,1k4k,D,lacuna,train,212,26,18,1,1,5,0.512,,0.08490566037735849,1,1,1,1,1
1k7kA,1k7k,A,fpocket,train,207,24,11,1,2,2,0.44,,0.05314009661835749,0,1,1,1,1
1k7kA,1k7k,A,p2rank,train,207,24,3,1,1,1,0.636,,0.014492753623188406,1,1,1,1,1
1k7kA,1k7k,A,ifsitepred,train,207,24,18,1,2,3,0.4,,0.08695652173913043,0,1,1,1,1
1k7kA,1k7k,A,lacuna,train,207,24,12,1,1,3,0.457,,0.057971014492753624,1,1,1,1,1
1kg5A,1kg5,A,fpocket,train,225,3,11,0,,0,0.182,,0.04888888888888889,0,0,0,0,0
1kg5A,1kg5,A,p2rank,train,225,3,2,0,,0,0.0,,0.008888888888888889,0,0,0,0,0
1kg5A,1kg5,A,ifsitepred,train,225,3,33,0,,0,0.143,,0.14666666666666667,0,0,0,0,0
1kg5A,1kg5,A,lacuna,train,225,3,13,0,,0,0.231,,0.057777777777777775,0,0,0,0,0
1kn9D,1kn9,D,fpocket,train,214,15,14,1,2,2,0.421,,0.06542056074766354,0,1,1,1,1
1kn9D,1kn9,D,p2rank,train,214,15,5,1,1,2,0.4,,0.02336448598130841,1,1,1,1,1
1kn9D,1kn9,D,ifsitepred,train,214,15,16,1,1,3,0.471,,0.07476635514018691,1,1,1,1,1
1kn9D,1kn9,D,lacuna,train,214,15,16,1,1,2,0.48,,0.07476635514018691,1,1,1,1,1
1ks9A,1ks9,A,fpocket,train,291,30,16,1,1,2,0.474,,0.054982817869415807,1,1,1,1,1
1ks9A,1ks9,A,p2rank,train,291,30,6,1,1,1,0.591,,0.020618556701030927,1,1,1,1,1
1ks9A,1ks9,A,ifsitepred,train,291,30,36,1,3,3,0.29,,0.12371134020618557,0,1,1,1,1
1ks9A,1ks9,A,lacuna,train,291,30,21,1,1,3,0.525,,0.07216494845360824,1,1,1,1,1
1ksgB,1ksg,B,fpocket,test,128,18,5,1,4,1,0.31,,0.0390625,0,0,1,1,1
1ksgB,1ksg,B,p2rank,test,128,18,1,1,1,1,0.321,,0.0078125,1,1,1,1,1
1ksgB,1ksg,B,ifsitepred,test,128,18,13,1,1,1,0.368,,0.1015625,1,1,1,1,1
1ksgB,1ksg,B,lacuna,test,128,18,14,1,2,4,0.45,,0.109375,0,1,1,1,1
1kx9A,1kx9,A,fpocket,test,108,14,7,1,1,1,0.263,,0.06481481481481481,1,1,1,1,1
1kx9A,1kx9,A,p2rank,test,108,14,1,0,,0,0.136,,0.009259259259259259,0,0,0,0,0
1kx9A,1kx9,A,ifsitepred,test,108,14,0,0,,0,0.0,,0.0,0,0,0,0,0
1kx9A,1kx9,A,lacuna,test,108,14,7,1,2,1,0.25,,0.06481481481481481,0,1,1,1,1
1kxrA,1kxr,A,fpocket,test,320,19,20,1,1,2,0.5,,0.0625,1,1,1,1,1
1kxrA,1kxr,A,p2rank,test,320,19,13,1,1,1,0.458,,0.040625,1,1,1,1,1
1kxrA,1kxr,A,ifsitepred,test,320,19,16,1,3,2,0.421,,0.05,0,1,1,1,1
1kxrA,1kxr,A,lacuna,test,320,19,23,1,1,2,0.484,,0.071875,1,1,1,1,1
1l0wB,1l0w,B,fpocket,train,580,28,56,1,24,2,0.533,,0.09655172413793103,0,0,0,0,0
1l0wB,1l0w,B,p2rank,train,580,28,10,1,1,1,0.59,,0.017241379310344827,1,1,1,1,1
1l0wB,1l0w,B,ifsitepred,train,580,28,68,1,1,3,0.31,,0.11724137931034483,1,1,1,1,1
1l0wB,1l0w,B,lacuna,train,580,28,58,1,1,3,0.471,,0.1,1,1,1,1,1
1lbeB,1lbe,B,fpocket,test,248,8,14,1,4,1,0.375,,0.056451612903225805,0,0,1,1,1
1lbeB,1lbe,B,p2rank,test,248,8,7,1,1,1,0.261,,0.028225806451612902,1,1,1,1,1
1lbeB,1lbe,B,ifsitepred,test,248,8,25,1,5,4,0.625,,0.10080645161290322,0,0,1,1,1
1lbeB,1lbe,B,lacuna,test,248,8,15,1,2,1,0.333,,0.06048387096774194,0,1,1,1,1
1ljuA,1lju,A,fpocket,train,130,10,9,0,,0,0.214,,0.06923076923076923,0,0,0,0,0
1ljuA,1lju,A,p2rank,train,130,10,1,0,,0,0.037,,0.007692307692307693,0,0,0,0,0
1ljuA,1lju,A,ifsitepred,train,130,10,13,0,,0,0.167,,0.1,0,0,0,0,0
1ljuA,1lju,A,lacuna,train,130,10,7,1,2,2,0.381,,0.05384615384615385,0,1,1,1,1
1lugA,1lug,A,fpocket,train,259,5,18,1,7,1,0.375,,0.0694980694980695,0,0,0,1,1
1lugA,1lug,A,p2rank,train,259,5,4,0,,0,0.188,,0.015444015444015444,0,0,0,0,0
1lugA,1lug,A,ifsitepred,train,259,5,13,0,,0,0.0,,0.05019305019305019,0,0,0,0,0
1lugA,1lug,A,lacuna,train,259,5,18,1,13,1,0.4,,0.0694980694980695,0,0,0,0,1
1m1zA,1m1z,A,fpocket,train,480,12,38,1,3,2,0.286,,0.07916666666666666,0,1,1,1,1
1m1zA,1m1z,A,p2rank,train,480,12,13,1,1,1,0.275,,0.027083333333333334,1,1,1,1,1
1m1zA,1m1z,A,ifsitepred,train,480,12,24,1,1,4,0.583,,0.05,1,1,1,1,1
1m1zA,1m1z,A,lacuna,train,480,12,47,1,1,2,0.692,,0.09791666666666667,1,1,1,1,1
1m5wD,1m5w,D,fpocket,test,242,13,17,1,1,1,0.476,,0.07024793388429752,1,1,1,1,1
1m5wD,1m5w,D,p2rank,test,242,13,4,1,1,1,0.379,,0.01652892561983471,1,1,1,1,1
1m5wD,1m5w,D,ifsitepred,test,242,13,20,1,1,1,0.455,,0.08264462809917356,1,1,1,1,1
1m5wD,1m5w,D,lacuna,test,242,13,11,1,1,1,0.37,,0.045454545454545456,1,1,1,1,1
1macB,1mac,B,fpocket,train,212,7,5,1,3,1,0.261,,0.02358490566037736,0,1,1,1,1
1macB,1mac,B,p2rank,train,212,7,6,0,,0,0.231,,0.02830188679245283,0,0,0,0,0
1macB,1mac,B,ifsitepred,train,212,7,13,1,2,1,0.667,,0.06132075471698113,0,1,1,1,1
1macB,1mac,B,lacuna,train,212,7,8,1,2,1,0.353,,0.03773584905660377,0,1,1,1,1
1mhnA,1mhn,A,fpocket,train,59,7,4,0,,0,0.0,,0.06779661016949153,0,0,0,0,0
1mhnA,1mhn,A,p2rank,train,59,7,0,0,,0,0.0,,0.0,0,0,0,0,0
1mhnA,1mhn,A,ifsitepred,train,59,7,1,1,1,1,0.375,,0.01694915254237288,1,1,1,1,1
1mhnA,1mhn,A,lacuna,train,59,7,2,0,,0,0.091,,0.03389830508474576,0,0,0,0,0
1ms4B,1ms4,B,fpocket,train,623,3,34,0,,0,0.083,,0.05457463884430177,0,0,0,0,0
1ms4B,1ms4,B,p2rank,train,623,3,11,0,,0,0.065,,0.01765650080256822,0,0,0,0,0
1ms4B,1ms4,B,ifsitepred,train,623,3,17,1,5,3,0.5,,0.027287319422150885,0,0,1,1,1
1ms4B,1ms4,B,lacuna,train,623,3,48,0,,0,0.143,,0.07704654895666131,0,0,0,0,0
1mufA,1muf,A,fpocket,train,257,15,22,1,8,2,0.381,,0.08560311284046693,0,0,0,1,1
1mufA,1muf,A,p2rank,train,257,15,8,1,1,1,0.36,,0.0311284046692607,1,1,1,1,1
1mufA,1muf,A,ifsitepred,train,257,15,11,0,,0,0.0,,0.042801556420233464,0,0,0,0,0
1mufA,1muf,A,lacuna,train,257,15,18,1,1,1,0.524,,0.07003891050583658,1,1,1,1,1
1mwkA,1mwk,A,fpocket,train,320,21,17,1,1,2,0.364,,0.053125,1,1,1,1,1
1mwkA,1mwk,A,p2rank,train,320,21,5,1,1,1,0.333,,0.015625,1,1,1,1,1
1mwkA,1mwk,A,ifsitepred,train,320,21,34,0,,0,0.238,,0.10625,0,0,0,0,0
1mwkA,1mwk,A,lacuna,train,320,21,23,1,2,2,0.462,,0.071875,0,1,1,1,1
1mwrA,1mwr,A,fpocket,train,624,18,45,1,4,2,0.333,,0.07211538461538461,0,0,1,1,1
1mwrA,1mwr,A,p2rank,train,624,18,17,1,5,2,0.333,,0.027243589743589744,0,0,1,1,1
1mwrA,1mwr,A,ifsitepred,train,624,18,34,1,5,3,0.389,,0.05448717948717949,0,0,1,1,1
1mwrA,1mwr,A,lacuna,train,624,18,54,1,1,1,0.296,,0.08653846153846154,1,1,1,1,1
1n05A,1n05,A,fpocket,train,142,19,7,0,,0,0.185,,0.04929577464788732,0,0,0,0,0
1n05A,1n05,A,p2rank,train,142,19,5,0,,0,0.222,,0.035211267605633804,0,0,0,0,0
1n05A,1n05,A,ifsitepred,train,142,19,29,1,9,1,0.25,,0.20422535211267606,0,0,0,1,1
1n05A,1n05,A,lacuna,train,142,19,11,1,5,2,0.556,,0.07746478873239436,0,0,1,1,1
1nawB,1naw,B,fpocket,train,419,25,22,0,,0,0.207,,0.05250596658711217,0,0,0,0,0
1nawB,1naw,B,p2rank,train,419,25,9,1,3,1,0.296,,0.021479713603818614,0,1,1,1,1
1nawB,1naw,B,ifsitepred,train,419,25,42,0,,0,0.222,,0.10023866348448687,0,0,0,0,0
1nawB,1naw,B,lacuna,train,419,25,32,1,4,1,0.257,,0.07637231503579953,0,0,1,1,1
1nbfB,1nbf,B,fpocket,train,347,24,28,1,1,1,0.5,,0.08069164265129683,1,1,1,1,1
1nbfB,1nbf,B,p2rank,train,347,24,12,1,1,1,0.464,,0.0345821325648415,1,1,1,1,1
1nbfB,1nbf,B,ifsitepred,train,347,24,29,1,1,2,0.417,,0.08357348703170028,1,1,1,1,1
1nbfB,1nbf,B,lacuna,train,347,24,24,1,1,2,0.474,,0.069164265129683,1,1,1,1,1
1nd7A,1nd7,A,fpocket,test,374,4,20,1,2,2,0.3,,0.053475935828877004,0,1,1,1,1
1nd7A,1nd7,A,p2rank,test,374,4,11,0,,0,0.0,,0.029411764705882353,0,0,0,0,0
1nd7A,1nd7,A,ifsitepred,test,374,4,13,0,,0,0.0,,0.034759358288770054,0,0,0,0,0
1nd7A,1nd7,A,lacuna,test,374,4,34,0,,0,0.174,,0.09090909090909091,0,0,0,0,0
1nkoA,1nko,A,fpocket,train,122,7,6,0,,0,0.077,,0.04918032786885246,0,0,0,0,0
1nkoA,1nko,A,p2rank,train,122,7,4,1,3,1,0.444,,0.03278688524590164,0,1,1,1,1
1nkoA,1nko,A,ifsitepred,train,122,7,5,1,3,3,0.5,,0.040983606557377046,0,1,1,1,1
1nkoA,1nko,A,lacuna,train,122,7,4,0,,0,0.048,,0.03278688524590164,0,0,0,0,0
1nn6A,1nn6,A,fpocket,train,222,14,17,1,1,1,0.385,,0.07657657657657657,1,1,1,1,1
1nn6A,1nn6,A,p2rank,train,222,14,6,1,1,1,0.526,,0.02702702702702703,1,1,1,1,1
1nn6A,1nn6,A,ifsitepred,train,222,14,21,1,1,4,0.375,,0.0945945945945946,1,1,1,1,1
1nn6A,1nn6,A,lacuna,train,222,14,15,1,1,2,0.37,,0.06756756756756757,1,1,1,1,1
1nulB,1nul,B,fpocket,train,136,7,6,0,,0,0.143,,0.04411764705882353,0,0,0,0,0
1nulB,1nul,B,p2rank,train,136,7,1,0,,0,0.077,,0.007352941176470588,0,0,0,0,0
1nulB,1nul,B,ifsitepred,train,136,7,23,1,6,4,0.375,,0.16911764705882354,0,0,0,1,1
1nulB,1nul,B,lacuna,train,136,7,6,0,,0,0.081,,0.04411764705882353,0,0,0,0,0
1nwhB,1nwh,B,fpocket,train,355,23,21,1,15,1,0.28,,0.059154929577464786,0,0,0,0,1
1nwhB,1nwh,B,p2rank,train,355,23,4,1,1,2,0.343,,0.011267605633802818,1,1,1,1,1
1nwhB,1nwh,B,ifsitepred,train,355,23,39,1,1,1,0.28,,0.10985915492957747,1,1,1,1,1
1nwhB,1nwh,B,lacuna,train,355,23,22,1,2,3,0.321,,0.061971830985915494,0,1,1,1,1
1nzoA,1nzo,A,fpocket,train,352,10,28,1,6,1,0.5,,0.07954545454545454,0,0,0,1,1
1nzoA,1nzo,A,p2rank,train,352,10,5,1,1,1,0.308,,0.014204545454545454,1,1,1,1,1
1nzoA,1nzo,A,ifsitepred,train,352,10,19,1,1,5,0.455,,0.05397727272727273,1,1,1,1,1
1nzoA,1nzo,A,lacuna,train,352,10,24,1,1,1,0.421,,0.06818181818181818,1,1,1,1,1
1o73A,1o73,A,fpocket,train,144,5,7,1,6,1,0.3,,0.04861111111111111,0,0,0,1,1
1o73A,1o73,A,p2rank,train,144,5,3,0,,0,0.0,,0.020833333333333332,0,0,0,0,0
1o73A,1o73,A,ifsitepred,train,144,5,20,1,1,3,0.6,,0.1388888888888889,1,1,1,1,1
1o73A,1o73,A,lacuna,train,144,5,6,0,,0,0.188,,0.041666666666666664,0,0,0,0,0
1of3B,1of3,B,fpocket,train,174,7,8,1,6,1,0.625,,0.04597701149425287,0,0,0,1,1
1of3B,1of3,B,p2rank,train,174,7,4,1,1,1,0.5,,0.022988505747126436,1,1,1,1,1
1of3B,1of3,B,ifsitepred,train,174,7,10,1,1,5,0.714,,0.05747126436781609,1,1,1,1,1
1of3B,1of3,B,lacuna,train,174,7,4,0,,0,0.07,,0.022988505747126436,0,0,0,0,0
1oibB,1oib,B,fpocket,train,321,14,21,1,1,1,0.4,,0.06542056074766354,1,1,1,1,1
1oibB,1oib,B,p2rank,train,321,14,6,1,2,1,0.333,,0.018691588785046728,0,1,1,1,1
1oibB,1oib,B,ifsitepred,train,321,14,27,1,3,1,0.312,,0.08411214953271028,0,1,1,1,1
1oibB,1oib,B,lacuna,train,321,14,21,1,3,1,0.308,,0.06542056074766354,0,1,1,1,1
1omxA,1omx,A,fpocket,train,250,19,18,1,5,3,0.381,,0.072,0,0,1,1,1
1omxA,1omx,A,p2rank,train,250,19,5,1,1,1,0.481,,0.02,1,1,1,1,1
1omxA,1omx,A,ifsitepred,train,250,19,18,1,2,3,0.3,,0.072,0,1,1,1,1
1omxA,1omx,A,lacuna,train,250,19,18,1,1,2,0.5,,0.072,1,1,1,1,1
1os2B,1os2,B,fpocket,train,165,11,13,1,5,1,0.5,,0.07878787878787878,0,0,1,1,1
1os2B,1os2,B,p2rank,train,165,11,4,0,,0,0.042,,0.024242424242424242,0,0,0,0,0
1os2B,1os2,B,ifsitepred,train,165,11,12,0,,0,0.133,,0.07272727272727272,0,0,0,0,0
1os2B,1os2,B,lacuna,train,165,11,8,0,,0,0.226,,0.048484848484848485,0,0,0,0,0
1p4oB,1p4o,B,fpocket,test,314,17,25,1,2,1,0.407,,0.07961783439490445,0,1,1,1,1
1p4oB,1p4o,B,p2rank,test,314,17,11,1,2,1,0.52,,0.03503184713375796,0,1,1,1,1
1p4oB,1p4o,B,ifsitepred,test,314,17,32,1,2,3,0.333,,0.10191082802547771,0,1,1,1,1
1p4oB,1p4o,B,lacuna,test,314,17,32,1,1,2,0.438,,0.10191082802547771,1,1,1,1,1
1p4vA,1p4v,A,fpocket,test,295,16,15,1,6,1,0.688,,0.05084745762711865,0,0,0,1,1
1p4vA,1p4v,A,p2rank,test,295,16,7,1,1,1,0.667,,0.023728813559322035,1,1,1,1,1
1p4vA,1p4v,A,ifsitepred,test,295,16,14,1,2,4,0.562,,0.04745762711864407,0,1,1,1,1
1p4vA,1p4v,A,lacuna,test,295,16,11,1,1,1,0.432,,0.03728813559322034,1,1,1,1,1
1p74A,1p74,A,fpocket,train,267,14,15,1,7,1,0.286,,0.056179775280898875,0,0,0,1,1
1p74A,1p74,A,p2rank,train,267,14,7,1,6,2,0.5,,0.026217228464419477,0,0,0,1,1
1p74A,1p74,A,ifsitepred,train,267,14,40,1,3,8,0.533,,0.149812734082397,0,1,1,1,1
1p74A,1p74,A,lacuna,train,267,14,24,1,8,1,0.304,,0.0898876404494382,0,0,0,1,1
1p9oA,1p9o,A,fpocket,test,269,16,20,1,1,1,0.314,,0.07434944237918216,1,1,1,1,1
1p9oA,1p9o,A,p2rank,test,269,16,5,1,2,1,0.4,,0.01858736059479554,0,1,1,1,1
1p9oA,1p9o,A,ifsitepred,test,269,16,24,1,4,2,0.438,,0.08921933085501858,0,0,1,1,1
1p9oA,1p9o,A,lacuna,test,269,16,18,1,1,3,0.452,,0.06691449814126393,1,1,1,1,1
1pfzC,1pfz,C,fpocket,train,356,32,24,1,1,2,0.459,,0.06741573033707865,1,1,1,1,1
1pfzC,1pfz,C,p2rank,train,356,32,9,1,1,1,0.565,,0.025280898876404494,1,1,1,1,1
1pfzC,1pfz,C,ifsitepred,train,356,32,25,1,1,1,0.286,,0.0702247191011236,1,1,1,1,1
1pfzC,1pfz,C,lacuna,train,356,32,36,1,1,3,0.471,,0.10112359550561797,1,1,1,1,1
1pt7A,1pt7,A,fpocket,train,415,12,25,1,13,1,0.343,,0.060240963855421686,0,0,0,0,1
1pt7A,1pt7,A,p2rank,train,415,12,12,1,2,1,0.571,,0.02891566265060241,0,1,1,1,1
1pt7A,1pt7,A,ifsitepred,train,415,12,60,1,1,3,0.75,,0.14457831325301204,1,1,1,1,1
1pt7A,1pt7,A,lacuna,train,415,12,28,1,2,1,0.522,,0.06746987951807229,0,1,1,1,1
1ptaA,1pta,A,fpocket,train,318,10,24,1,3,1,0.4,,0.07547169811320754,0,1,1,1,1
1ptaA,1pta,A,p2rank,train,318,10,10,1,3,1,0.4,,0.031446540880503145,0,1,1,1,1
1ptaA,1pta,A,ifsitepred,train,318,10,26,1,4,2,0.417,,0.08176100628930817,0,0,1,1,1
1ptaA,1pta,A,lacuna,train,318,10,29,1,2,1,0.269,,0.09119496855345911,0,1,1,1,1
1pu5C,1pu5,C,fpocket,test,161,11,16,1,10,1,0.267,,0.09937888198757763,0,0,0,1,1
1pu5C,1pu5,C,p2rank,test,161,11,5,1,2,1,0.286,,0.031055900621118012,0,1,1,1,1
1pu5C,1pu5,C,ifsitepred,test,161,11,39,0,,0,0.214,,0.2422360248447205,0,0,0,0,0
1pu5C,1pu5,C,lacuna,test,161,11,10,1,5,1,0.316,,0.062111801242236024,0,0,1,1,1
1px5B,1px5,B,fpocket,train,341,15,27,1,7,2,0.286,,0.07917888563049853,0,0,0,1,1
1px5B,1px5,B,p2rank,train,341,15,6,1,2,1,0.333,,0.017595307917888565,0,1,1,1,1
1px5B,1px5,B,ifsitepred,train,341,15,23,1,3,3,0.312,,0.06744868035190615,0,1,1,1,1
1px5B,1px5,B,lacuna,train,341,15,23,1,1,1,0.45,,0.06744868035190615,1,1,1,1,1
1py3C,1py3,C,fpocket,train,92,12,9,1,3,2,0.462,,0.09782608695652174,0,1,1,1,1
1py3C,1py3,C,p2rank,train,92,12,3,1,1,1,0.769,,0.03260869565217391,1,1,1,1,1
1py3C,1py3,C,ifsitepred,train,92,12,8,1,2,6,0.417,,0.08695652173913043,0,1,1,1,1
1py3C,1py3,C,lacuna,train,92,12,4,1,1,2,0.333,,0.043478260869565216,1,1,1,1,1
1q4kA,1q4k,A,fpocket,test,222,2,14,0,,0,0.1,,0.06306306306306306,0,0,0,0,0
1q4kA,1q4k,A,p2rank,test,222,2,7,0,,0,0.071,,0.03153153153153153,0,0,0,0,0
1q4kA,1q4k,A,ifsitepred,test,222,2,0,0,,0,0.0,,0.0,0,0,0,0,0
1q4kA,1q4k,A,lacuna,test,222,2,19,0,,0,0.0,,0.08558558558558559,0,0,0,0,0
1qrzC,1qrz,C,fpocket,train,246,22,12,1,4,1,0.348,,0.04878048780487805,0,0,1,1,1
1qrzC,1qrz,C,p2rank,train,246,22,5,0,,0,0.217,,0.02032520325203252,0,0,0,0,0
1qrzC,1qrz,C,ifsitepred,train,246,22,30,1,13,1,0.318,,0.12195121951219512,0,0,0,0,1
1qrzC,1qrz,C,lacuna,train,246,22,17,1,2,1,0.288,,0.06910569105691057,0,1,1,1,1
1r8jA,1r8j,A,fpocket,train,272,10,24,1,8,1,0.8,,0.08823529411764706,0,0,0,1,1
1r8jA,1r8j,A,p2rank,train,272,10,3,0,,0,0.0,,0.011029411764705883,0,0,0,0,0
1r8jA,1r8j,A,ifsitepred,train,272,10,3,0,,0,0.071,,0.011029411764705883,0,0,0,0,0
1r8jA,1r8j,A,lacuna,train,272,10,23,0,,0,0.211,,0.08455882352941177,0,0,0,0,0
1rf5D,1rf5,D,fpocket,train,427,16,21,0,,0,0.235,,0.04918032786885246,0,0,0,0,0
1rf5D,1rf5,D,p2rank,train,427,16,5,1,1,1,0.25,,0.0117096018735363,1,1,1,1,1
1rf5D,1rf5,D,ifsitepred,train,427,16,40,1,12,2,0.25,,0.0936768149882904,0,0,0,0,1
1rf5D,1rf5,D,lacuna,train,427,16,50,1,1,4,0.44,,0.117096018735363,1,1,1,1,1
1rjbA,1rjb,A,fpocket,test,298,16,17,1,1,2,0.5,,0.05704697986577181,1,1,1,1,1
1rjbA,1rjb,A,p2rank,test,298,16,10,1,2,2,0.389,,0.03355704697986577,0,1,1,1,1
1rjbA,1rjb,A,ifsitepred,test,298,16,40,1,3,5,0.438,,0.1342281879194631,0,1,1,1,1
1rjbA,1rjb,A,lacuna,test,298,16,25,1,1,2,0.556,,0.08389261744966443,1,1,1,1,1
1rkmA,1rkm,A,fpocket,train,517,11,32,1,27,2,0.538,,0.061895551257253385,0,0,0,0,0
1rkmA,1rkm,A,p2rank,train,517,11,15,0,,0,0.22,,0.029013539651837523,0,0,0,0,0
1rkmA,1rkm,A,ifsitepred,train,517,11,33,1,8,5,0.5,,0.06382978723404255,0,0,0,1,1
1rkmA,1rkm,A,lacuna,train,517,11,51,1,1,3,0.412,,0.09864603481624758,1,1,1,1,1
1rq2B,1rq2,B,fpocket,train,293,21,22,1,16,1,0.293,,0.07508532423208192,0,0,0,0,1
1rq2B,1rq2,B,p2rank,train,293,21,5,1,1,1,0.353,,0.017064846416382253,1,1,1,1,1
1rq2B,1rq2,B,ifsitepred,train,293,21,18,1,1,1,0.28,,0.06143344709897611,1,1,1,1,1
1rq2B,1rq2,B,lacuna,train,293,21,21,1,1,4,0.367,,0.07167235494880546,1,1,1,1,1
1rtcA,1rtc,A,fpocket,test,268,6,19,1,13,1,0.3,,0.0708955223880597,0,0,0,0,1
1rtcA,1rtc,A,p2rank,test,268,6,5,0,,0,0.0,,0.018656716417910446,0,0,0,0,0
1rtcA,1rtc,A,ifsitepred,test,268,6,16,0,,0,0.083,,0.05970149253731343,0,0,0,0,0
1rtcA,1rtc,A,lacuna,test,268,6,16,0,,0,0.15,,0.05970149253731343,0,0,0,0,0
1rxdC,1rxd,C,fpocket,train,150,7,11,1,6,1,0.25,,0.07333333333333333,0,0,0,1,1
1rxdC,1rxd,C,p2rank,train,150,7,2,0,,0,0.154,,0.013333333333333334,0,0,0,0,0
1rxdC,1rxd,C,ifsitepred,train,150,7,11,0,,0,0.0,,0.07333333333333333,0,0,0,0,0
1rxdC,1rxd,C,lacuna,train,150,7,10,0,,0,0.185,,0.06666666666666667,0,0,0,0,0
1s2lC,1s2l,C,fpocket,train,153,6,15,1,8,2,0.556,,0.09803921568627451,0,0,0,1,1
1s2lC,1s2l,C,p2rank,train,153,6,5,1,1,2,0.312,,0.032679738562091505,1,1,1,1,1
1s2lC,1s2l,C,ifsitepred,train,153,6,35,1,5,4,0.667,,0.22875816993464052,0,0,1,1,1
1s2lC,1s2l,C,lacuna,train,153,6,10,1,1,2,0.312,,0.06535947712418301,1,1,1,1,1
1s8cC,1s8c,C,fpocket,train,214,16,10,1,2,1,0.32,,0.04672897196261682,0,1,1,1,1
1s8cC,1s8c,C,p2rank,train,214,16,3,1,1,1,0.297,,0.014018691588785047,1,1,1,1,1
1s8cC,1s8c,C,ifsitepred,train,214,16,18,1,1,2,0.333,,0.08411214953271028,1,1,1,1,1
1s8cC,1s8c,C,lacuna,train,214,16,22,1,2,2,0.294,,0.102803738317757,0,1,1,1,1
1se8A,1se8,A,fpocket,test,213,3,19,0,,0,0.118,,0.0892018779342723,0,0,0,0,0
1se8A,1se8,A,p2rank,test,213,3,3,0,,0,0.0,,0.014084507042253521,0,0,0,0,0
1se8A,1se8,A,ifsitepred,test,213,3,13,1,7,1,0.333,,0.06103286384976526,0,0,0,1,1
1se8A,1se8,A,lacuna,test,213,3,25,1,13,1,0.25,,0.11737089201877934,0,0,0,0,1
1sh0A,1sh0,A,fpocket,train,502,15,34,1,11,1,0.286,,0.06772908366533864,0,0,0,0,1
1sh0A,1sh0,A,p2rank,train,502,15,17,1,2,1,0.333,,0.03386454183266932,0,1,1,1,1
1sh0A,1sh0,A,ifsitepred,train,502,15,35,1,5,2,0.333,,0.0697211155378486,0,0,1,1,1
1sh0A,1sh0,A,lacuna,train,502,15,58,1,1,2,0.375,,0.11553784860557768,1,1,1,1,1
1sjsA,1sjs,A,fpocket,train,415,8,24,0,,0,0.214,,0.05783132530120482,0,0,0,0,0
1sjsA,1sjs,A,p2rank,train,415,8,6,1,2,1,0.348,,0.014457831325301205,0,1,1,1,1
1sjsA,1sjs,A,ifsitepred,train,415,8,50,1,2,3,0.375,,0.12048192771084337,0,1,1,1,1
1sjsA,1sjs,A,lacuna,train,415,8,26,1,1,1,0.412,,0.06265060240963856,1,1,1,1,1
1sndB,1snd,B,fpocket,train,129,13,9,1,3,1,0.278,,0.06976744186046512,0,1,1,1,1
1sndB,1snd,B,p2rank,train,129,13,1,0,,0,0.217,,0.007751937984496124,0,0,0,0,0
1sndB,1snd,B,ifsitepred,train,129,13,38,1,2,1,0.333,,0.29457364341085274,0,1,1,1,1
1sndB,1snd,B,lacuna,train,129,13,7,0,,0,0.24,,0.05426356589147287,0,0,0,0,0
1sulA,1sul,A,fpocket,train,186,15,13,1,1,1,0.55,,0.06989247311827956,1,1,1,1,1
1sulA,1sul,A,p2rank,train,186,15,4,1,2,1,0.533,,0.021505376344086023,0,1,1,1,1
1sulA,1sul,A,ifsitepred,train,186,15,36,1,1,5,0.333,,0.1935483870967742,1,1,1,1,1
1sulA,1sul,A,lacuna,train,186,15,12,1,1,2,0.481,,0.06451612903225806,1,1,1,1,1
1t8tA,1t8t,A,fpocket,train,268,3,15,0,,0,0.054,,0.055970149253731345,0,0,0,0,0
1t8tA,1t8t,A,p2rank,train,268,3,6,0,,0,0.03,,0.022388059701492536,0,0,0,0,0
1t8tA,1t8t,A,ifsitepred,train,268,3,29,0,,0,0.2,,0.10820895522388059,0,0,0,0,0
1t8tA,1t8t,A,lacuna,train,268,3,18,0,,0,0.118,,0.06716417910447761,0,0,0,0,0
1t9rA,1t9r,A,fpocket,train,301,16,21,1,1,1,0.278,,0.06976744186046512,1,1,1,1,1
1t9rA,1t9r,A,p2rank,train,301,16,8,1,1,1,0.364,,0.026578073089700997,1,1,1,1,1
1t9rA,1t9r,A,ifsitepred,train,301,16,12,1,1,1,0.345,,0.03986710963455149,1,1,1,1,1
1t9rA,1t9r,A,lacuna,train,301,16,25,1,3,1,0.414,,0.08305647840531562,0,1,1,1,1
1thvA,1thv,A,fpocket,train,207,5,10,1,5,1,0.833,,0.04830917874396135,0,0,1,1,1
1thvA,1thv,A,p2rank,train,207,5,4,1,4,1,0.286,,0.01932367149758454,0,0,1,1,1
1thvA,1thv,A,ifsitepred,train,207,5,19,1,1,5,0.571,,0.09178743961352658,1,1,1,1,1
1thvA,1thv,A,lacuna,train,207,5,8,0,,0,0.235,,0.03864734299516908,0,0,0,0,0
1tplB,1tpl,B,fpocket,train,426,3,22,0,,0,0.083,,0.051643192488262914,0,0,0,0,0
1tplB,1tpl,B,p2rank,train,426,3,12,0,,0,0.0,,0.028169014084507043,0,0,0,0,0
1tplB,1tpl,B,ifsitepred,train,426,3,23,0,,0,0.0,,0.0539906103286385,0,0,0,0,0
1tplB,1tpl,B,lacuna,train,426,3,33,0,,0,0.087,,0.07746478873239436,0,0,0,0,0
1tqdA,1tqd,A,fpocket,train,385,20,31,1,16,1,0.35,,0.08051948051948052,0,0,0,0,1
1tqdA,1tqd,A,p2rank,train,385,20,11,1,6,1,0.318,,0.02857142857142857,0,0,0,1,1
1tqdA,1tqd,A,ifsitepred,train,385,20,29,1,3,2,0.35,,0.07532467532467532,0,1,1,1,1
1tqdA,1tqd,A,lacuna,train,385,20,38,1,1,2,0.519,,0.0987012987012987,1,1,1,1,1
1tqnA,1tqn,A,fpocket,train,468,7,33,0,,0,0.095,,0.07051282051282051,0,0,0,0,0
1tqnA,1tqn,A,p2rank,train,468,7,16,0,,0,0.231,,0.03418803418803419,0,0,0,0,0
1tqnA,1tqn,A,ifsitepred,train,468,7,48,1,3,4,0.545,,0.10256410256410256,0,1,1,1,1
1tqnA,1tqn,A,lacuna,train,468,7,49,1,2,2,0.294,,0.1047008547008547,0,1,1,1,1
1u4pA,1u4p,A,fpocket,train,67,6,3,0,,0,0.071,,0.04477611940298507,0,0,0,0,0
1u4pA,1u4p,A,p2rank,train,67,6,1,0,,0,0.0,,0.014925373134328358,0,0,0,0,0
1u4pA,1u4p,A,ifsitepred,train,67,6,16,1,3,5,0.5,,0.23880597014925373,0,1,1,1,1
1u4pA,1u4p,A,lacuna,train,67,6,3,1,2,1,0.364,,0.04477611940298507,0,1,1,1,1
1uiuA,1uiu,A,fpocket,train,496,10,30,0,,0,0.125,,0.06048387096774194,0,0,0,0,0
1uiuA,1uiu,A,p2rank,train,496,10,10,1,1,1,0.25,,0.020161290322580645,1,1,1,1,1
1uiuA,1uiu,A,ifsitepred,train,496,10,38,1,1,4,0.5,,0.07661290322580645,1,1,1,1,1
1uiuA,1uiu,A,lacuna,train,496,10,40,1,2,3,0.364,,0.08064516129032258,0,1,1,1,1
1ukaA,1uka,A,fpocket,test,271,6,20,0,,0,0.16,,0.07380073800738007,0,0,0,0,0
1ukaA,1uka,A,p2rank,test,271,6,3,0,,0,0.16,,0.01107011070110701,0,0,0,0,0
1ukaA,1uka,A,ifsitepred,test,271,6,11,1,4,4,0.5,,0.04059040590405904,0,0,1,1,1
1ukaA,1uka,A,lacuna,test,271,6,18,0,,0,0.207,,0.06642066420664207,0,0,0,0,0
1un1B,1un1,B,fpocket,train,264,4,18,1,6,1,0.25,,0.06818181818181818,0,0,0,1,1
1un1B,1un1,B,p2rank,train,264,4,6,0,,0,0.111,,0.022727272727272728,0,0,0,0,0
1un1B,1un1,B,ifsitepred,train,264,4,17,1,7,2,0.6,,0.06439393939393939,0,0,0,1,1
1un1B,1un1,B,lacuna,train,264,4,12,0,,0,0.059,,0.045454545454545456,0,0,0,0,0
1urpC,1urp,C,fpocket,train,271,16,14,1,11,1,0.28,,0.05166051660516605,0,0,0,0,1
1urpC,1urp,C,p2rank,train,271,16,4,1,1,1,0.4,,0.014760147601476014,1,1,1,1,1
1urpC,1urp,C,ifsitepred,train,271,16,24,1,3,3,0.375,,0.08856088560885608,0,1,1,1,1
1urpC,1urp,C,lacuna,train,271,16,10,1,1,2,0.591,,0.03690036900369004,1,1,1,1,1
1uteA,1ute,A,fpocket,test,302,2,17,0,,0,0.167,,0.056291390728476824,0,0,0,0,0
1uteA,1ute,A,p2rank,test,302,2,6,0,,0,0.2,,0.019867549668874173,0,0,0,0,0
1uteA,1ute,A,ifsitepred,test,302,2,13,0,,0,0.0,,0.04304635761589404,0,0,0,0,0
1uteA,1ute,A,lacuna,test,302,2,22,0,,0,0.08,,0.0728476821192053,0,0,0,0,0
1vjuB,1vju,B,fpocket,train,295,10,21,1,20,1,0.385,,0.0711864406779661,0,0,0,0,1
1vjuB,1vju,B,p2rank,train,295,10,8,0,,0,0.214,,0.02711864406779661,0,0,0,0,0
1vjuB,1vju,B,ifsitepred,train,295,10,34,1,11,4,0.5,,0.1152542372881356,0,0,0,0,1
1vjuB,1vju,B,lacuna,train,295,10,27,1,3,2,0.357,,0.09152542372881356,0,1,1,1,1
1vk4A,1vk4,A,fpocket,train,283,9,15,1,5,1,0.308,,0.053003533568904596,0,0,1,1,1
1vk4A,1vk4,A,p2rank,train,283,9,1,0,,0,0.242,,0.0035335689045936395,0,0,0,0,0
1vk4A,1vk4,A,ifsitepred,train,283,9,22,1,3,6,0.667,,0.07773851590106007,0,1,1,1,1
1vk4A,1vk4,A,lacuna,train,283,9,22,1,1,2,0.318,,0.07773851590106007,1,1,1,1,1
1vr2A,1vr2,A,fpocket,train,275,17,20,1,13,2,0.308,,0.07272727272727272,0,0,0,0,1
1vr2A,1vr2,A,p2rank,train,275,17,8,1,1,1,0.296,,0.02909090909090909,1,1,1,1,1
1vr2A,1vr2,A,ifsitepred,train,275,17,30,1,2,2,0.316,,0.10909090909090909,0,1,1,1,1
1vr2A,1vr2,A,lacuna,train,275,17,19,1,1,4,0.323,,0.06909090909090909,1,1,1,1,1
1vsnA,1vsn,A,fpocket,test,215,5,10,1,8,1,0.429,,0.046511627906976744,0,0,0,1,1
1vsnA,1vsn,A,p2rank,test,215,5,4,0,,0,0.0,,0.018604651162790697,0,0,0,0,0
1vsnA,1vsn,A,ifsitepred,test,215,5,11,0,,0,0.0,,0.05116279069767442,0,0,0,0,0
1vsnA,1vsn,A,lacuna,test,215,5,10,0,,0,0.105,,0.046511627906976744,0,0,0,0,0
1wamA,1wam,A,fpocket,train,377,10,21,1,20,1,0.4,,0.05570291777188329,0,0,0,0,1
1wamA,1wam,A,p2rank,train,377,10,7,0,,0,0.13,,0.01856763925729443,0,0,0,0,0
1wamA,1wam,A,ifsitepred,train,377,10,37,1,4,3,0.417,,0.09814323607427056,0,0,1,1,1
1wamA,1wam,A,lacuna,train,377,10,26,0,,0,0.238,,0.06896551724137931,0,0,0,0,0
1wjgA,1wjg,A,fpocket,train,135,24,12,1,1,2,0.72,,0.08888888888888889,1,1,1,1,1
1wjgA,1wjg,A,p2rank,train,135,24,1,1,1,1,0.577,,0.007407407407407408,1,1,1,1,1
1wjgA,1wjg,A,ifsitepred,train,135,24,34,1,1,4,0.48,,0.2518518518518518,1,1,1,1,1
1wjgA,1wjg,A,lacuna,train,135,24,5,1,1,3,0.575,,0.037037037037037035,1,1,1,1,1
1wxeA,1wxe,A,fpocket,train,258,14,15,1,8,1,0.429,,0.05813953488372093,0,0,0,1,1
1wxeA,1wxe,A,p2rank,train,258,14,6,1,2,1,0.6,,0.023255813953488372,0,1,1,1,1
1wxeA,1wxe,A,ifsitepred,train,258,14,28,1,5,2,0.267,,0.10852713178294573,0,0,1,1,1
1wxeA,1wxe,A,lacuna,train,258,14,23,1,1,1,0.667,,0.08914728682170543,1,1,1,1,1
1wycA,1wyc,A,fpocket,train,384,8,22,1,1,1,0.263,,0.057291666666666664,1,1,1,1,1
1wycA,1wyc,A,p2rank,train,384,8,9,0,,0,0.238,,0.0234375,0,0,0,0,0
1wycA,1wyc,A,ifsitepred,train,384,8,26,1,1,2,0.455,,0.06770833333333333,1,1,1,1,1
1wycA,1wyc,A,lacuna,train,384,8,34,0,,0,0.231,,0.08854166666666667,0,0,0,0,0
1x0mA,1x0m,A,fpocket,train,403,10,29,1,7,2,0.267,,0.07196029776674938,0,0,0,1,1
1x0mA,1x0m,A,p2rank,train,403,10,6,0,,0,0.176,,0.01488833746898263,0,0,0,0,0
1x0mA,1x0m,A,ifsitepred,train,403,10,15,1,1,1,0.25,,0.03722084367245657,1,1,1,1,1
1x0mA,1x0m,A,lacuna,train,403,10,37,1,5,2,0.4,,0.09181141439205956,0,0,1,1,1
1x2gC,1x2g,C,fpocket,test,337,15,24,1,20,1,0.355,,0.0712166172106825,0,0,0,0,1
1x2gC,1x2g,C,p2rank,test,337,15,12,1,1,1,0.333,,0.03560830860534125,1,1,1,1,1
1x2gC,1x2g,C,ifsitepred,test,337,15,41,1,1,3,0.333,,0.12166172106824925,1,1,1,1,1
1x2gC,1x2g,C,lacuna,test,337,15,29,1,1,3,0.355,,0.08605341246290801,1,1,1,1,1
1xgdA,1xgd,A,fpocket,test,315,19,21,0,,0,0.241,,0.06666666666666667,0,0,0,0,0
1xgdA,1xgd,A,p2rank,test,315,19,7,1,1,1,0.333,,0.022222222222222223,1,1,1,1,1
1xgdA,1xgd,A,ifsitepred,test,315,19,24,1,1,1,0.25,,0.0761904761904762,1,1,1,1,1
1xgdA,1xgd,A,lacuna,test,315,19,24,1,1,1,0.333,,0.0761904761904762,1,1,1,1,1
1xhxB,1xhx,B,fpocket,train,571,15,45,1,4,1,0.5,,0.07880910683012259,0,0,1,1,1
1xhxB,1xhx,B,p2rank,train,571,15,18,1,5,1,0.286,,0.03152364273204904,0,0,1,1,1
1xhxB,1xhx,B,ifsitepred,train,571,15,35,1,7,1,0.267,,0.06129597197898424,0,0,0,1,1
1xhxB,1xhx,B,lacuna,train,571,15,61,1,3,1,0.28,,0.10683012259194395,0,1,1,1,1
1xjfA,1xjf,A,fpocket,test,619,15,31,1,1,1,0.565,,0.050080775444264945,1,1,1,1,1
1xjfA,1xjf,A,p2rank,test,619,15,13,1,2,1,0.538,,0.0210016155088853,0,1,1,1,1
1xjfA,1xjf,A,ifsitepred,test,619,15,26,1,2,5,0.471,,0.0420032310177706,0,1,1,1,1
1xjfA,1xjf,A,lacuna,test,619,15,47,1,4,1,0.303,,0.07592891760904685,0,0,1,1,1
1xqvA,1xqv,A,fpocket,test,290,13,17,0,,0,0.185,,0.05862068965517241,0,0,0,0,0
1xqvA,1xqv,A,p2rank,test,290,13,6,0,,0,0.192,,0.020689655172413793,0,0,0,0,0
1xqvA,1xqv,A,ifsitepred,test,290,13,9,1,1,2,0.312,,0.03103448275862069,1,1,1,1,1
1xqvA,1xqv,A,lacuna,test,290,13,23,1,1,3,0.355,,0.07931034482758621,1,1,1,1,1
1xqzA,1xqz,A,fpocket,train,277,19,19,1,5,1,0.483,,0.06859205776173286,0,0,1,1,1
1xqzA,1xqz,A,p2rank,train,277,19,7,1,1,1,0.652,,0.02527075812274368,1,1,1,1,1
1xqzA,1xqz,A,ifsitepred,train,277,19,31,1,1,2,0.5,,0.11191335740072202,1,1,1,1,1
1xqzA,1xqz,A,lacuna,train,277,19,26,1,1,4,0.5,,0.09386281588447654,1,1,1,1,1
1xtcA,1xtc,A,fpocket,test,192,18,9,1,1,1,0.379,,0.046875,1,1,1,1,1
1xtcA,1xtc,A,p2rank,test,192,18,6,1,1,1,0.455,,0.03125,1,1,1,1,1
1xtcA,1xtc,A,ifsitepred,test,192,18,16,1,1,2,0.45,,0.08333333333333333,1,1,1,1,1
1xtcA,1xtc,A,lacuna,test,192,18,12,1,1,2,0.379,,0.0625,1,1,1,1,1
1y6iA,1y6i,A,fpocket,train,233,15,16,1,1,1,0.304,,0.06866952789699571,1,1,1,1,1
1y6iA,1y6i,A,p2rank,train,233,15,7,1,4,1,0.333,,0.030042918454935622,0,0,1,1,1
1y6iA,1y6i,A,ifsitepred,train,233,15,4,0,,0,0.158,,0.017167381974248927,0,0,0,0,0
1y6iA,1y6i,A,lacuna,train,233,15,18,1,2,3,0.333,,0.07725321888412018,0,1,1,1,1
1yhvA,1yhv,A,fpocket,train,293,25,19,0,,0,0.143,,0.06484641638225255,0,0,0,0,0
1yhvA,1yhv,A,p2rank,train,293,25,5,0,,0,0.209,,0.017064846416382253,0,0,0,0,0
1yhvA,1yhv,A,ifsitepred,train,293,25,35,0,,0,0.192,,0.11945392491467577,0,0,0,0,0
1yhvA,1yhv,A,lacuna,train,293,25,26,1,4,3,0.455,,0.08873720136518772,0,0,1,1,1
1yl5B,1yl5,B,fpocket,train,247,26,15,1,2,1,0.367,,0.06072874493927125,0,1,1,1,1
1yl5B,1yl5,B,p2rank,train,247,26,5,1,2,2,0.367,,0.020242914979757085,0,1,1,1,1
1yl5B,1yl5,B,ifsitepred,train,247,26,40,1,4,2,0.308,,0.16194331983805668,0,0,1,1,1
1yl5B,1yl5,B,lacuna,train,247,26,10,1,1,2,0.333,,0.04048582995951417,1,1,1,1,1
1ys0A,1ys0,A,fpocket,train,171,7,14,1,5,1,0.385,,0.08187134502923976,0,0,1,1,1
1ys0A,1ys0,A,p2rank,train,171,7,5,1,4,1,0.333,,0.029239766081871343,0,0,1,1,1
1ys0A,1ys0,A,ifsitepred,train,171,7,21,1,1,8,0.75,,0.12280701754385964,1,1,1,1,1
1ys0A,1ys0,A,lacuna,train,171,7,12,1,3,1,0.304,,0.07017543859649122,0,1,1,1,1
1z7gD,1z7g,D,fpocket,train,202,20,13,1,13,1,0.261,,0.06435643564356436,0,0,0,0,1
1z7gD,1z7g,D,p2rank,train,202,20,2,0,,0,0.0,,0.009900990099009901,0,0,0,0,0
1z7gD,1z7g,D,ifsitepred,train,202,20,19,1,1,2,0.286,,0.09405940594059406,1,1,1,1,1
1z7gD,1z7g,D,lacuna,train,202,20,17,0,,0,0.241,,0.08415841584158416,0,0,0,0,0
1z90B,1z90,B,fpocket,train,455,27,38,1,24,2,0.444,,0.08351648351648351,0,0,0,0,0
1z90B,1z90,B,p2rank,train,455,27,12,1,1,2,0.395,,0.026373626373626374,1,1,1,1,1
1z90B,1z90,B,ifsitepred,train,455,27,30,1,1,2,0.429,,0.06593406593406594,1,1,1,1,1
1z90B,1z90,B,lacuna,train,455,27,33,1,1,2,0.316,,0.07252747252747253,1,1,1,1,1
1zm0A,1zm0,A,fpocket,test,96,10,7,1,5,2,0.636,,0.07291666666666667,0,0,1,1,1
1zm0A,1zm0,A,p2rank,test,96,10,1,1,1,1,0.571,,0.010416666666666666,1,1,1,1,1
1zm0A,1zm0,A,ifsitepred,test,96,10,8,1,1,3,0.5,,0.08333333333333333,1,1,1,1,1
1zm0A,1zm0,A,lacuna,test,96,10,4,1,1,1,0.438,,0.041666666666666664,1,1,1,1,1
2a88A,2a88,A,fpocket,train,276,10,14,1,1,1,0.375,,0.050724637681159424,1,1,1,1,1
2a88A,2a88,A,p2rank,train,276,10,2,1,1,1,0.273,,0.007246376811594203,1,1,1,1,1
2a88A,2a88,A,ifsitepred,train,276,10,35,1,1,3,0.615,,0.12681159420289856,1,1,1,1,1
2a88A,2a88,A,lacuna,train,276,10,17,1,2,2,0.391,,0.06159420289855073,0,1,1,1,1
2airH,2air,H,fpocket,train,153,16,11,1,6,1,0.278,,0.0718954248366013,0,0,0,1,1
2airH,2air,H,p2rank,train,153,16,3,1,2,1,0.5,,0.0196078431372549,0,1,1,1,1
2airH,2air,H,ifsitepred,train,153,16,12,1,1,3,0.375,,0.0784313725490196,1,1,1,1,1
2airH,2air,H,lacuna,train,153,16,13,0,,0,0.161,,0.08496732026143791,0,0,0,0,0
2akrA,2akr,A,fpocket,train,269,4,19,0,,0,0.1,,0.07063197026022305,0,0,0,0,0
2akrA,2akr,A,p2rank,train,269,4,4,0,,0,0.0,,0.01486988847583643,0,0,0,0,0
2akrA,2akr,A,ifsitepred,train,269,4,31,0,,0,0.0,,0.11524163568773234,0,0,0,0,0
2akrA,2akr,A,lacuna,train,269,4,15,0,,0,0.136,,0.055762081784386616,0,0,0,0,0
2b0jA,2b0j,A,fpocket,train,344,7,17,0,,0,0.176,,0.04941860465116279,0,0,0,0,0
2b0jA,2b0j,A,p2rank,train,344,7,4,0,,0,0.182,,0.011627906976744186,0,0,0,0,0
2b0jA,2b0j,A,ifsitepred,train,344,7,49,1,7,5,0.444,,0.14244186046511628,0,0,0,1,1
2b0jA,2b0j,A,lacuna,train,344,7,25,1,4,1,0.294,,0.07267441860465117,0,0,1,1,1
2b23B,2b23,B,fpocket,train,233,27,19,1,1,1,0.613,,0.0815450643776824,1,1,1,1,1
2b23B,2b23,B,p2rank,train,233,27,8,1,1,1,0.514,,0.034334763948497854,1,1,1,1,1
2b23B,2b23,B,ifsitepred,train,233,27,13,1,1,2,0.407,,0.055793991416309016,1,1,1,1,1
2b23B,2b23,B,lacuna,train,233,27,20,1,1,2,0.606,,0.08583690987124463,1,1,1,1,1
2b7cA,2b7c,A,fpocket,train,437,6,29,1,17,1,0.3,,0.06636155606407322,0,0,0,0,1
2b7cA,2b7c,A,p2rank,train,437,6,17,0,,0,0.0,,0.038901601830663615,0,0,0,0,0
2b7cA,2b7c,A,ifsitepred,train,437,6,39,0,,0,0.0,,0.08924485125858124,0,0,0,0,0
2b7cA,2b7c,A,lacuna,train,437,6,41,0,,0,0.04,,0.09382151029748284,0,0,0,0,0
2beiB,2bei,B,fpocket,train,159,27,10,1,10,1,0.706,,0.06289308176100629,0,0,0,1,1
2beiB,2bei,B,p2rank,train,159,27,6,1,1,1,0.533,,0.03773584905660377,1,1,1,1,1
2beiB,2bei,B,ifsitepred,train,159,27,41,1,1,3,0.357,,0.2578616352201258,1,1,1,1,1
2beiB,2bei,B,lacuna,train,159,27,16,1,1,2,0.833,,0.10062893081761007,1,1,1,1,1
2bivB,2biv,B,fpocket,train,211,7,15,1,2,1,0.545,,0.07109004739336493,0,1,1,1,1
2bivB,2biv,B,p2rank,train,211,7,4,1,1,1,0.636,,0.018957345971563982,1,1,1,1,1
2bivB,2biv,B,ifsitepred,train,211,7,13,0,,0,0.091,,0.061611374407582936,0,0,0,0,0
2bivB,2biv,B,lacuna,train,211,7,13,1,1,1,0.292,,0.061611374407582936,1,1,1,1,1
2bvaA,2bva,A,fpocket,train,273,18,26,1,24,1,0.619,,0.09523809523809523,0,0,0,0,0
2bvaA,2bva,A,p2rank,train,273,18,11,1,1,1,0.385,,0.040293040293040296,1,1,1,1,1
2bvaA,2bva,A,ifsitepred,train,273,18,48,1,2,3,0.444,,0.17582417582417584,0,1,1,1,1
2bvaA,2bva,A,lacuna,train,273,18,32,1,1,3,0.5,,0.11721611721611722,1,1,1,1,1
2by3A,2by3,A,fpocket,train,580,10,44,1,20,2,0.429,,0.07586206896551724,0,0,0,0,1
2by3A,2by3,A,p2rank,train,580,10,16,0,,0,0.205,,0.027586206896551724,0,0,0,0,0
2by3A,2by3,A,ifsitepred,train,580,10,39,1,3,7,0.455,,0.06724137931034482,0,1,1,1,1
2by3A,2by3,A,lacuna,train,580,10,50,1,2,3,0.467,,0.08620689655172414,0,1,1,1,1
2c3vA,2c3v,A,fpocket,train,92,7,4,0,,0,0.167,,0.043478260869565216,0,0,0,0,0
2c3vA,2c3v,A,p2rank,train,92,7,2,1,1,1,0.333,,0.021739130434782608,1,1,1,1,1
2c3vA,2c3v,A,ifsitepred,train,92,7,3,1,2,1,0.375,,0.03260869565217391,0,1,1,1,1
2c3vA,2c3v,A,lacuna,train,92,7,4,1,1,1,0.25,,0.043478260869565216,1,1,1,1,1
2c6gA,2c6g,A,fpocket,train,679,3,41,0,,0,0.1,,0.060382916053019146,0,0,0,0,0
2c6gA,2c6g,A,p2rank,train,679,3,17,0,,0,0.0,,0.025036818851251842,0,0,0,0,0
2c6gA,2c6g,A,ifsitepred,train,679,3,26,0,,0,0.0,,0.03829160530191458,0,0,0,0,0
2c6gA,2c6g,A,lacuna,train,679,3,53,0,,0,0.038,,0.0780559646539028,0,0,0,0,0
2camA,2cam,A,fpocket,train,124,22,14,1,2,2,0.455,,0.11290322580645161,0,1,1,1,1
2camA,2cam,A,p2rank,train,124,22,4,1,1,1,0.727,,0.03225806451612903,1,1,1,1,1
2camA,2cam,A,ifsitepred,train,124,22,17,1,1,1,0.455,,0.13709677419354838,1,1,1,1,1
2camA,2cam,A,lacuna,train,124,22,4,1,1,1,0.739,,0.03225806451612903,1,1,1,1,1
2ci4A,2ci4,A,fpocket,train,273,9,24,1,9,2,0.667,,0.08791208791208792,0,0,0,1,1
2ci4A,2ci4,A,p2rank,train,273,9,6,1,2,1,0.5,,0.02197802197802198,0,1,1,1,1
2ci4A,2ci4,A,ifsitepred,train,273,9,23,1,1,6,0.727,,0.08424908424908426,1,1,1,1,1
2ci4A,2ci4,A,lacuna,train,273,9,24,1,3,2,0.3,,0.08791208791208792,0,1,1,1,1
2ckqB,2ckq,B,fpocket,train,348,17,23,1,23,1,0.8,,0.06609195402298851,0,0,0,0,0
2ckqB,2ckq,B,p2rank,train,348,17,7,1,1,1,0.421,,0.020114942528735632,1,1,1,1,1
2ckqB,2ckq,B,ifsitepred,train,348,17,31,1,1,3,0.303,,0.08908045977011494,1,1,1,1,1
2ckqB,2ckq,B,lacuna,train,348,17,37,1,3,2,0.571,,0.10632183908045977,0,1,1,1,1
2cl3A,2cl3,A,fpocket,train,202,12,13,1,1,1,0.323,,0.06435643564356436,1,1,1,1,1
2cl3A,2cl3,A,p2rank,train,202,12,3,1,1,1,0.303,,0.01485148514851485,1,1,1,1,1
2cl3A,2cl3,A,ifsitepred,train,202,12,19,1,3,1,0.286,,0.09405940594059406,0,1,1,1,1
2cl3A,2cl3,A,lacuna,train,202,12,12,1,1,1,0.393,,0.0594059405940594,1,1,1,1,1
2d05A,2d05,A,fpocket,test,259,15,7,0,,0,0.0,,0.02702702702702703,0,0,0,0,0
2d05A,2d05,A,p2rank,test,259,15,5,1,1,1,0.52,,0.019305019305019305,1,1,1,1,1
2d05A,2d05,A,ifsitepred,test,259,15,23,1,2,2,0.333,,0.0888030888030888,0,1,1,1,1
2d05A,2d05,A,lacuna,test,259,15,17,1,1,2,0.348,,0.06563706563706563,1,1,1,1,1
2d0tB,2d0t,B,fpocket,train,374,6,22,0,,0,0.125,,0.058823529411764705,0,0,0,0,0
2d0tB,2d0t,B,p2rank,train,374,6,9,0,,0,0.0,,0.02406417112299465,0,0,0,0,0
2d0tB,2d0t,B,ifsitepred,train,374,6,28,0,,0,0.0,,0.0748663101604278,0,0,0,0,0
2d0tB,2d0t,B,lacuna,train,374,6,34,0,,0,0.026,,0.09090909090909091,0,0,0,0,0
2dfpA,2dfp,A,fpocket,test,533,11,26,1,1,1,0.321,,0.04878048780487805,1,1,1,1,1
2dfpA,2dfp,A,p2rank,test,533,11,14,0,,0,0.242,,0.02626641651031895,0,0,0,0,0
2dfpA,2dfp,A,ifsitepred,test,533,11,15,1,2,2,0.333,,0.028142589118198873,0,1,1,1,1
2dfpA,2dfp,A,lacuna,test,533,11,39,0,,0,0.188,,0.07317073170731707,0,0,0,0,0
2dh4B,2dh4,B,fpocket,train,326,12,23,1,4,2,0.4,,0.0705521472392638,0,0,1,1,1
2dh4B,2dh4,B,p2rank,train,326,12,7,0,,0,0.209,,0.02147239263803681,0,0,0,0,0
2dh4B,2dh4,B,ifsitepred,train,326,12,35,1,1,6,0.333,,0.10736196319018405,1,1,1,1,1
2dh4B,2dh4,B,lacuna,train,326,12,26,1,1,3,0.381,,0.07975460122699386,1,1,1,1,1
2e1cA,2e1c,A,fpocket,train,147,11,10,1,9,1,0.769,,0.06802721088435375,0,0,0,1,1
2e1cA,2e1c,A,p2rank,train,147,11,1,0,,0,0.0,,0.006802721088435374,0,0,0,0,0
2e1cA,2e1c,A,ifsitepred,train,147,11,37,1,22,2,0.364,,0.25170068027210885,0,0,0,0,0
2e1cA,2e1c,A,lacuna,train,147,11,9,1,1,1,0.846,,0.061224489795918366,1,1,1,1,1
2e2oA,2e2o,A,fpocket,train,299,14,15,1,6,1,0.722,,0.05016722408026756,0,0,0,1,1
2e2oA,2e2o,A,p2rank,train,299,14,8,1,2,1,0.8,,0.026755852842809364,0,1,1,1,1
2e2oA,2e2o,A,ifsitepred,train,299,14,34,1,3,2,0.6,,0.11371237458193979,0,1,1,1,1
2e2oA,2e2o,A,lacuna,train,299,14,22,1,5,1,0.519,,0.07357859531772576,0,0,1,1,1
2e3kB,2e3k,B,fpocket,train,110,6,7,0,,0,0.053,,0.06363636363636363,0,0,0,0,0
2e3kB,2e3k,B,p2rank,train,110,6,1,0,,0,0.048,,0.00909090909090909,0,0,0,0,0
2e3kB,2e3k,B,ifsitepred,train,110,6,6,0,,0,0.111,,0.05454545454545454,0,0,0,0,0
2e3kB,2e3k,B,lacuna,train,110,6,5,0,,0,0.048,,0.045454545454545456,0,0,0,0,0
2e3mA,2e3m,A,fpocket,train,237,22,18,1,1,1,0.583,,0.0759493670886076,1,1,1,1,1
2e3mA,2e3m,A,p2rank,train,237,22,9,1,1,1,0.541,,0.0379746835443038,1,1,1,1,1
2e3mA,2e3m,A,ifsitepred,train,237,22,22,1,1,2,0.636,,0.09282700421940929,1,1,1,1,1
2e3mA,2e3m,A,lacuna,train,237,22,16,1,1,2,0.76,,0.06751054852320675,1,1,1,1,1
2e64B,2e64,B,fpocket,train,235,17,15,1,2,2,0.36,,0.06382978723404255,0,1,1,1,1
2e64B,2e64,B,p2rank,train,235,17,5,1,1,1,0.452,,0.02127659574468085,1,1,1,1,1
2e64B,2e64,B,ifsitepred,train,235,17,23,1,1,2,0.316,,0.09787234042553192,1,1,1,1,1
2e64B,2e64,B,lacuna,train,235,17,17,1,1,3,0.459,,0.07234042553191489,1,1,1,1,1
2eplX,2epl,X,fpocket,train,614,11,46,1,1,1,0.769,,0.0749185667752443,1,1,1,1,1
2eplX,2epl,X,p2rank,train,614,11,22,1,1,1,0.476,,0.035830618892508145,1,1,1,1,1
2eplX,2epl,X,ifsitepred,train,614,11,30,1,1,6,0.545,,0.048859934853420196,1,1,1,1,1
2eplX,2epl,X,lacuna,train,614,11,53,1,1,1,0.714,,0.08631921824104234,1,1,1,1,1
2exxB,2exx,B,fpocket,train,279,29,22,1,4,2,0.375,,0.07885304659498207,0,0,1,1,1
2exxB,2exx,B,p2rank,train,279,29,8,1,1,1,0.306,,0.02867383512544803,1,1,1,1,1
2exxB,2exx,B,ifsitepred,train,279,29,41,0,,0,0.233,,0.14695340501792115,0,0,0,0,0
2exxB,2exx,B,lacuna,train,279,29,33,1,1,4,0.364,,0.11827956989247312,1,1,1,1,1
2femA,2fem,A,fpocket,test,212,13,12,1,2,1,0.364,,0.05660377358490566,0,1,1,1,1
2femA,2fem,A,p2rank,test,212,13,4,1,2,1,0.375,,0.018867924528301886,0,1,1,1,1
2femA,2fem,A,ifsitepred,test,212,13,26,1,1,3,0.308,,0.12264150943396226,1,1,1,1,1
2femA,2fem,A,lacuna,test,212,13,11,1,3,1,0.292,,0.05188679245283019,0,1,1,1,1
2ffyA,2ffy,A,fpocket,train,358,4,21,0,,0,0.2,,0.05865921787709497,0,0,0,0,0
2ffyA,2ffy,A,p2rank,train,358,4,9,1,4,1,0.25,,0.025139664804469275,0,0,1,1,1
2ffyA,2ffy,A,ifsitepred,train,358,4,14,0,,0,0.182,,0.03910614525139665,0,0,0,0,0
2ffyA,2ffy,A,lacuna,train,358,4,14,0,,0,0.235,,0.03910614525139665,0,0,0,0,0
2fhzB,2fhz,B,fpocket,test,93,14,2,0,,0,0.167,,0.021505376344086023,0,0,0,0,0
2fhzB,2fhz,B,p2rank,test,93,14,3,1,2,1,0.786,,0.03225806451612903,0,1,1,1,1
2fhzB,2fhz,B,ifsitepred,test,93,14,11,1,3,3,0.5,,0.11827956989247312,0,1,1,1,1
2fhzB,2fhz,B,lacuna,test,93,14,5,1,2,1,0.55,,0.053763440860215055,0,1,1,1,1
2fimA,2fim,A,fpocket,train,224,10,15,1,12,1,0.818,,0.06696428571428571,0,0,0,0,1
2fimA,2fim,A,p2rank,train,224,10,9,1,2,1,0.571,,0.04017857142857143,0,1,1,1,1
2fimA,2fim,A,ifsitepred,train,224,10,5,1,2,2,0.5,,0.022321428571428572,0,1,1,1,1
2fimA,2fim,A,lacuna,train,224,10,19,1,1,1,0.588,,0.08482142857142858,1,1,1,1,1
2fjyA,2fjy,A,fpocket,train,136,17,8,0,,0,0.167,,0.058823529411764705,0,0,0,0,0
2fjyA,2fjy,A,p2rank,train,136,17,5,0,,0,0.182,,0.03676470588235294,0,0,0,0,0
2fjyA,2fjy,A,ifsitepred,train,136,17,0,0,,0,0.0,,0.0,0,0,0,0,0
2fjyA,2fjy,A,lacuna,train,136,17,11,0,,0,0.229,,0.08088235294117647,0,0,0,0,0
2fk7A,2fk7,A,fpocket,train,277,11,17,1,2,2,0.333,,0.061371841155234655,0,1,1,1,1
2fk7A,2fk7,A,p2rank,train,277,11,4,1,3,1,0.444,,0.01444043321299639,0,1,1,1,1
2fk7A,2fk7,A,ifsitepred,train,277,11,25,1,2,3,0.471,,0.09025270758122744,0,1,1,1,1
2fk7A,2fk7,A,lacuna,train,277,11,15,1,5,2,0.265,,0.05415162454873646,0,0,1,1,1
2fn9A,2fn9,A,fpocket,train,280,13,14,1,14,1,0.379,,0.05,0,0,0,0,1
2fn9A,2fn9,A,p2rank,train,280,13,2,1,1,1,0.314,,0.007142857142857143,1,1,1,1,1
2fn9A,2fn9,A,ifsitepred,train,280,13,24,1,1,2,0.533,,0.08571428571428572,1,1,1,1,1
2fn9A,2fn9,A,lacuna,train,280,13,14,1,1,2,0.524,,0.05,1,1,1,1,1
2fp1A,2fp1,A,fpocket,train,165,16,13,1,1,2,0.565,,0.07878787878787878,1,1,1,1,1
2fp1A,2fp1,A,p2rank,train,165,16,2,1,1,1,0.591,,0.012121212121212121,1,1,1,1,1
2fp1A,2fp1,A,ifsitepred,train,165,16,7,1,1,3,0.438,,0.04242424242424243,1,1,1,1,1
2fp1A,2fp1,A,lacuna,train,165,16,10,1,1,3,0.56,,0.06060606060606061,1,1,1,1,1
2frsB,2frs,B,fpocket,train,133,11,10,1,3,1,0.353,,0.07518796992481203,0,1,1,1,1
2frsB,2frs,B,p2rank,train,133,11,1,0,,0,0.172,,0.007518796992481203,0,0,0,0,0
2frsB,2frs,B,ifsitepred,train,133,11,15,1,7,2,0.333,,0.11278195488721804,0,0,0,1,1
2frsB,2frs,B,lacuna,train,133,11,5,0,,0,0.172,,0.03759398496240601,0,0,0,0,0
2fyuD,2fyu,D,fpocket,train,241,8,13,1,5,1,0.545,,0.05394190871369295,0,0,1,1,1
2fyuD,2fyu,D,p2rank,train,241,8,7,0,,0,0.0,,0.029045643153526972,0,0,0,0,0
2fyuD,2fyu,D,ifsitepred,train,241,8,13,0,,0,0.0,,0.05394190871369295,0,0,0,0,0
2fyuD,2fyu,D,lacuna,train,241,8,16,0,,0,0.211,,0.06639004149377593,0,0,0,0,0
2g5lA,2g5l,A,fpocket,train,121,23,8,1,2,1,0.4,,0.06611570247933884,0,1,1,1,1
2g5lA,2g5l,A,p2rank,train,121,23,2,1,1,1,0.464,,0.01652892561983471,1,1,1,1,1
2g5lA,2g5l,A,ifsitepred,train,121,23,10,1,1,1,0.333,,0.08264462809917356,1,1,1,1,1
2g5lA,2g5l,A,lacuna,train,121,23,3,0,,0,0.156,,0.024793388429752067,0,0,0,0,0
2gcbA,2gcb,A,fpocket,train,407,26,33,1,1,2,0.438,,0.08108108108108109,1,1,1,1,1
2gcbA,2gcb,A,p2rank,train,407,26,11,1,1,1,0.629,,0.02702702702702703,1,1,1,1,1
2gcbA,2gcb,A,ifsitepred,train,407,26,43,1,1,2,0.296,,0.10565110565110565,1,1,1,1,1
2gcbA,2gcb,A,lacuna,train,407,26,32,1,1,4,0.517,,0.07862407862407862,1,1,1,1,1
2gmeB,2gme,B,fpocket,train,232,11,13,1,9,1,0.5,,0.05603448275862069,0,0,0,1,1
2gmeB,2gme,B,p2rank,train,232,11,6,1,1,1,0.5,,0.02586206896551724,1,1,1,1,1
2gmeB,2gme,B,ifsitepred,train,232,11,15,1,1,5,0.667,,0.06465517241379311,1,1,1,1,1
2gmeB,2gme,B,lacuna,train,232,11,13,0,,0,0.182,,0.05603448275862069,0,0,0,0,0
2gzrA,2gzr,A,fpocket,train,242,7,17,1,10,1,0.333,,0.07024793388429752,0,0,0,1,1
2gzrA,2gzr,A,p2rank,train,242,7,7,1,1,1,0.357,,0.028925619834710745,1,1,1,1,1
2gzrA,2gzr,A,ifsitepred,train,242,7,24,1,2,4,0.429,,0.09917355371900827,0,1,1,1,1
2gzrA,2gzr,A,lacuna,train,242,7,18,0,,0,0.061,,0.0743801652892562,0,0,0,0,0
2h6dA,2h6d,A,fpocket,train,256,20,19,0,,0,0.231,,0.07421875,0,0,0,0,0
2h6dA,2h6d,A,p2rank,train,256,20,7,1,3,1,0.286,,0.02734375,0,1,1,1,1
2h6dA,2h6d,A,ifsitepred,train,256,20,37,0,,0,0.19,,0.14453125,0,0,0,0,0
2h6dA,2h6d,A,lacuna,train,256,20,20,1,2,1,0.5,,0.078125,0,1,1,1,1
2h7gX,2h7g,X,fpocket,train,312,5,26,1,23,1,0.3,,0.08333333333333333,0,0,0,0,0
2h7gX,2h7g,X,p2rank,train,312,5,9,1,2,1,0.25,,0.028846153846153848,0,1,1,1,1
2h7gX,2h7g,X,ifsitepred,train,312,5,32,1,5,7,0.6,,0.10256410256410256,0,0,1,1,1
2h7gX,2h7g,X,lacuna,train,312,5,30,1,1,2,0.273,,0.09615384615384616,1,1,1,1,1
2h7sA,2h7s,A,fpocket,test,405,8,22,0,,0,0.186,,0.05432098765432099,0,0,0,0,0
2h7sA,2h7s,A,p2rank,test,405,8,8,0,,0,0.15,,0.019753086419753086,0,0,0,0,0
2h7sA,2h7s,A,ifsitepred,test,405,8,25,1,4,2,0.417,,0.06172839506172839,0,0,1,1,1
2h7sA,2h7s,A,lacuna,test,405,8,38,1,5,1,0.333,,0.09382716049382717,0,0,1,1,1
2h98B,2h98,B,fpocket,train,216,13,9,1,2,1,0.4,,0.041666666666666664,0,1,1,1,1
2h98B,2h98,B,p2rank,train,216,13,2,1,1,1,0.414,,0.009259259259259259,1,1,1,1,1
2h98B,2h98,B,ifsitepred,train,216,13,19,1,1,3,0.438,,0.08796296296296297,1,1,1,1,1
2h98B,2h98,B,lacuna,train,216,13,21,1,1,3,0.375,,0.09722222222222222,1,1,1,1,1
2he7A,2he7,A,fpocket,train,283,8,28,1,4,2,0.6,,0.0989399293286219,0,0,1,1,1
2he7A,2he7,A,p2rank,train,283,8,8,0,,0,0.118,,0.028268551236749116,0,0,0,0,0
2he7A,2he7,A,ifsitepred,train,283,8,1,0,,0,0.0,,0.0035335689045936395,0,0,0,0,0
2he7A,2he7,A,lacuna,train,283,8,28,1,2,3,0.471,,0.0989399293286219,0,1,1,1,1
2heuC,2heu,C,fpocket,train,390,9,27,0,,0,0.188,,0.06923076923076923,0,0,0,0,0
2heuC,2heu,C,p2rank,train,390,9,10,1,1,1,0.276,,0.02564102564102564,1,1,1,1,1
2heuC,2heu,C,ifsitepred,train,390,9,22,1,1,8,0.556,,0.05641025641025641,1,1,1,1,1
2heuC,2heu,C,lacuna,train,390,9,24,0,,0,0.217,,0.06153846153846154,0,0,0,0,0
2hf0A,2hf0,A,fpocket,train,316,21,19,1,3,1,0.519,,0.060126582278481014,0,1,1,1,1
2hf0A,2hf0,A,p2rank,train,316,21,10,1,1,1,0.5,,0.03164556962025317,1,1,1,1,1
2hf0A,2hf0,A,ifsitepred,train,316,21,28,1,2,1,0.476,,0.08860759493670886,0,1,1,1,1
2hf0A,2hf0,A,lacuna,train,316,21,15,1,2,2,0.3,,0.04746835443037975,0,1,1,1,1
2higA,2hig,A,fpocket,train,440,16,31,0,,0,0.238,,0.07045454545454545,0,0,0,0,0
2higA,2hig,A,p2rank,train,440,16,12,0,,0,0.077,,0.02727272727272727,0,0,0,0,0
2higA,2hig,A,ifsitepred,train,440,16,42,0,,0,0.158,,0.09545454545454546,0,0,0,0,0
2higA,2hig,A,lacuna,train,440,16,32,1,5,2,0.312,,0.07272727272727272,0,0,1,1,1
2hq8B,2hq8,B,fpocket,train,182,22,10,1,2,1,0.366,,0.054945054945054944,0,1,1,1,1
2hq8B,2hq8,B,p2rank,train,182,22,1,1,1,1,0.368,,0.005494505494505495,1,1,1,1,1
2hq8B,2hq8,B,ifsitepred,train,182,22,22,1,3,3,0.318,,0.12087912087912088,0,1,1,1,1
2hq8B,2hq8,B,lacuna,train,182,22,11,1,1,1,0.327,,0.06043956043956044,1,1,1,1,1
2hyyA,2hyy,A,fpocket,train,263,11,17,1,6,1,0.455,,0.06463878326996197,0,0,0,1,1
2hyyA,2hyy,A,p2rank,train,263,11,8,0,,0,0.176,,0.030418250950570342,0,0,0,0,0
2hyyA,2hyy,A,ifsitepred,train,263,11,37,0,,0,0.077,,0.14068441064638784,0,0,0,0,0
2hyyA,2hyy,A,lacuna,train,263,11,21,0,,0,0.208,,0.07984790874524715,0,0,0,0,0
2i1wB,2i1w,B,fpocket,train,262,12,13,1,3,1,0.261,,0.04961832061068702,0,1,1,1,1
2i1wB,2i1w,B,p2rank,train,262,12,5,1,1,2,0.471,,0.019083969465648856,1,1,1,1,1
2i1wB,2i1w,B,ifsitepred,train,262,12,22,1,15,1,0.333,,0.08396946564885496,0,0,0,0,1
2i1wB,2i1w,B,lacuna,train,262,12,17,1,1,1,0.391,,0.0648854961832061,1,1,1,1,1
2i3aD,2i3a,D,fpocket,test,347,10,26,1,10,1,0.294,,0.07492795389048991,0,0,0,1,1
2i3aD,2i3a,D,p2rank,test,347,10,8,0,,0,0.179,,0.023054755043227664,0,0,0,0,0
2i3aD,2i3a,D,ifsitepred,test,347,10,30,1,3,2,0.545,,0.08645533141210375,0,1,1,1,1
2i3aD,2i3a,D,lacuna,test,347,10,28,1,5,1,0.375,,0.08069164265129683,0,0,1,1,1
2i3rA,2i3r,A,fpocket,test,286,17,16,1,1,1,0.381,,0.055944055944055944,1,1,1,1,1
2i3rA,2i3r,A,p2rank,test,286,17,9,1,1,1,0.36,,0.03146853146853147,1,1,1,1,1
2i3rA,2i3r,A,ifsitepred,test,286,17,17,1,2,2,0.389,,0.05944055944055944,0,1,1,1,1
2i3rA,2i3r,A,lacuna,test,286,17,18,1,1,1,0.385,,0.06293706293706294,1,1,1,1,1
2i6aB,2i6a,B,fpocket,train,343,15,28,0,,0,0.211,,0.08163265306122448,0,0,0,0,0
2i6aB,2i6a,B,p2rank,train,343,15,3,0,,0,0.157,,0.008746355685131196,0,0,0,0,0
2i6aB,2i6a,B,ifsitepred,train,343,15,23,1,5,2,0.4,,0.06705539358600583,0,0,1,1,1
2i6aB,2i6a,B,lacuna,train,343,15,34,1,3,2,0.36,,0.09912536443148688,0,1,1,1,1
2iytA,2iyt,A,fpocket,test,175,17,11,1,1,1,0.5,,0.06285714285714286,1,1,1,1,1
2iytA,2iyt,A,p2rank,test,175,17,3,1,1,2,0.5,,0.017142857142857144,1,1,1,1,1
2iytA,2iyt,A,ifsitepred,test,175,17,19,1,1,2,0.444,,0.10857142857142857,1,1,1,1,1
2iytA,2iyt,A,lacuna,test,175,17,8,1,1,1,0.462,,0.045714285714285714,1,1,1,1,1
2j5iJ,2j5i,J,fpocket,train,247,20,17,1,9,2,0.3,,0.06882591093117409,0,0,0,1,1
2j5iJ,2j5i,J,p2rank,train,247,20,5,1,1,1,0.367,,0.020242914979757085,1,1,1,1,1
2j5iJ,2j5i,J,ifsitepred,train,247,20,20,1,1,2,0.5,,0.08097165991902834,1,1,1,1,1
2j5iJ,2j5i,J,lacuna,train,247,20,14,1,2,1,0.295,,0.05668016194331984,0,1,1,1,1
2jdwA,2jdw,A,fpocket,train,360,10,12,1,1,1,0.412,,0.03333333333333333,1,1,1,1,1
2jdwA,2jdw,A,p2rank,train,360,10,5,1,1,2,0.333,,0.013888888888888888,1,1,1,1,1
2jdwA,2jdw,A,ifsitepred,train,360,10,5,0,,0,0.2,,0.013888888888888888,0,0,0,0,0
2jdwA,2jdw,A,lacuna,train,360,10,23,1,2,1,0.304,,0.06388888888888888,0,1,1,1,1
2jfpA,2jfp,A,fpocket,train,268,15,20,0,,0,0.143,,0.07462686567164178,0,0,0,0,0
2jfpA,2jfp,A,p2rank,train,268,15,7,1,4,1,0.294,,0.026119402985074626,0,0,1,1,1
2jfpA,2jfp,A,ifsitepred,train,268,15,8,1,8,1,0.267,,0.029850746268656716,0,0,0,1,1
2jfpA,2jfp,A,lacuna,train,268,15,17,1,4,1,0.31,,0.06343283582089553,0,0,1,1,1
2jfyB,2jfy,B,fpocket,train,255,16,19,1,1,1,0.36,,0.07450980392156863,1,1,1,1,1
2jfyB,2jfy,B,p2rank,train,255,16,5,0,,0,0.2,,0.0196078431372549,0,0,0,0,0
2jfyB,2jfy,B,ifsitepred,train,255,16,12,1,3,1,0.312,,0.047058823529411764,0,1,1,1,1
2jfyB,2jfy,B,lacuna,train,255,16,24,1,4,2,0.455,,0.09411764705882353,0,0,1,1,1
2jgvC,2jgv,C,fpocket,train,311,24,20,1,14,1,0.545,,0.06430868167202572,0,0,0,0,1
2jgvC,2jgv,C,p2rank,train,311,24,4,1,2,1,0.606,,0.012861736334405145,0,1,1,1,1
2jgvC,2jgv,C,ifsitepred,train,311,24,47,1,2,1,0.333,,0.15112540192926044,0,1,1,1,1
2jgvC,2jgv,C,lacuna,train,311,24,21,1,3,3,0.56,,0.06752411575562701,0,1,1,1,1
2jlqA,2jlq,A,fpocket,train,451,14,29,1,24,1,0.375,,0.06430155210643015,0,0,0,0,0
2jlqA,2jlq,A,p2rank,train,451,14,8,0,,0,0.237,,0.017738359201773836,0,0,0,0,0
2jlqA,2jlq,A,ifsitepred,train,451,14,21,0,,0,0.222,,0.04656319290465632,0,0,0,0,0
2jlqA,2jlq,A,lacuna,train,451,14,45,1,6,1,0.25,,0.09977827050997783,0,0,0,1,1
2nvpA,2nvp,A,fpocket,train,430,10,25,1,1,1,0.333,,0.05813953488372093,1,1,1,1,1
2nvpA,2nvp,A,p2rank,train,430,10,19,1,1,1,0.333,,0.044186046511627906,1,1,1,1,1
2nvpA,2nvp,A,ifsitepred,train,430,10,21,1,1,4,0.583,,0.04883720930232558,1,1,1,1,1
2nvpA,2nvp,A,lacuna,train,430,10,42,1,1,1,0.286,,0.09767441860465116,1,1,1,1,1
2nxjA,2nxj,A,fpocket,train,247,19,11,1,7,1,0.4,,0.044534412955465584,0,0,0,1,1
2nxjA,2nxj,A,p2rank,train,247,19,3,1,1,2,0.421,,0.012145748987854251,1,1,1,1,1
2nxjA,2nxj,A,ifsitepred,train,247,19,21,1,1,2,0.45,,0.08502024291497975,1,1,1,1,1
2nxjA,2nxj,A,lacuna,train,247,19,14,1,1,2,0.5,,0.05668016194331984,1,1,1,1,1
2o8yA,2o8y,A,fpocket,train,280,24,23,1,10,1,0.375,,0.08214285714285714,0,0,0,1,1
2o8yA,2o8y,A,p2rank,train,280,24,10,0,,0,0.224,,0.03571428571428571,0,0,0,0,0
2o8yA,2o8y,A,ifsitepred,train,280,24,50,1,2,2,0.333,,0.17857142857142858,0,1,1,1,1
2o8yA,2o8y,A,lacuna,train,280,24,30,1,9,1,0.257,,0.10714285714285714,0,0,0,1,1
2oa6B,2oa6,B,fpocket,train,295,11,20,0,,0,0.176,,0.06779661016949153,0,0,0,0,0
2oa6B,2oa6,B,p2rank,train,295,11,8,1,1,1,0.27,,0.02711864406779661,1,1,1,1,1
2oa6B,2oa6,B,ifsitepred,train,295,11,25,1,7,2,0.364,,0.0847457627118644,0,0,0,1,1
2oa6B,2oa6,B,lacuna,train,295,11,24,1,1,3,0.4,,0.08135593220338982,1,1,1,1,1
2ofmX,2ofm,X,fpocket,train,184,22,12,1,1,2,0.517,,0.06521739130434782,1,1,1,1,1
2ofmX,2ofm,X,p2rank,train,184,22,4,1,1,1,0.655,,0.021739130434782608,1,1,1,1,1
2ofmX,2ofm,X,ifsitepred,train,184,22,13,1,1,3,0.375,,0.07065217391304347,1,1,1,1,1
2ofmX,2ofm,X,lacuna,train,184,22,13,1,1,2,0.444,,0.07065217391304347,1,1,1,1,1
2oquA,2oqu,A,fpocket,train,240,3,10,0,,0,0.2,,0.041666666666666664,0,0,0,0,0
2oquA,2oqu,A,p2rank,train,240,3,8,0,,0,0.2,,0.03333333333333333,0,0,0,0,0
2oquA,2oqu,A,ifsitepred,train,240,3,16,0,,0,0.0,,0.06666666666666667,0,0,0,0,0
2oquA,2oqu,A,lacuna,train,240,3,13,0,,0,0.0,,0.05416666666666667,0,0,0,0,0
2phzA,2phz,A,fpocket,test,277,17,27,0,,0,0.24,,0.09747292418772563,0,0,0,0,0
2phzA,2phz,A,p2rank,test,277,17,9,1,1,1,0.391,,0.032490974729241874,1,1,1,1,1
2phzA,2phz,A,ifsitepred,test,277,17,21,1,6,1,0.333,,0.07581227436823104,0,0,0,1,1
2phzA,2phz,A,lacuna,test,277,17,25,0,,0,0.167,,0.09025270758122744,0,0,0,0,0
2pkfA,2pkf,A,fpocket,test,332,18,17,1,13,1,0.368,,0.05120481927710843,0,0,0,0,1
2pkfA,2pkf,A,p2rank,test,332,18,5,1,1,1,0.354,,0.015060240963855422,1,1,1,1,1
2pkfA,2pkf,A,ifsitepred,test,332,18,41,1,3,3,0.421,,0.12349397590361445,0,1,1,1,1
2pkfA,2pkf,A,lacuna,test,332,18,23,1,2,2,0.6,,0.06927710843373494,0,1,1,1,1
2pryA,2pry,A,fpocket,train,215,9,18,1,18,1,0.5,,0.08372093023255814,0,0,0,0,1
2pryA,2pry,A,p2rank,train,215,9,4,1,3,1,0.7,,0.018604651162790697,0,1,1,1,1
2pryA,2pry,A,ifsitepred,train,215,9,34,1,7,7,0.4,,0.15813953488372093,0,0,0,1,1
2pryA,2pry,A,lacuna,train,215,9,20,1,1,3,0.438,,0.09302325581395349,1,1,1,1,1
2psfB,2psf,B,fpocket,train,301,14,13,1,1,2,0.4,,0.04318936877076412,1,1,1,1,1
2psfB,2psf,B,p2rank,train,301,14,5,1,1,1,0.423,,0.016611295681063124,1,1,1,1,1
2psfB,2psf,B,ifsitepred,train,301,14,12,1,2,3,0.5,,0.03986710963455149,0,1,1,1,1
2psfB,2psf,B,lacuna,train,301,14,14,1,1,2,0.5,,0.046511627906976744,1,1,1,1,1
2pwoB,2pwo,B,fpocket,train,143,22,12,0,,0,0.167,,0.08391608391608392,0,0,0,0,0
2pwoB,2pwo,B,p2rank,train,143,22,3,0,,0,0.062,,0.02097902097902098,0,0,0,0,0
2pwoB,2pwo,B,ifsitepred,train,143,22,0,0,,0,0.0,,0.0,0,0,0,0,0
2pwoB,2pwo,B,lacuna,train,143,22,9,1,1,1,0.552,,0.06293706293706294,1,1,1,1,1
2pwzG,2pwz,G,fpocket,test,312,31,19,1,2,2,0.529,,0.060897435897435896,0,1,1,1,1
2pwzG,2pwz,G,p2rank,test,312,31,5,1,1,2,0.556,,0.016025641025641024,1,1,1,1,1
2pwzG,2pwz,G,ifsitepred,test,312,31,21,1,1,2,0.5,,0.0673076923076923,1,1,1,1,1
2pwzG,2pwz,G,lacuna,test,312,31,23,1,1,3,0.667,,0.07371794871794872,1,1,1,1,1
2qbvA,2qbv,A,fpocket,test,73,14,5,1,3,1,0.632,,0.0684931506849315,0,1,1,1,1
2qbvA,2qbv,A,p2rank,test,73,14,1,1,1,1,0.75,,0.0136986301369863,1,1,1,1,1
2qbvA,2qbv,A,ifsitepred,test,73,14,26,1,1,4,0.688,,0.3561643835616438,1,1,1,1,1
2qbvA,2qbv,A,lacuna,test,73,14,3,1,1,2,0.667,,0.0410958904109589,1,1,1,1,1
2qg5D,2qg5,D,fpocket,train,284,15,20,0,,0,0.1,,0.07042253521126761,0,0,0,0,0
2qg5D,2qg5,D,p2rank,train,284,15,6,1,1,1,0.407,,0.02112676056338028,1,1,1,1,1
2qg5D,2qg5,D,ifsitepred,train,284,15,34,1,5,3,0.533,,0.11971830985915492,0,0,1,1,1
2qg5D,2qg5,D,lacuna,train,284,15,28,1,1,2,0.484,,0.09859154929577464,1,1,1,1,1
2qsuA,2qsu,A,fpocket,train,247,17,18,1,3,1,0.636,,0.0728744939271255,0,1,1,1,1
2qsuA,2qsu,A,p2rank,train,247,17,3,1,1,1,0.7,,0.012145748987854251,1,1,1,1,1
2qsuA,2qsu,A,ifsitepred,train,247,17,30,1,1,3,0.529,,0.1214574898785425,1,1,1,1,1
2qsuA,2qsu,A,lacuna,train,247,17,21,1,1,3,0.609,,0.08502024291497975,1,1,1,1,1
2r57A,2r57,A,fpocket,train,210,8,15,1,7,1,0.6,,0.07142857142857142,0,0,0,1,1
2r57A,2r57,A,p2rank,train,210,8,6,1,3,1,0.6,,0.02857142857142857,0,1,1,1,1
2r57A,2r57,A,ifsitepred,train,210,8,17,0,,0,0.0,,0.08095238095238096,0,0,0,0,0
2r57A,2r57,A,lacuna,train,210,8,12,1,2,1,0.412,,0.05714285714285714,0,1,1,1,1
2rfjB,2rfj,B,fpocket,test,106,12,10,1,1,1,0.316,,0.09433962264150944,1,1,1,1,1
2rfjB,2rfj,B,p2rank,test,106,12,1,0,,0,0.235,,0.009433962264150943,0,0,0,0,0
2rfjB,2rfj,B,ifsitepred,test,106,12,5,0,,0,0.0,,0.04716981132075472,0,0,0,0,0
2rfjB,2rfj,B,lacuna,test,106,12,6,1,1,2,0.438,,0.05660377358490566,1,1,1,1,1
2rl7A,2rl7,A,fpocket,train,148,10,9,0,,0,0.167,,0.060810810810810814,0,0,0,0,0
2rl7A,2rl7,A,p2rank,train,148,10,1,1,1,1,0.375,,0.006756756756756757,1,1,1,1,1
2rl7A,2rl7,A,ifsitepred,train,148,10,0,0,,0,0.0,,0.0,0,0,0,0,0
2rl7A,2rl7,A,lacuna,train,148,10,8,1,1,1,0.286,,0.05405405405405406,1,1,1,1,1
2v8jA,2v8j,A,fpocket,train,535,5,31,1,26,1,0.3,,0.05794392523364486,0,0,0,0,0
2v8jA,2v8j,A,p2rank,train,535,5,15,0,,0,0.2,,0.028037383177570093,0,0,0,0,0
2v8jA,2v8j,A,ifsitepred,train,535,5,39,1,1,3,0.333,,0.07289719626168224,1,1,1,1,1
2v8jA,2v8j,A,lacuna,train,535,5,45,0,,0,0.095,,0.08411214953271028,0,0,0,0,0
2vl2C,2vl2,C,fpocket,test,161,10,12,1,9,2,0.583,,0.07453416149068323,0,0,0,1,1
2vl2C,2vl2,C,p2rank,test,161,10,4,1,2,1,0.429,,0.024844720496894408,0,1,1,1,1
2vl2C,2vl2,C,ifsitepred,test,161,10,23,1,1,9,0.4,,0.14285714285714285,1,1,1,1,1
2vl2C,2vl2,C,lacuna,test,161,10,9,1,1,2,0.476,,0.055900621118012424,1,1,1,1,1
2vqzF,2vqz,F,fpocket,test,160,7,14,0,,0,0.111,,0.0875,0,0,0,0,0
2vqzF,2vqz,F,p2rank,test,160,7,5,0,,0,0.04,,0.03125,0,0,0,0,0
2vqzF,2vqz,F,ifsitepred,test,160,7,8,0,,0,0.091,,0.05,0,0,0,0,0
2vqzF,2vqz,F,lacuna,test,160,7,11,0,,0,0.217,,0.06875,0,0,0,0,0
2vrkB,2vrk,B,fpocket,train,493,16,39,1,36,2,0.625,,0.07910750507099391,0,0,0,0,0
2vrkB,2vrk,B,p2rank,train,493,16,20,1,1,1,0.346,,0.04056795131845842,1,1,1,1,1
2vrkB,2vrk,B,ifsitepred,train,493,16,16,1,1,3,0.688,,0.032454361054766734,1,1,1,1,1
2vrkB,2vrk,B,lacuna,train,493,16,38,1,1,1,0.636,,0.07707910750507099,1,1,1,1,1
2vyrA,2vyr,A,fpocket,test,86,14,4,1,1,1,0.357,,0.046511627906976744,1,1,1,1,1
2vyrA,2vyr,A,p2rank,test,86,14,1,1,1,1,0.643,,0.011627906976744186,1,1,1,1,1
2vyrA,2vyr,A,ifsitepred,test,86,14,10,1,1,5,0.5,,0.11627906976744186,1,1,1,1,1
2vyrA,2vyr,A,lacuna,test,86,14,4,1,2,1,0.417,,0.046511627906976744,0,1,1,1,1
2w5hA,2w5h,A,fpocket,train,265,20,23,1,5,1,0.615,,0.08679245283018867,0,0,1,1,1
2w5hA,2w5h,A,p2rank,train,265,20,12,1,1,1,0.613,,0.045283018867924525,1,1,1,1,1
2w5hA,2w5h,A,ifsitepred,train,265,20,41,1,1,4,0.5,,0.15471698113207547,1,1,1,1,1
2w5hA,2w5h,A,lacuna,train,265,20,23,1,1,3,0.769,,0.08679245283018867,1,1,1,1,1
2w6rA,2w6r,A,fpocket,train,223,30,17,1,15,1,0.344,,0.07623318385650224,0,0,0,0,1
2w6rA,2w6r,A,p2rank,train,223,30,2,1,1,1,0.521,,0.008968609865470852,1,1,1,1,1
2w6rA,2w6r,A,ifsitepred,train,223,30,36,1,1,2,0.382,,0.16143497757847533,1,1,1,1,1
2w6rA,2w6r,A,lacuna,train,223,30,20,1,1,2,0.371,,0.08968609865470852,1,1,1,1,1
2w8nA,2w8n,A,fpocket,test,480,11,26,0,,0,0.118,,0.05416666666666667,0,0,0,0,0
2w8nA,2w8n,A,p2rank,test,480,11,11,0,,0,0.071,,0.022916666666666665,0,0,0,0,0
2w8nA,2w8n,A,ifsitepred,test,480,11,37,0,,0,0.2,,0.07708333333333334,0,0,0,0,0
2w8nA,2w8n,A,lacuna,test,480,11,40,0,,0,0.222,,0.08333333333333333,0,0,0,0,0
2w9tA,2w9t,A,fpocket,train,159,28,14,1,1,2,0.294,,0.0880503144654088,1,1,1,1,1
2w9tA,2w9t,A,p2rank,train,159,28,6,1,4,1,0.357,,0.03773584905660377,0,0,1,1,1
2w9tA,2w9t,A,ifsitepred,train,159,28,20,1,1,1,0.294,,0.12578616352201258,1,1,1,1,1
2w9tA,2w9t,A,lacuna,train,159,28,7,1,2,1,0.298,,0.0440251572327044,0,1,1,1,1
2wetA,2wet,A,fpocket,train,496,16,31,0,,0,0.227,,0.0625,0,0,0,0,0
2wetA,2wet,A,p2rank,train,496,16,14,1,5,2,0.304,,0.028225806451612902,0,0,1,1,1
2wetA,2wet,A,ifsitepred,train,496,16,28,1,5,3,0.438,,0.056451612903225805,0,0,1,1,1
2wetA,2wet,A,lacuna,train,496,16,37,1,1,1,0.484,,0.07459677419354839,1,1,1,1,1
2wgbA,2wgb,A,fpocket,train,175,12,12,1,3,1,0.5,,0.06857142857142857,0,1,1,1,1
2wgbA,2wgb,A,p2rank,train,175,12,7,1,1,1,0.412,,0.04,1,1,1,1,1
2wgbA,2wgb,A,ifsitepred,train,175,12,5,1,1,3,0.385,,0.02857142857142857,1,1,1,1,1
2wgbA,2wgb,A,lacuna,train,175,12,12,1,1,1,0.269,,0.06857142857142857,1,1,1,1,1
2wvhX,2wvh,X,fpocket,train,564,17,32,1,2,1,0.455,,0.05673758865248227,0,1,1,1,1
2wvhX,2wvh,X,p2rank,train,564,17,11,1,1,1,0.4,,0.01950354609929078,1,1,1,1,1
2wvhX,2wvh,X,ifsitepred,train,564,17,56,1,1,6,0.55,,0.09929078014184398,1,1,1,1,1
2wvhX,2wvh,X,lacuna,train,564,17,42,1,1,2,0.417,,0.07446808510638298,1,1,1,1,1
2x2sA,2x2s,A,fpocket,train,150,8,9,1,1,3,0.4,,0.06,1,1,1,1,1
2x2sA,2x2s,A,p2rank,train,150,8,4,1,3,2,0.5,,0.02666666666666667,0,1,1,1,1
2x2sA,2x2s,A,ifsitepred,train,150,8,7,1,1,3,0.5,,0.04666666666666667,1,1,1,1,1
2x2sA,2x2s,A,lacuna,train,150,8,9,1,1,2,0.375,,0.06,1,1,1,1,1
2x36D,2x36,D,fpocket,train,178,16,9,1,1,1,0.259,,0.05056179775280899,1,1,1,1,1
2x36D,2x36,D,p2rank,train,178,16,3,1,1,1,0.417,,0.016853932584269662,1,1,1,1,1
2x36D,2x36,D,ifsitepred,train,178,16,24,1,1,2,0.333,,0.1348314606741573,1,1,1,1,1
2x36D,2x36,D,lacuna,train,178,16,12,1,1,3,0.4,,0.06741573033707865,1,1,1,1,1
2x47A,2x47,A,fpocket,test,229,25,14,1,11,2,0.5,,0.0611353711790393,0,0,0,0,1
2x47A,2x47,A,p2rank,test,229,25,5,1,1,1,0.552,,0.021834061135371178,1,1,1,1,1
2x47A,2x47,A,ifsitepred,test,229,25,31,1,3,1,0.28,,0.13537117903930132,0,1,1,1,1
2x47A,2x47,A,lacuna,test,229,25,14,1,1,3,0.577,,0.0611353711790393,1,1,1,1,1
2x87A,2x87,A,fpocket,train,505,13,30,1,1,1,0.258,,0.0594059405940594,1,1,1,1,1
2x87A,2x87,A,p2rank,train,505,13,16,1,10,2,0.4,,0.031683168316831684,0,0,0,1,1
2x87A,2x87,A,ifsitepred,train,505,13,7,0,,0,0.0,,0.013861386138613862,0,0,0,0,0
2x87A,2x87,A,lacuna,train,505,13,38,1,37,1,0.55,,0.07524752475247524,0,0,0,0,0
2xbpA,2xbp,A,fpocket,train,113,8,10,1,4,2,0.444,,0.08849557522123894,0,0,1,1,1
2xbpA,2xbp,A,p2rank,train,113,8,2,0,,0,0.188,,0.017699115044247787,0,0,0,0,0
2xbpA,2xbp,A,ifsitepred,train,113,8,30,1,1,10,0.444,,0.26548672566371684,1,1,1,1,1
2xbpA,2xbp,A,lacuna,train,113,8,11,1,1,3,0.4,,0.09734513274336283,1,1,1,1,1
2xc1A,2xc1,A,fpocket,train,660,8,38,0,,0,0.167,,0.05757575757575758,0,0,0,0,0
2xc1A,2xc1,A,p2rank,train,660,8,13,0,,0,0.241,,0.019696969696969695,0,0,0,0,0
2xc1A,2xc1,A,ifsitepred,train,660,8,20,1,3,4,0.5,,0.030303030303030304,0,1,1,1,1
2xc1A,2xc1,A,lacuna,train,660,8,38,1,3,1,0.273,,0.05757575757575758,0,1,1,1,1
2xe6A,2xe6,A,fpocket,train,413,25,30,1,2,1,0.528,,0.07263922518159806,0,1,1,1,1
2xe6A,2xe6,A,p2rank,train,413,25,6,1,1,1,0.393,,0.014527845036319613,1,1,1,1,1
2xe6A,2xe6,A,ifsitepred,train,413,25,45,1,1,2,0.444,,0.1089588377723971,1,1,1,1,1
2xe6A,2xe6,A,lacuna,train,413,25,28,1,3,2,0.371,,0.06779661016949153,0,1,1,1,1
2xq0A,2xq0,A,fpocket,train,625,10,41,1,26,1,0.667,,0.0656,0,0,0,0,0
2xq0A,2xq0,A,p2rank,train,625,10,13,1,7,1,0.667,,0.0208,0,0,0,1,1
2xq0A,2xq0,A,ifsitepred,train,625,10,24,0,,0,0.0,,0.0384,0,0,0,0,0
2xq0A,2xq0,A,lacuna,train,625,10,56,1,15,1,0.391,,0.0896,0,0,0,0,1
2xsaA,2xsa,A,fpocket,test,443,15,27,1,2,1,0.455,,0.060948081264108354,0,1,1,1,1
2xsaA,2xsa,A,p2rank,test,443,15,12,1,1,1,0.375,,0.02708803611738149,1,1,1,1,1
2xsaA,2xsa,A,ifsitepred,test,443,15,26,1,1,4,0.438,,0.05869074492099323,1,1,1,1,1
2xsaA,2xsa,A,lacuna,test,443,15,32,1,1,1,0.375,,0.07223476297968397,1,1,1,1,1
2xtpA,2xtp,A,fpocket,train,221,20,20,1,12,2,0.5,,0.09049773755656108,0,0,0,0,1
2xtpA,2xtp,A,p2rank,train,221,20,8,1,1,1,0.583,,0.03619909502262444,1,1,1,1,1
2xtpA,2xtp,A,ifsitepred,train,221,20,38,1,1,4,0.364,,0.17194570135746606,1,1,1,1,1
2xtpA,2xtp,A,lacuna,train,221,20,20,1,1,4,0.538,,0.09049773755656108,1,1,1,1,1
2xurB,2xur,B,fpocket,train,364,4,30,0,,0,0.143,,0.08241758241758242,0,0,0,0,0
2xurB,2xur,B,p2rank,train,364,4,6,0,,0,0.091,,0.016483516483516484,0,0,0,0,0
2xurB,2xur,B,ifsitepred,train,364,4,27,0,,0,0.167,,0.07417582417582418,0,0,0,0,0
2xurB,2xur,B,lacuna,train,364,4,29,0,,0,0.15,,0.07967032967032966,0,0,0,0,0
2y7aB,2y7a,B,fpocket,train,276,13,22,1,3,1,0.467,,0.07971014492753623,0,1,1,1,1
2y7aB,2y7a,B,p2rank,train,276,13,7,1,1,1,0.455,,0.025362318840579712,1,1,1,1,1
2y7aB,2y7a,B,ifsitepred,train,276,13,16,1,3,2,0.385,,0.057971014492753624,0,1,1,1,1
2y7aB,2y7a,B,lacuna,train,276,13,18,1,1,1,0.375,,0.06521739130434782,1,1,1,1,1
2yd5A,2yd5,A,fpocket,train,199,6,11,1,2,1,0.364,,0.05527638190954774,0,1,1,1,1
2yd5A,2yd5,A,p2rank,train,199,6,2,0,,0,0.0,,0.010050251256281407,0,0,0,0,0
2yd5A,2yd5,A,ifsitepred,train,199,6,3,0,,0,0.0,,0.01507537688442211,0,0,0,0,0
2yd5A,2yd5,A,lacuna,train,199,6,9,0,,0,0.033,,0.04522613065326633,0,0,0,0,0
2yjrA,2yjr,A,fpocket,train,281,18,17,1,17,1,0.55,,0.060498220640569395,0,0,0,0,1
2yjrA,2yjr,A,p2rank,train,281,18,5,1,1,1,0.481,,0.017793594306049824,1,1,1,1,1
2yjrA,2yjr,A,ifsitepred,train,281,18,39,1,2,2,0.389,,0.1387900355871886,0,1,1,1,1
2yjrA,2yjr,A,lacuna,train,281,18,28,1,1,3,0.478,,0.099644128113879,1,1,1,1,1
2ywbA,2ywb,A,fpocket,train,471,12,29,1,12,2,0.385,,0.06157112526539278,0,0,0,0,1
2ywbA,2ywb,A,p2rank,train,471,12,10,0,,0,0.034,,0.021231422505307854,0,0,0,0,0
2ywbA,2ywb,A,ifsitepred,train,471,12,59,1,10,6,0.333,,0.12526539278131635,0,0,0,1,1
2ywbA,2ywb,A,lacuna,train,471,12,35,0,,0,0.211,,0.07430997876857749,0,0,0,0,0
2yx7A,2yx7,A,fpocket,train,150,8,15,0,,0,0.091,,0.1,0,0,0,0,0
2yx7A,2yx7,A,p2rank,train,150,8,2,0,,0,0.0,,0.013333333333333334,0,0,0,0,0
2yx7A,2yx7,A,ifsitepred,train,150,8,20,1,4,2,0.375,,0.13333333333333333,0,0,1,1,1
2yx7A,2yx7,A,lacuna,train,150,8,9,0,,0,0.0,,0.06,0,0,0,0,0
2yygA,2yyg,A,fpocket,train,470,13,32,1,2,1,0.414,,0.06808510638297872,0,1,1,1,1
2yygA,2yyg,A,p2rank,train,470,13,12,1,1,2,0.321,,0.02553191489361702,1,1,1,1,1
2yygA,2yyg,A,ifsitepred,train,470,13,37,1,1,1,0.533,,0.07872340425531915,1,1,1,1,1
2yygA,2yyg,A,lacuna,train,470,13,31,1,1,2,0.5,,0.06595744680851064,1,1,1,1,1
2yz7C,2yz7,C,fpocket,train,260,10,18,1,13,1,0.476,,0.06923076923076923,0,0,0,0,1
2yz7C,2yz7,C,p2rank,train,260,10,2,1,1,1,0.25,,0.007692307692307693,1,1,1,1,1
2yz7C,2yz7,C,ifsitepred,train,260,10,44,1,1,4,0.4,,0.16923076923076924,1,1,1,1,1
2yz7C,2yz7,C,lacuna,train,260,10,16,1,1,3,0.526,,0.06153846153846154,1,1,1,1,1
2yzgC,2yzg,C,fpocket,train,309,8,25,0,,0,0.233,,0.08090614886731391,0,0,0,0,0
2yzgC,2yzg,C,p2rank,train,309,8,6,0,,0,0.14,,0.019417475728155338,0,0,0,0,0
2yzgC,2yzg,C,ifsitepred,train,309,8,48,1,1,2,0.3,,0.1553398058252427,1,1,1,1,1
2yzgC,2yzg,C,lacuna,train,309,8,26,1,5,1,0.25,,0.08414239482200647,0,0,1,1,1
2z15B,2z15,B,fpocket,train,120,7,7,1,3,1,0.364,,0.058333333333333334,0,1,1,1,1
2z15B,2z15,B,p2rank,train,120,7,4,0,,0,0.154,,0.03333333333333333,0,0,0,0,0
2z15B,2z15,B,ifsitepred,train,120,7,0,0,,0,0.0,,0.0,0,0,0,0,0
2z15B,2z15,B,lacuna,train,120,7,8,0,,0,0.2,,0.06666666666666667,0,0,0,0,0
2z6wB,2z6w,B,fpocket,train,164,11,9,1,2,1,0.6,,0.054878048780487805,0,1,1,1,1
2z6wB,2z6w,B,p2rank,train,164,11,3,1,2,1,0.571,,0.018292682926829267,0,1,1,1,1
2z6wB,2z6w,B,ifsitepred,train,164,11,16,1,1,3,0.833,,0.0975609756097561,1,1,1,1,1
2z6wB,2z6w,B,lacuna,train,164,11,8,1,2,1,0.625,,0.04878048780487805,0,1,1,1,1
2zcoA,2zco,A,fpocket,train,284,9,23,1,16,2,0.308,,0.08098591549295775,0,0,0,0,1
2zcoA,2zco,A,p2rank,train,284,9,6,0,,0,0.2,,0.02112676056338028,0,0,0,0,0
2zcoA,2zco,A,ifsitepred,train,284,9,30,1,1,5,0.4,,0.1056338028169014,1,1,1,1,1
2zcoA,2zco,A,lacuna,train,284,9,24,1,1,2,0.389,,0.08450704225352113,1,1,1,1,1
2zf3F,2zf3,F,fpocket,train,181,8,8,1,3,1,0.333,,0.04419889502762431,0,1,1,1,1
2zf3F,2zf3,F,p2rank,train,181,8,3,0,,0,0.167,,0.016574585635359115,0,0,0,0,0
2zf3F,2zf3,F,ifsitepred,train,181,8,24,1,7,1,0.25,,0.13259668508287292,0,0,0,1,1
2zf3F,2zf3,F,lacuna,train,181,8,9,0,,0,0.161,,0.049723756906077346,0,0,0,0,0
2zguA,2zgu,A,fpocket,train,159,4,6,1,6,1,0.3,,0.03773584905660377,0,0,0,1,1
2zguA,2zgu,A,p2rank,train,159,4,2,0,,0,0.091,,0.012578616352201259,0,0,0,0,0
2zguA,2zgu,A,ifsitepred,train,159,4,11,1,5,1,0.5,,0.06918238993710692,0,0,1,1,1
2zguA,2zgu,A,lacuna,train,159,4,8,0,,0,0.154,,0.050314465408805034,0,0,0,0,0
2zj7A,2zj7,A,fpocket,test,616,8,33,0,,0,0.2,,0.05357142857142857,0,0,0,0,0
2zj7A,2zj7,A,p2rank,test,616,8,18,0,,0,0.176,,0.02922077922077922,0,0,0,0,0
2zj7A,2zj7,A,ifsitepred,test,616,8,12,1,11,2,0.3,,0.01948051948051948,0,0,0,0,1
2zj7A,2zj7,A,lacuna,test,616,8,43,0,,0,0.189,,0.0698051948051948,0,0,0,0,0
2zsuB,2zsu,B,fpocket,train,278,22,16,1,4,1,0.357,,0.05755395683453238,0,0,1,1,1
2zsuB,2zsu,B,p2rank,train,278,22,4,1,2,1,0.333,,0.014388489208633094,0,1,1,1,1
2zsuB,2zsu,B,ifsitepred,train,278,22,16,1,2,3,0.346,,0.05755395683453238,0,1,1,1,1
2zsuB,2zsu,B,lacuna,train,278,22,16,1,1,3,0.536,,0.05755395683453238,1,1,1,1,1
2zvyA,2zvy,A,fpocket,train,183,7,13,1,5,1,0.308,,0.07103825136612021,0,0,1,1,1
2zvyA,2zvy,A,p2rank,train,183,7,4,1,2,1,0.308,,0.02185792349726776,0,1,1,1,1
2zvyA,2zvy,A,ifsitepred,train,183,7,19,0,,0,0.1,,0.10382513661202186,0,0,0,0,0
2zvyA,2zvy,A,lacuna,train,183,7,16,1,1,1,0.316,,0.08743169398907104,1,1,1,1,1
3a06B,3a06,B,fpocket,train,373,7,31,1,28,1,0.273,,0.08310991957104558,0,0,0,0,0
3a06B,3a06,B,p2rank,train,373,7,8,0,,0,0.0,,0.021447721179624665,0,0,0,0,0
3a06B,3a06,B,ifsitepred,train,373,7,42,0,,0,0.0,,0.1126005361930295,0,0,0,0,0
3a06B,3a06,B,lacuna,train,373,7,26,0,,0,0.083,,0.06970509383378017,0,0,0,0,0
3a0xA,3a0x,A,fpocket,test,149,21,11,1,2,2,0.435,,0.0738255033557047,0,1,1,1,1
3a0xA,3a0x,A,p2rank,test,149,21,3,1,1,2,0.462,,0.020134228187919462,1,1,1,1,1
3a0xA,3a0x,A,ifsitepred,test,149,21,14,0,,0,0.227,,0.09395973154362416,0,0,0,0,0
3a0xA,3a0x,A,lacuna,test,149,21,8,1,1,3,0.333,,0.053691275167785234,1,1,1,1,1
3a7gA,3a7g,A,fpocket,train,290,18,23,1,20,1,0.5,,0.07931034482758621,0,0,0,0,1
3a7gA,3a7g,A,p2rank,train,290,18,7,1,1,1,0.552,,0.02413793103448276,1,1,1,1,1
3a7gA,3a7g,A,ifsitepred,train,290,18,39,1,1,3,0.5,,0.13448275862068965,1,1,1,1,1
3a7gA,3a7g,A,lacuna,train,290,18,27,1,1,4,0.52,,0.09310344827586207,1,1,1,1,1
3aarA,3aar,A,fpocket,train,352,8,23,1,15,1,0.778,,0.06534090909090909,0,0,0,0,1
3aarA,3aar,A,p2rank,train,352,8,10,1,7,1,0.667,,0.028409090909090908,0,0,0,1,1
3aarA,3aar,A,ifsitepred,train,352,8,23,0,,0,0.0,,0.06534090909090909,0,0,0,0,0
3aarA,3aar,A,lacuna,train,352,8,21,0,,0,0.12,,0.05965909090909091,0,0,0,0,0
3asyA,3asy,A,fpocket,train,201,15,15,1,2,4,0.526,,0.07462686567164178,0,1,1,1,1
3asyA,3asy,A,p2rank,train,201,15,3,1,1,1,0.424,,0.014925373134328358,1,1,1,1,1
3asyA,3asy,A,ifsitepred,train,201,15,34,1,1,4,0.4,,0.1691542288557214,1,1,1,1,1
3asyA,3asy,A,lacuna,train,201,15,18,1,1,3,0.579,,0.08955223880597014,1,1,1,1,1
3b49A,3b49,A,fpocket,train,204,18,19,1,19,1,0.341,,0.09313725490196079,0,0,0,0,1
3b49A,3b49,A,p2rank,train,204,18,6,1,1,1,0.417,,0.029411764705882353,1,1,1,1,1
3b49A,3b49,A,ifsitepred,train,204,18,27,1,1,1,0.28,,0.1323529411764706,1,1,1,1,1
3b49A,3b49,A,lacuna,train,204,18,25,1,2,2,0.476,,0.12254901960784313,0,1,1,1,1
3b7wA,3b7w,A,fpocket,train,537,24,33,1,3,2,0.324,,0.061452513966480445,0,1,1,1,1
3b7wA,3b7w,A,p2rank,train,537,24,14,1,2,1,0.25,,0.0260707635009311,0,1,1,1,1
3b7wA,3b7w,A,ifsitepred,train,537,24,41,1,1,1,0.393,,0.07635009310986965,1,1,1,1,1
3b7wA,3b7w,A,lacuna,train,537,24,45,1,2,2,0.319,,0.08379888268156424,0,1,1,1,1
3bifA,3bif,A,fpocket,train,432,22,29,0,,0,0.224,,0.06712962962962964,0,0,0,0,0
3bifA,3bif,A,p2rank,train,432,22,9,1,1,1,0.263,,0.020833333333333332,1,1,1,1,1
3bifA,3bif,A,ifsitepred,train,432,22,38,1,7,3,0.364,,0.08796296296296297,0,0,0,1,1
3bifA,3bif,A,lacuna,train,432,22,31,1,1,4,0.457,,0.07175925925925926,1,1,1,1,1
3bjpA,3bjp,A,fpocket,test,295,5,16,0,,0,0.0,,0.05423728813559322,0,0,0,0,0
3bjpA,3bjp,A,p2rank,test,295,5,7,0,,0,0.167,,0.023728813559322035,0,0,0,0,0
3bjpA,3bjp,A,ifsitepred,test,295,5,17,0,,0,0.0,,0.0576271186440678,0,0,0,0,0
3bjpA,3bjp,A,lacuna,test,295,5,10,0,,0,0.062,,0.03389830508474576,0,0,0,0,0
3bl7B,3bl7,B,fpocket,train,289,21,18,1,4,1,0.739,,0.06228373702422145,0,0,1,1,1
3bl7B,3bl7,B,p2rank,train,289,21,4,1,1,1,0.68,,0.01384083044982699,1,1,1,1,1
3bl7B,3bl7,B,ifsitepred,train,289,21,21,1,1,1,0.5,,0.0726643598615917,1,1,1,1,1
3bl7B,3bl7,B,lacuna,train,289,21,17,1,1,1,0.739,,0.058823529411764705,1,1,1,1,1
3bljB,3blj,B,fpocket,train,198,17,15,1,1,2,0.483,,0.07575757575757576,1,1,1,1,1
3bljB,3blj,B,p2rank,train,198,17,3,1,1,1,0.462,,0.015151515151515152,1,1,1,1,1
3bljB,3blj,B,ifsitepred,train,198,17,25,1,1,2,0.65,,0.12626262626262627,1,1,1,1,1
3bljB,3blj,B,lacuna,train,198,17,7,1,1,2,0.467,,0.03535353535353535,1,1,1,1,1
3brkX,3brk,X,fpocket,train,395,8,23,0,,0,0.125,,0.05822784810126582,0,0,0,0,0
3brkX,3brk,X,p2rank,train,395,8,9,0,,0,0.129,,0.02278481012658228,0,0,0,0,0
3brkX,3brk,X,ifsitepred,train,395,8,37,0,,0,0.0,,0.09367088607594937,0,0,0,0,0
3brkX,3brk,X,lacuna,train,395,8,31,0,,0,0.167,,0.07848101265822785,0,0,0,0,0
3cabA,3cab,A,fpocket,train,117,12,10,1,1,1,0.389,,0.08547008547008547,1,1,1,1,1
3cabA,3cab,A,p2rank,train,117,12,6,0,,0,0.188,,0.05128205128205128,0,0,0,0,0
3cabA,3cab,A,ifsitepred,train,117,12,8,1,2,4,0.417,,0.06837606837606838,0,1,1,1,1
3cabA,3cab,A,lacuna,train,117,12,4,1,3,1,0.25,,0.03418803418803419,0,1,1,1,1
3cbjA,3cbj,A,fpocket,train,258,15,20,1,12,1,0.733,,0.07751937984496124,0,0,0,0,1
3cbjA,3cbj,A,p2rank,train,258,15,8,1,1,1,0.414,,0.031007751937984496,1,1,1,1,1
3cbjA,3cbj,A,ifsitepred,train,258,15,15,1,1,2,0.667,,0.05813953488372093,1,1,1,1,1
3cbjA,3cbj,A,lacuna,train,258,15,11,1,1,1,0.619,,0.04263565891472868,1,1,1,1,1
3chfB,3chf,B,fpocket,train,394,10,17,1,17,1,0.545,,0.04314720812182741,0,0,0,0,1
3chfB,3chf,B,p2rank,train,394,10,10,0,,0,0.167,,0.025380710659898477,0,0,0,0,0
3chfB,3chf,B,ifsitepred,train,394,10,19,1,3,3,0.333,,0.048223350253807105,0,1,1,1,1
3chfB,3chf,B,lacuna,train,394,10,27,1,1,2,0.429,,0.06852791878172589,1,1,1,1,1
3cj1A,3cj1,A,fpocket,train,419,12,30,1,9,2,0.312,,0.07159904534606205,0,0,0,1,1
3cj1A,3cj1,A,p2rank,train,419,12,10,1,4,1,0.4,,0.02386634844868735,0,0,1,1,1
3cj1A,3cj1,A,ifsitepred,train,419,12,21,1,8,5,0.417,,0.050119331742243436,0,0,0,1,1
3cj1A,3cj1,A,lacuna,train,419,12,28,1,5,3,0.389,,0.06682577565632458,0,0,1,1,1
3cjjA,3cjj,A,fpocket,train,219,4,19,1,12,1,0.5,,0.0867579908675799,0,0,0,0,1
3cjjA,3cjj,A,p2rank,train,219,4,2,0,,0,0.077,,0.0091324200913242,0,0,0,0,0
3cjjA,3cjj,A,ifsitepred,train,219,4,0,0,,0,0.0,,0.0,0,0,0,0,0
3cjjA,3cjj,A,lacuna,train,219,4,8,0,,0,0.143,,0.0365296803652968,0,0,0,0,0
3cvmB,3cvm,B,fpocket,train,377,12,24,1,6,1,0.5,,0.0636604774535809,0,0,0,1,1
3cvmB,3cvm,B,p2rank,train,377,12,9,1,1,1,0.3,,0.023872679045092837,1,1,1,1,1
3cvmB,3cvm,B,ifsitepred,train,377,12,0,0,,0,0.0,,0.0,0,0,0,0,0
3cvmB,3cvm,B,lacuna,train,377,12,8,1,4,1,0.375,,0.021220159151193633,0,0,1,1,1
3d0rB,3d0r,B,fpocket,train,381,27,23,1,4,1,0.686,,0.06036745406824147,0,0,1,1,1
3d0rB,3d0r,B,p2rank,train,381,27,7,1,1,1,0.658,,0.01837270341207349,1,1,1,1,1
3d0rB,3d0r,B,ifsitepred,train,381,27,58,1,1,2,0.333,,0.15223097112860892,1,1,1,1,1
3d0rB,3d0r,B,lacuna,train,381,27,36,1,2,4,0.418,,0.09448818897637795,0,1,1,1,1
3db3A,3db3,A,fpocket,train,140,9,9,1,1,1,0.333,,0.06428571428571428,1,1,1,1,1
3db3A,3db3,A,p2rank,train,140,9,4,1,1,1,0.375,,0.02857142857142857,1,1,1,1,1
3db3A,3db3,A,ifsitepred,train,140,9,21,0,,0,0.2,,0.15,0,0,0,0,0
3db3A,3db3,A,lacuna,train,140,9,11,1,2,2,0.5,,0.07857142857142857,0,1,1,1,1
3dfaA,3dfa,A,fpocket,train,265,16,17,1,9,1,0.484,,0.06415094339622641,0,0,0,1,1
3dfaA,3dfa,A,p2rank,train,265,16,7,1,1,1,0.5,,0.026415094339622643,1,1,1,1,1
3dfaA,3dfa,A,ifsitepred,train,265,16,37,1,1,2,0.474,,0.13962264150943396,1,1,1,1,1
3dfaA,3dfa,A,lacuna,train,265,16,17,1,1,4,0.591,,0.06415094339622641,1,1,1,1,1
3dfjA,3dfj,A,fpocket,train,248,23,18,1,3,1,0.364,,0.07258064516129033,0,1,1,1,1
3dfjA,3dfj,A,p2rank,train,248,23,7,1,1,2,0.276,,0.028225806451612902,1,1,1,1,1
3dfjA,3dfj,A,ifsitepred,train,248,23,21,1,2,1,0.346,,0.0846774193548387,0,1,1,1,1
3dfjA,3dfj,A,lacuna,train,248,23,16,1,3,3,0.394,,0.06451612903225806,0,1,1,1,1
3dlmA,3dlm,A,fpocket,train,208,13,12,1,6,1,0.258,,0.057692307692307696,0,0,0,1,1
3dlmA,3dlm,A,p2rank,train,208,13,7,1,5,1,0.25,,0.03365384615384615,0,0,1,1,1
3dlmA,3dlm,A,ifsitepred,train,208,13,16,1,1,3,0.357,,0.07692307692307693,1,1,1,1,1
3dlmA,3dlm,A,lacuna,train,208,13,10,0,,0,0.238,,0.04807692307692308,0,0,0,0,0
3dpcB,3dpc,B,fpocket,train,448,11,25,1,2,1,0.45,,0.05580357142857143,0,1,1,1,1
3dpcB,3dpc,B,p2rank,train,448,11,9,1,1,1,0.375,,0.020089285714285716,1,1,1,1,1
3dpcB,3dpc,B,ifsitepred,train,448,11,17,1,1,3,0.583,,0.03794642857142857,1,1,1,1,1
3dpcB,3dpc,B,lacuna,train,448,11,26,0,,0,0.169,,0.05803571428571429,0,0,0,0,0
3e9pA,3e9p,A,fpocket,train,255,13,21,1,17,2,0.538,,0.08235294117647059,0,0,0,0,1
3e9pA,3e9p,A,p2rank,train,255,13,7,1,4,1,0.571,,0.027450980392156862,0,0,1,1,1
3e9pA,3e9p,A,ifsitepred,train,255,13,11,0,,0,0.067,,0.043137254901960784,0,0,0,0,0
3e9pA,3e9p,A,lacuna,train,255,13,17,1,15,2,0.688,,0.06666666666666667,0,0,0,0,1
3eomD,3eom,D,fpocket,train,381,8,23,1,1,1,0.28,,0.06036745406824147,1,1,1,1,1
3eomD,3eom,D,p2rank,train,381,8,10,1,1,1,0.292,,0.026246719160104987,1,1,1,1,1
3eomD,3eom,D,ifsitepred,train,381,8,19,1,1,7,0.444,,0.049868766404199474,1,1,1,1,1
3eomD,3eom,D,lacuna,train,381,8,27,1,1,1,0.267,,0.07086614173228346,1,1,1,1,1
3f0fB,3f0f,B,fpocket,train,159,9,7,0,,0,0.227,,0.0440251572327044,0,0,0,0,0
3f0fB,3f0f,B,p2rank,train,159,9,1,0,,0,0.227,,0.006289308176100629,0,0,0,0,0
3f0fB,3f0f,B,ifsitepred,train,159,9,23,0,,0,0.091,,0.14465408805031446,0,0,0,0,0
3f0fB,3f0f,B,lacuna,train,159,9,4,1,1,1,0.25,,0.025157232704402517,1,1,1,1,1
3f4kA,3f4k,A,fpocket,test,254,19,17,0,,0,0.196,,0.06692913385826772,0,0,0,0,0
3f4kA,3f4k,A,p2rank,test,254,19,4,0,,0,0.145,,0.015748031496062992,0,0,0,0,0
3f4kA,3f4k,A,ifsitepred,test,254,19,24,1,1,4,0.3,,0.09448818897637795,1,1,1,1,1
3f4kA,3f4k,A,lacuna,test,254,19,23,1,2,3,0.324,,0.09055118110236221,0,1,1,1,1
3f99A,3f99,A,fpocket,train,282,13,22,1,1,1,0.476,,0.07801418439716312,1,1,1,1,1
3f99A,3f99,A,p2rank,train,282,13,6,1,1,1,0.45,,0.02127659574468085,1,1,1,1,1
3f99A,3f99,A,ifsitepred,train,282,13,13,1,1,1,0.529,,0.04609929078014184,1,1,1,1,1
3f99A,3f99,A,lacuna,train,282,13,17,1,1,3,0.556,,0.06028368794326241,1,1,1,1,1
3f9fA,3f9f,A,fpocket,train,299,19,18,0,,0,0.083,,0.06020066889632107,0,0,0,0,0
3f9fA,3f9f,A,p2rank,train,299,19,8,1,1,1,0.3,,0.026755852842809364,1,1,1,1,1
3f9fA,3f9f,A,ifsitepred,train,299,19,2,1,1,1,0.263,,0.006688963210702341,1,1,1,1,1
3f9fA,3f9f,A,lacuna,train,299,19,20,1,2,1,0.391,,0.06688963210702341,0,1,1,1,1
3ffeA,3ffe,A,fpocket,train,574,13,42,1,39,1,0.375,,0.07317073170731707,0,0,0,0,0
3ffeA,3ffe,A,p2rank,train,574,13,18,1,1,2,0.278,,0.0313588850174216,1,1,1,1,1
3ffeA,3ffe,A,ifsitepred,train,574,13,25,1,3,5,0.467,,0.04355400696864112,0,1,1,1,1
3ffeA,3ffe,A,lacuna,train,574,13,52,1,1,2,0.389,,0.09059233449477352,1,1,1,1,1
3fixB,3fix,B,fpocket,train,157,23,17,1,5,2,0.435,,0.10828025477707007,0,0,1,1,1
3fixB,3fix,B,p2rank,train,157,23,4,1,1,1,0.37,,0.025477707006369428,1,1,1,1,1
3fixB,3fix,B,ifsitepred,train,157,23,32,1,1,1,0.304,,0.20382165605095542,1,1,1,1,1
3fixB,3fix,B,lacuna,train,157,23,18,1,1,3,0.529,,0.11464968152866242,1,1,1,1,1
3flgA,3flg,A,fpocket,test,135,8,6,1,1,1,0.357,,0.044444444444444446,1,1,1,1,1
3flgA,3flg,A,p2rank,test,135,8,2,1,1,1,0.417,,0.014814814814814815,1,1,1,1,1
3flgA,3flg,A,ifsitepred,test,135,8,10,1,1,5,0.333,,0.07407407407407407,1,1,1,1,1
3flgA,3flg,A,lacuna,test,135,8,7,1,1,2,0.4,,0.05185185185185185,1,1,1,1,1
3fq8A,3fq8,A,fpocket,train,427,7,31,0,,0,0.077,,0.07259953161592506,0,0,0,0,0
3fq8A,3fq8,A,p2rank,train,427,7,10,0,,0,0.023,,0.0234192037470726,0,0,0,0,0
3fq8A,3fq8,A,ifsitepred,train,427,7,40,0,,0,0.038,,0.0936768149882904,0,0,0,0,0
3fq8A,3fq8,A,lacuna,train,427,7,31,0,,0,0.208,,0.07259953161592506,0,0,0,0,0
3futA,3fut,A,fpocket,train,264,20,19,1,1,1,0.349,,0.07196969696969698,1,1,1,1,1
3futA,3fut,A,p2rank,train,264,20,7,1,1,1,0.35,,0.026515151515151516,1,1,1,1,1
3futA,3fut,A,ifsitepred,train,264,20,33,1,1,3,0.409,,0.125,1,1,1,1,1
3futA,3fut,A,lacuna,train,264,20,22,1,1,2,0.552,,0.08333333333333333,1,1,1,1,1
3fzoA,3fzo,A,fpocket,test,262,25,14,1,6,1,0.308,,0.05343511450381679,0,0,0,1,1
3fzoA,3fzo,A,p2rank,test,262,25,5,1,1,1,0.316,,0.019083969465648856,1,1,1,1,1
3fzoA,3fzo,A,ifsitepred,test,262,25,32,1,2,1,0.36,,0.12213740458015267,0,1,1,1,1
3fzoA,3fzo,A,lacuna,test,262,25,17,1,1,3,0.314,,0.0648854961832061,1,1,1,1,1
3g56B,3g56,B,fpocket,train,179,23,17,1,1,1,0.5,,0.09497206703910614,1,1,1,1,1
3g56B,3g56,B,p2rank,train,179,23,4,1,1,2,0.593,,0.0223463687150838,1,1,1,1,1
3g56B,3g56,B,ifsitepred,train,179,23,30,1,2,2,0.261,,0.16759776536312848,0,1,1,1,1
3g56B,3g56,B,lacuna,train,179,23,12,1,1,6,0.697,,0.0670391061452514,1,1,1,1,1
3g8aA,3g8a,A,fpocket,train,236,5,12,1,3,1,0.273,,0.05084745762711865,0,1,1,1,1
3g8aA,3g8a,A,p2rank,train,236,5,2,0,,0,0.0,,0.00847457627118644,0,0,0,0,0
3g8aA,3g8a,A,ifsitepred,train,236,5,26,0,,0,0.0,,0.11016949152542373,0,0,0,0,0
3g8aA,3g8a,A,lacuna,train,236,5,15,0,,0,0.111,,0.0635593220338983,0,0,0,0,0
3garA,3gar,A,fpocket,train,209,21,12,1,11,2,0.273,,0.05741626794258373,0,0,0,0,1
3garA,3gar,A,p2rank,train,209,21,1,1,1,1,0.415,,0.004784688995215311,1,1,1,1,1
3garA,3gar,A,ifsitepred,train,209,21,28,1,1,1,0.32,,0.1339712918660287,1,1,1,1,1
3garA,3gar,A,lacuna,train,209,21,11,1,1,2,0.364,,0.05263157894736842,1,1,1,1,1
3gdgB,3gdg,B,fpocket,test,267,31,24,1,12,2,0.273,,0.0898876404494382,0,0,0,0,1
3gdgB,3gdg,B,p2rank,test,267,31,4,1,1,1,0.596,,0.0149812734082397,1,1,1,1,1
3gdgB,3gdg,B,ifsitepred,test,267,31,29,1,1,2,0.29,,0.10861423220973783,1,1,1,1,1
3gdgB,3gdg,B,lacuna,test,267,31,20,1,1,2,0.412,,0.0749063670411985,1,1,1,1,1
3gl0C,3gl0,C,fpocket,train,315,12,20,1,4,1,0.348,,0.06349206349206349,0,0,1,1,1
3gl0C,3gl0,C,p2rank,train,315,12,9,1,1,1,0.375,,0.02857142857142857,1,1,1,1,1
3gl0C,3gl0,C,ifsitepred,train,315,12,20,1,1,1,0.312,,0.06349206349206349,1,1,1,1,1
3gl0C,3gl0,C,lacuna,train,315,12,24,1,4,3,0.35,,0.0761904761904762,0,0,1,1,1
3h11B,3h11,B,fpocket,train,229,11,11,0,,0,0.105,,0.048034934497816595,0,0,0,0,0
3h11B,3h11,B,p2rank,train,229,11,6,0,,0,0.133,,0.026200873362445413,0,0,0,0,0
3h11B,3h11,B,ifsitepred,train,229,11,27,0,,0,0.0,,0.11790393013100436,0,0,0,0,0
3h11B,3h11,B,lacuna,train,229,11,10,0,,0,0.129,,0.043668122270742356,0,0,0,0,0
3h8aB,3h8a,B,fpocket,test,430,18,16,1,6,1,0.667,,0.037209302325581395,0,0,0,1,1
3h8aB,3h8a,B,p2rank,test,430,18,9,1,1,1,0.424,,0.020930232558139535,1,1,1,1,1
3h8aB,3h8a,B,ifsitepred,test,430,18,39,1,1,1,0.667,,0.09069767441860466,1,1,1,1,1
3h8aB,3h8a,B,lacuna,test,430,18,22,1,1,2,0.737,,0.05116279069767442,1,1,1,1,1
3hi6A,3hi6,A,fpocket,train,180,22,14,0,,0,0.037,,0.07777777777777778,0,0,0,0,0
3hi6A,3hi6,A,p2rank,train,180,22,1,0,,0,0.217,,0.005555555555555556,0,0,0,0,0
3hi6A,3hi6,A,ifsitepred,train,180,22,9,0,,0,0.0,,0.05,0,0,0,0,0
3hi6A,3hi6,A,lacuna,train,180,22,9,1,4,2,0.432,,0.05,0,0,1,1,1
3hsjA,3hsj,A,fpocket,train,158,17,9,0,,0,0.167,,0.056962025316455694,0,0,0,0,0
3hsjA,3hsj,A,p2rank,train,158,17,1,1,1,1,0.483,,0.006329113924050633,1,1,1,1,1
3hsjA,3hsj,A,ifsitepred,train,158,17,20,0,,0,0.235,,0.12658227848101267,0,0,0,0,0
3hsjA,3hsj,A,lacuna,train,158,17,12,1,5,1,0.429,,0.0759493670886076,0,0,1,1,1
3i8sB,3i8s,B,fpocket,test,261,16,21,1,13,2,0.45,,0.08045977011494253,0,0,0,0,1
3i8sB,3i8s,B,p2rank,test,261,16,8,1,2,2,0.368,,0.03065134099616858,0,1,1,1,1
3i8sB,3i8s,B,ifsitepred,test,261,16,26,1,4,5,0.438,,0.09961685823754789,0,0,1,1,1
3i8sB,3i8s,B,lacuna,test,261,16,17,1,2,2,0.346,,0.06513409961685823,0,1,1,1,1
3idhA,3idh,A,fpocket,test,453,22,33,1,3,1,0.731,,0.0728476821192053,0,1,1,1,1
3idhA,3idh,A,p2rank,test,453,22,11,1,2,1,0.792,,0.024282560706401765,0,1,1,1,1
3idhA,3idh,A,ifsitepred,test,453,22,28,0,,0,0.0,,0.06181015452538632,0,0,0,0,0
3idhA,3idh,A,lacuna,test,453,22,34,1,15,3,0.7,,0.07505518763796909,0,0,0,0,1
3iecB,3iec,B,fpocket,train,313,23,18,1,17,1,0.68,,0.05750798722044728,0,0,0,0,1
3iecB,3iec,B,p2rank,train,313,23,8,1,1,1,0.514,,0.025559105431309903,1,1,1,1,1
3iecB,3iec,B,ifsitepred,train,313,23,54,1,1,2,0.435,,0.17252396166134185,1,1,1,1,1
3iecB,3iec,B,lacuna,train,313,23,25,1,1,3,0.68,,0.07987220447284345,1,1,1,1,1
3ih2A,3ih2,A,fpocket,train,201,10,21,0,,0,0.188,,0.1044776119402985,0,0,0,0,0
3ih2A,3ih2,A,p2rank,train,201,10,5,0,,0,0.077,,0.024875621890547265,0,0,0,0,0
3ih2A,3ih2,A,ifsitepred,train,201,10,34,1,27,1,0.4,,0.1691542288557214,0,0,0,0,0
3ih2A,3ih2,A,lacuna,train,201,10,16,0,,0,0.16,,0.07960199004975124,0,0,0,0,0
3ikwA,3ikw,A,fpocket,train,373,11,21,1,1,1,0.5,,0.05630026809651475,1,1,1,1,1
3ikwA,3ikw,A,p2rank,train,373,11,8,1,1,1,0.385,,0.021447721179624665,1,1,1,1,1
3ikwA,3ikw,A,ifsitepred,train,373,11,26,1,2,9,0.4,,0.06970509383378017,0,1,1,1,1
3ikwA,3ikw,A,lacuna,train,373,11,20,1,1,1,0.45,,0.05361930294906166,1,1,1,1,1
3iunA,3iun,A,fpocket,train,672,10,39,1,8,1,0.9,,0.05803571428571429,0,0,0,1,1
3iunA,3iun,A,p2rank,train,672,10,21,1,5,1,0.583,,0.03125,0,0,1,1,1
3iunA,3iun,A,ifsitepred,train,672,10,17,1,1,3,0.9,,0.025297619047619048,1,1,1,1,1
3iunA,3iun,A,lacuna,train,672,10,54,0,,0,0.129,,0.08035714285714286,0,0,0,0,0
3jxsC,3jxs,C,fpocket,train,166,5,8,1,1,2,0.5,,0.04819277108433735,1,1,1,1,1
3jxsC,3jxs,C,p2rank,train,166,5,4,1,1,2,0.357,,0.024096385542168676,1,1,1,1,1
3jxsC,3jxs,C,ifsitepred,train,166,5,26,1,1,9,0.6,,0.1566265060240964,1,1,1,1,1
3jxsC,3jxs,C,lacuna,train,166,5,10,0,,0,0.222,,0.060240963855421686,0,0,0,0,0
3jzgA,3jzg,A,fpocket,test,359,12,17,1,2,1,0.5,,0.04735376044568245,0,1,1,1,1
3jzgA,3jzg,A,p2rank,test,359,12,11,1,2,1,0.571,,0.03064066852367688,0,1,1,1,1
3jzgA,3jzg,A,ifsitepred,test,359,12,21,1,1,3,0.357,,0.0584958217270195,1,1,1,1,1
3jzgA,3jzg,A,lacuna,test,359,12,27,1,1,1,0.5,,0.07520891364902507,1,1,1,1,1
3k01A,3k01,A,fpocket,test,391,26,23,1,11,2,0.538,,0.058823529411764705,0,0,0,0,1
3k01A,3k01,A,p2rank,test,391,26,6,1,1,1,0.629,,0.015345268542199489,1,1,1,1,1
3k01A,3k01,A,ifsitepred,test,391,26,25,0,,0,0.231,,0.0639386189258312,0,0,0,0,0
3k01A,3k01,A,lacuna,test,391,26,22,1,1,2,0.385,,0.056265984654731455,1,1,1,1,1
3kjeA,3kje,A,fpocket,train,254,18,22,1,1,1,0.36,,0.08661417322834646,1,1,1,1,1
3kjeA,3kje,A,p2rank,train,254,18,4,1,1,1,0.25,,0.015748031496062992,1,1,1,1,1
3kjeA,3kje,A,ifsitepred,train,254,18,33,1,2,3,0.421,,0.12992125984251968,0,1,1,1,1
3kjeA,3kje,A,lacuna,train,254,18,21,1,2,4,0.414,,0.08267716535433071,0,1,1,1,1
3l15A,3l15,A,fpocket,train,193,11,18,1,18,1,0.333,,0.09326424870466321,0,0,0,0,1
3l15A,3l15,A,p2rank,train,193,11,6,1,5,1,0.5,,0.031088082901554404,0,0,1,1,1
3l15A,3l15,A,ifsitepred,train,193,11,7,0,,0,0.2,,0.03626943005181347,0,0,0,0,0
3l15A,3l15,A,lacuna,train,193,11,8,0,,0,0.125,,0.04145077720207254,0,0,0,0,0
3l28F,3l28,F,fpocket,train,120,15,8,1,3,1,0.375,,0.06666666666666667,0,1,1,1,1
3l28F,3l28,F,p2rank,train,120,15,3,0,,0,0.235,,0.025,0,0,0,0,0
3l28F,3l28,F,ifsitepred,train,120,15,3,0,,0,0.111,,0.025,0,0,0,0,0
3l28F,3l28,F,lacuna,train,120,15,5,0,,0,0.125,,0.041666666666666664,0,0,0,0,0
3lckA,3lck,A,fpocket,train,271,26,21,1,19,1,0.393,,0.07749077490774908,0,0,0,0,1
3lckA,3lck,A,p2rank,train,271,26,4,1,1,1,0.455,,0.014760147601476014,1,1,1,1,1
3lckA,3lck,A,ifsitepred,train,271,26,35,1,2,1,0.346,,0.12915129151291513,0,1,1,1,1
3lckA,3lck,A,lacuna,train,271,26,19,1,2,3,0.485,,0.07011070110701106,0,1,1,1,1
3lo7A,3lo7,A,fpocket,train,420,18,24,0,,0,0.241,,0.05714285714285714,0,0,0,0,0
3lo7A,3lo7,A,p2rank,train,420,18,9,1,2,2,0.389,,0.02142857142857143,0,1,1,1,1
3lo7A,3lo7,A,ifsitepred,train,420,18,8,1,1,2,0.611,,0.01904761904761905,1,1,1,1,1
3lo7A,3lo7,A,lacuna,train,420,18,24,1,1,2,0.486,,0.05714285714285714,1,1,1,1,1
3ly8A,3ly8,A,fpocket,test,323,5,26,0,,0,0.111,,0.0804953560371517,0,0,0,0,0
3ly8A,3ly8,A,p2rank,test,323,5,9,0,,0,0.0,,0.02786377708978328,0,0,0,0,0
3ly8A,3ly8,A,ifsitepred,test,323,5,10,0,,0,0.0,,0.030959752321981424,0,0,0,0,0
3ly8A,3ly8,A,lacuna,test,323,5,29,0,,0,0.048,,0.08978328173374613,0,0,0,0,0
3me0A,3me0,A,fpocket,train,216,6,13,1,12,1,0.333,,0.06018518518518518,0,0,0,0,1
3me0A,3me0,A,p2rank,train,216,6,3,0,,0,0.0,,0.013888888888888888,0,0,0,0,0
3me0A,3me0,A,ifsitepred,train,216,6,12,1,4,2,0.429,,0.05555555555555555,0,0,1,1,1
3me0A,3me0,A,lacuna,train,216,6,15,0,,0,0.1,,0.06944444444444445,0,0,0,0,0
3mo4A,3mo4,A,fpocket,train,455,13,35,1,4,1,0.714,,0.07692307692307693,0,0,1,1,1
3mo4A,3mo4,A,p2rank,train,455,13,16,1,1,1,0.571,,0.035164835164835165,1,1,1,1,1
3mo4A,3mo4,A,ifsitepred,train,455,13,16,1,2,5,0.462,,0.035164835164835165,0,1,1,1,1
3mo4A,3mo4,A,lacuna,train,455,13,37,1,1,1,0.55,,0.08131868131868132,1,1,1,1,1
3mo7A,3mo7,A,fpocket,train,258,4,15,0,,0,0.0,,0.05813953488372093,0,0,0,0,0
3mo7A,3mo7,A,p2rank,train,258,4,3,0,,0,0.0,,0.011627906976744186,0,0,0,0,0
3mo7A,3mo7,A,ifsitepred,train,258,4,38,0,,0,0.0,,0.14728682170542637,0,0,0,0,0
3mo7A,3mo7,A,lacuna,train,258,4,13,0,,0,0.032,,0.050387596899224806,0,0,0,0,0
3mp4D,3mp4,D,fpocket,train,296,29,15,1,13,2,0.379,,0.05067567567567568,0,0,0,0,1
3mp4D,3mp4,D,p2rank,train,296,29,7,1,1,2,0.359,,0.02364864864864865,1,1,1,1,1
3mp4D,3mp4,D,ifsitepred,train,296,29,28,0,,0,0.235,,0.0945945945945946,0,0,0,0,0
3mp4D,3mp4,D,lacuna,train,296,29,28,1,2,3,0.4,,0.0945945945945946,0,1,1,1,1
3mwgB,3mwg,B,fpocket,test,274,16,20,1,3,1,0.409,,0.072992700729927,0,1,1,1,1
3mwgB,3mwg,B,p2rank,test,274,16,6,1,1,1,0.5,,0.021897810218978103,1,1,1,1,1
3mwgB,3mwg,B,ifsitepred,test,274,16,23,1,2,3,0.294,,0.08394160583941605,0,1,1,1,1
3mwgB,3mwg,B,lacuna,test,274,16,19,1,1,3,0.4,,0.06934306569343066,1,1,1,1,1
3mwkA,3mwk,A,fpocket,train,207,16,17,1,3,2,0.429,,0.0821256038647343,0,1,1,1,1
3mwkA,3mwk,A,p2rank,train,207,16,2,1,2,1,0.529,,0.00966183574879227,0,1,1,1,1
3mwkA,3mwk,A,ifsitepred,train,207,16,25,1,1,7,0.5,,0.12077294685990338,1,1,1,1,1
3mwkA,3mwk,A,lacuna,train,207,16,19,1,1,2,0.524,,0.09178743961352658,1,1,1,1,1
3n2wB,3n2w,B,fpocket,train,365,7,18,0,,0,0.235,,0.049315068493150684,0,0,0,0,0
3n2wB,3n2w,B,p2rank,train,365,7,6,1,2,1,0.6,,0.01643835616438356,0,1,1,1,1
3n2wB,3n2w,B,ifsitepred,train,365,7,28,1,7,3,0.571,,0.07671232876712329,0,0,0,1,1
3n2wB,3n2w,B,lacuna,train,365,7,5,0,,0,0.0,,0.0136986301369863,0,0,0,0,0
3n4uA,3n4u,A,fpocket,test,301,10,19,0,,0,0.214,,0.06312292358803986,0,0,0,0,0
3n4uA,3n4u,A,p2rank,test,301,10,6,0,,0,0.188,,0.019933554817275746,0,0,0,0,0
3n4uA,3n4u,A,ifsitepred,test,301,10,43,1,1,6,0.364,,0.14285714285714285,1,1,1,1,1
3n4uA,3n4u,A,lacuna,test,301,10,31,1,5,3,0.273,,0.10299003322259136,0,0,1,1,1
3naqA,3naq,A,fpocket,train,351,31,23,1,5,2,0.5,,0.06552706552706553,0,0,1,1,1
3naqA,3naq,A,p2rank,train,351,31,10,1,1,1,0.486,,0.02849002849002849,1,1,1,1,1
3naqA,3naq,A,ifsitepred,train,351,31,38,0,,0,0.226,,0.10826210826210826,0,0,0,0,0
3naqA,3naq,A,lacuna,train,351,31,26,1,1,7,0.421,,0.07407407407407407,1,1,1,1,1
3naxA,3nax,A,fpocket,train,278,11,27,1,17,1,0.429,,0.09712230215827339,0,0,0,0,1
3naxA,3nax,A,p2rank,train,278,11,5,0,,0,0.0,,0.017985611510791366,0,0,0,0,0
3naxA,3nax,A,ifsitepred,train,278,11,40,0,,0,0.231,,0.14388489208633093,0,0,0,0,0
3naxA,3nax,A,lacuna,train,278,11,16,0,,0,0.125,,0.05755395683453238,0,0,0,0,0
3nshB,3nsh,B,fpocket,train,376,9,20,0,,0,0.188,,0.05319148936170213,0,0,0,0,0
3nshB,3nsh,B,p2rank,train,376,9,10,1,4,1,0.263,,0.026595744680851064,0,0,1,1,1
3nshB,3nsh,B,ifsitepred,train,376,9,18,0,,0,0.133,,0.047872340425531915,0,0,0,0,0
3nshB,3nsh,B,lacuna,train,376,9,28,1,8,1,0.4,,0.07446808510638298,0,0,0,1,1
3nsuA,3nsu,A,fpocket,train,109,5,5,0,,0,0.182,,0.045871559633027525,0,0,0,0,0
3nsuA,3nsu,A,p2rank,train,109,5,1,0,,0,0.0,,0.009174311926605505,0,0,0,0,0
3nsuA,3nsu,A,ifsitepred,train,109,5,17,1,3,3,0.429,,0.1559633027522936,0,1,1,1,1
3nsuA,3nsu,A,lacuna,train,109,5,5,0,,0,0.214,,0.045871559633027525,0,0,0,0,0
3nx1B,3nx1,B,fpocket,test,165,10,5,1,1,1,0.316,,0.030303030303030304,1,1,1,1,1
3nx1B,3nx1,B,p2rank,test,165,10,4,1,1,1,0.286,,0.024242424242424242,1,1,1,1,1
3nx1B,3nx1,B,ifsitepred,test,165,10,6,1,1,1,0.316,,0.03636363636363636,1,1,1,1,1
3nx1B,3nx1,B,lacuna,test,165,10,7,1,3,1,0.4,,0.04242424242424243,0,1,1,1,1
3odnA,3odn,A,fpocket,train,366,19,27,0,,0,0.12,,0.07377049180327869,0,0,0,0,0
3odnA,3odn,A,p2rank,train,366,19,12,0,,0,0.13,,0.03278688524590164,0,0,0,0,0
3odnA,3odn,A,ifsitepred,train,366,19,4,0,,0,0.143,,0.01092896174863388,0,0,0,0,0
3odnA,3odn,A,lacuna,train,366,19,34,1,5,3,0.385,,0.09289617486338798,0,0,1,1,1
3ofjA,3ofj,A,fpocket,train,178,20,8,1,1,1,0.435,,0.0449438202247191,1,1,1,1,1
3ofjA,3ofj,A,p2rank,train,178,20,5,1,2,2,0.435,,0.028089887640449437,0,1,1,1,1
3ofjA,3ofj,A,ifsitepred,train,178,20,21,1,2,2,0.333,,0.11797752808988764,0,1,1,1,1
3ofjA,3ofj,A,lacuna,train,178,20,11,1,1,2,0.56,,0.06179775280898876,1,1,1,1,1
3oguA,3ogu,A,fpocket,train,326,18,16,0,,0,0.19,,0.049079754601226995,0,0,0,0,0
3oguA,3ogu,A,p2rank,train,326,18,6,1,1,1,0.565,,0.018404907975460124,1,1,1,1,1
3oguA,3ogu,A,ifsitepred,train,326,18,31,1,1,2,0.333,,0.0950920245398773,1,1,1,1,1
3oguA,3ogu,A,lacuna,train,326,18,13,1,3,1,0.269,,0.03987730061349693,0,1,1,1,1
3oicD,3oic,D,fpocket,train,252,34,16,1,1,1,0.355,,0.06349206349206349,1,1,1,1,1
3oicD,3oic,D,p2rank,train,252,34,7,0,,0,0.227,,0.027777777777777776,0,0,0,0,0
3oicD,3oic,D,ifsitepred,train,252,34,31,0,,0,0.244,,0.12301587301587301,0,0,0,0,0
3oicD,3oic,D,lacuna,train,252,34,16,1,1,3,0.375,,0.06349206349206349,1,1,1,1,1
3p08B,3p08,B,fpocket,train,258,26,19,1,18,2,0.432,,0.07364341085271318,0,0,0,0,1
3p08B,3p08,B,p2rank,train,258,26,7,1,1,1,0.421,,0.027131782945736434,1,1,1,1,1
3p08B,3p08,B,ifsitepred,train,258,26,42,1,2,1,0.423,,0.16279069767441862,0,1,1,1,1
3p08B,3p08,B,lacuna,train,258,26,22,1,1,4,0.455,,0.08527131782945736,1,1,1,1,1
3p6eA,3p6e,A,fpocket,train,139,11,8,0,,0,0.133,,0.05755395683453238,0,0,0,0,0
3p6eA,3p6e,A,p2rank,train,139,11,2,0,,0,0.188,,0.014388489208633094,0,0,0,0,0
3p6eA,3p6e,A,ifsitepred,train,139,11,16,0,,0,0.083,,0.11510791366906475,0,0,0,0,0
3p6eA,3p6e,A,lacuna,train,139,11,8,1,6,1,0.265,,0.05755395683453238,0,0,0,1,1
3pbfA,3pbf,A,fpocket,test,145,7,9,0,,0,0.071,,0.06206896551724138,0,0,0,0,0
3pbfA,3pbf,A,p2rank,test,145,7,3,0,,0,0.0,,0.020689655172413793,0,0,0,0,0
3pbfA,3pbf,A,ifsitepred,test,145,7,5,0,,0,0.0,,0.034482758620689655,0,0,0,0,0
3pbfA,3pbf,A,lacuna,test,145,7,4,1,1,1,0.462,,0.027586206896551724,1,1,1,1,1
3pgsB,3pgs,B,fpocket,train,426,3,36,1,24,2,0.5,,0.08450704225352113,0,0,0,0,0
3pgsB,3pgs,B,p2rank,train,426,3,11,0,,0,0.143,,0.025821596244131457,0,0,0,0,0
3pgsB,3pgs,B,ifsitepred,train,426,3,37,0,,0,0.0,,0.08685446009389672,0,0,0,0,0
3pgsB,3pgs,B,lacuna,train,426,3,34,0,,0,0.0,,0.07981220657276995,0,0,0,0,0
3pidA,3pid,A,fpocket,train,387,13,26,1,10,2,0.267,,0.06718346253229975,0,0,0,1,1
3pidA,3pid,A,p2rank,train,387,13,8,0,,0,0.217,,0.020671834625323,0,0,0,0,0
3pidA,3pid,A,ifsitepred,train,387,13,57,1,41,1,0.267,,0.14728682170542637,0,0,0,0,0
3pidA,3pid,A,lacuna,train,387,13,31,1,6,2,0.333,,0.08010335917312661,0,0,0,1,1
3psgA,3psg,A,fpocket,train,365,30,16,0,,0,0.2,,0.043835616438356165,0,0,0,0,0
3psgA,3psg,A,p2rank,train,365,30,7,1,3,1,0.273,,0.019178082191780823,0,1,1,1,1
3psgA,3psg,A,ifsitepred,train,365,30,11,0,,0,0.152,,0.030136986301369864,0,0,0,0,0
3psgA,3psg,A,lacuna,train,365,30,26,1,1,4,0.295,,0.07123287671232877,1,1,1,1,1
3px7A,3px7,A,fpocket,train,552,15,37,0,,0,0.197,,0.06702898550724638,0,0,0,0,0
3px7A,3px7,A,p2rank,train,552,15,10,0,,0,0.2,,0.018115942028985508,0,0,0,0,0
3px7A,3px7,A,ifsitepred,train,552,15,46,1,2,4,0.278,,0.08333333333333333,0,1,1,1,1
3px7A,3px7,A,lacuna,train,552,15,48,1,3,2,0.36,,0.08695652173913043,0,1,1,1,1
3q6uA,3q6u,A,fpocket,train,287,20,19,1,4,1,0.571,,0.06620209059233449,0,0,1,1,1
3q6uA,3q6u,A,p2rank,train,287,20,9,1,1,1,0.5,,0.0313588850174216,1,1,1,1,1
3q6uA,3q6u,A,ifsitepred,train,287,20,38,1,1,2,0.476,,0.13240418118466898,1,1,1,1,1
3q6uA,3q6u,A,lacuna,train,287,20,17,1,1,3,0.433,,0.059233449477351915,1,1,1,1,1
3qasA,3qas,A,fpocket,train,223,20,18,1,1,1,0.393,,0.08071748878923767,1,1,1,1,1
3qasA,3qas,A,p2rank,train,223,20,6,1,1,1,0.29,,0.026905829596412557,1,1,1,1,1
3qasA,3qas,A,ifsitepred,train,223,20,33,1,1,1,0.25,,0.14798206278026907,1,1,1,1,1
3qasA,3qas,A,lacuna,train,223,20,15,0,,0,0.217,,0.06726457399103139,0,0,0,0,0
3qr9B,3qr9,B,fpocket,train,344,10,26,1,13,1,0.5,,0.0755813953488372,0,0,0,0,1
3qr9B,3qr9,B,p2rank,train,344,10,9,0,,0,0.211,,0.02616279069767442,0,0,0,0,0
3qr9B,3qr9,B,ifsitepred,train,344,10,26,1,4,3,0.636,,0.0755813953488372,0,0,1,1,1
3qr9B,3qr9,B,lacuna,train,344,10,25,1,6,1,0.45,,0.07267441860465117,0,0,0,1,1
3qwaB,3qwa,B,fpocket,train,332,32,18,1,2,2,0.412,,0.05421686746987952,0,1,1,1,1
3qwaB,3qwa,B,p2rank,train,332,32,8,1,1,1,0.622,,0.024096385542168676,1,1,1,1,1
3qwaB,3qwa,B,ifsitepred,train,332,32,39,1,2,1,0.273,,0.11746987951807229,0,1,1,1,1
3qwaB,3qwa,B,lacuna,train,332,32,27,1,1,3,0.471,,0.08132530120481928,1,1,1,1,1
3qwdJ,3qwd,J,fpocket,train,186,17,7,1,1,1,0.4,,0.03763440860215054,1,1,1,1,1
3qwdJ,3qwd,J,p2rank,train,186,17,3,1,1,1,0.476,,0.016129032258064516,1,1,1,1,1
3qwdJ,3qwd,J,ifsitepred,train,186,17,21,1,2,2,0.389,,0.11290322580645161,0,1,1,1,1
3qwdJ,3qwd,J,lacuna,train,186,17,10,1,1,1,0.5,,0.053763440860215055,1,1,1,1,1
3r5sA,3r5s,A,fpocket,train,301,21,23,1,7,2,0.522,,0.07641196013289037,0,0,0,1,1
3r5sA,3r5s,A,p2rank,train,301,21,8,1,1,1,0.385,,0.026578073089700997,1,1,1,1,1
3r5sA,3r5s,A,ifsitepred,train,301,21,25,1,1,3,0.391,,0.08305647840531562,1,1,1,1,1
3r5sA,3r5s,A,lacuna,train,301,21,23,1,1,3,0.433,,0.07641196013289037,1,1,1,1,1
3rbhA,3rbh,A,fpocket,train,428,11,39,1,20,1,0.636,,0.0911214953271028,0,0,0,0,1
3rbhA,3rbh,A,p2rank,train,428,11,9,0,,0,0.048,,0.02102803738317757,0,0,0,0,0
3rbhA,3rbh,A,ifsitepred,train,428,11,12,0,,0,0.059,,0.028037383177570093,0,0,0,0,0
3rbhA,3rbh,A,lacuna,train,428,11,36,0,,0,0.167,,0.08411214953271028,0,0,0,0,0
3rj3F,3rj3,F,fpocket,train,107,12,13,1,1,1,0.562,,0.12149532710280374,1,1,1,1,1
3rj3F,3rj3,F,p2rank,train,107,12,1,0,,0,0.0,,0.009345794392523364,0,0,0,0,0
3rj3F,3rj3,F,ifsitepred,train,107,12,0,0,,0,0.0,,0.0,0,0,0,0,0
3rj3F,3rj3,F,lacuna,train,107,12,5,1,1,1,0.579,,0.04672897196261682,1,1,1,1,1
3rmyD,3rmy,D,fpocket,train,404,8,22,0,,0,0.188,,0.054455445544554455,0,0,0,0,0
3rmyD,3rmy,D,p2rank,train,404,8,10,0,,0,0.214,,0.024752475247524754,0,0,0,0,0
3rmyD,3rmy,D,ifsitepred,train,404,8,12,0,,0,0.0,,0.0297029702970297,0,0,0,0,0
3rmyD,3rmy,D,lacuna,train,404,8,34,0,,0,0.227,,0.08415841584158416,0,0,0,0,0
3rwoB,3rwo,B,fpocket,train,172,4,9,0,,0,0.0,,0.05232558139534884,0,0,0,0,0
3rwoB,3rwo,B,p2rank,train,172,4,3,0,,0,0.0,,0.01744186046511628,0,0,0,0,0
3rwoB,3rwo,B,ifsitepred,train,172,4,37,0,,0,0.0,,0.21511627906976744,0,0,0,0,0
3rwoB,3rwo,B,lacuna,train,172,4,9,0,,0,0.036,,0.05232558139534884,0,0,0,0,0
3rwvA,3rwv,A,fpocket,test,205,18,17,1,3,1,0.318,,0.08292682926829269,0,1,1,1,1
3rwvA,3rwv,A,p2rank,test,205,18,3,1,1,1,0.292,,0.014634146341463415,1,1,1,1,1
3rwvA,3rwv,A,ifsitepred,test,205,18,6,1,1,1,0.35,,0.02926829268292683,1,1,1,1,1
3rwvA,3rwv,A,lacuna,test,205,18,18,1,1,2,0.344,,0.08780487804878048,1,1,1,1,1
3s6wA,3s6w,A,fpocket,train,52,4,2,1,2,1,0.375,,0.038461538461538464,0,1,1,1,1
3s6wA,3s6w,A,p2rank,train,52,4,1,0,,0,0.0,,0.019230769230769232,0,0,0,0,0
3s6wA,3s6w,A,ifsitepred,train,52,4,8,1,1,2,0.375,,0.15384615384615385,1,1,1,1,1
3s6wA,3s6w,A,lacuna,train,52,4,3,0,,0,0.231,,0.057692307692307696,0,0,0,0,0
3sebA,3seb,A,fpocket,train,238,9,11,0,,0,0.067,,0.046218487394957986,0,0,0,0,0
3sebA,3seb,A,p2rank,train,238,9,7,1,5,1,0.357,,0.029411764705882353,0,0,1,1,1
3sebA,3seb,A,ifsitepred,train,238,9,3,0,,0,0.0,,0.012605042016806723,0,0,0,0,0
3sebA,3seb,A,lacuna,train,238,9,12,1,2,1,0.286,,0.05042016806722689,0,1,1,1,1
3sr3A,3sr3,A,fpocket,train,333,11,21,1,3,1,0.412,,0.06306306306306306,0,1,1,1,1
3sr3A,3sr3,A,p2rank,train,333,11,5,1,1,1,0.32,,0.015015015015015015,1,1,1,1,1
3sr3A,3sr3,A,ifsitepred,train,333,11,20,1,1,3,0.389,,0.06006006006006006,1,1,1,1,1
3sr3A,3sr3,A,lacuna,train,333,11,22,0,,0,0.161,,0.06606606606606606,0,0,0,0,0
3ssxR,3ssx,R,fpocket,train,102,8,8,1,5,1,0.333,,0.0784313725490196,0,0,1,1,1
3ssxR,3ssx,R,p2rank,train,102,8,0,0,,0,0.0,,0.0,0,0,0,0,0
3ssxR,3ssx,R,ifsitepred,train,102,8,24,1,2,2,0.375,,0.23529411764705882,0,1,1,1,1
3ssxR,3ssx,R,lacuna,train,102,8,7,0,,0,0.176,,0.06862745098039216,0,0,0,0,0
3st6C,3st6,C,fpocket,test,424,17,27,1,1,1,0.394,,0.06367924528301887,1,1,1,1,1
3st6C,3st6,C,p2rank,test,424,17,8,1,1,1,0.371,,0.018867924528301886,1,1,1,1,1
3st6C,3st6,C,ifsitepred,test,424,17,15,1,1,3,0.474,,0.03537735849056604,1,1,1,1,1
3st6C,3st6,C,lacuna,test,424,17,32,1,1,3,0.395,,0.07547169811320754,1,1,1,1,1
3t8bA,3t8b,A,fpocket,test,237,15,17,0,,0,0.111,,0.07172995780590717,0,0,0,0,0
3t8bA,3t8b,A,p2rank,test,237,15,7,1,5,1,0.467,,0.029535864978902954,0,0,1,1,1
3t8bA,3t8b,A,ifsitepred,test,237,15,14,1,1,4,0.4,,0.05907172995780591,1,1,1,1,1
3t8bA,3t8b,A,lacuna,test,237,15,15,0,,0,0.188,,0.06329113924050633,0,0,0,0,0
3tpeA,3tpe,A,fpocket,train,421,21,30,1,29,1,0.311,,0.07125890736342043,0,0,0,0,0
3tpeA,3tpe,A,p2rank,train,421,21,9,1,1,1,0.321,,0.021377672209026127,1,1,1,1,1
3tpeA,3tpe,A,ifsitepred,train,421,21,36,1,2,2,0.524,,0.0855106888361045,0,1,1,1,1
3tpeA,3tpe,A,lacuna,train,421,21,39,1,3,3,0.467,,0.09263657957244656,0,1,1,1,1
3tpoA,3tpo,A,fpocket,test,438,7,24,0,,0,0.222,,0.0547945205479452,0,0,0,0,0
3tpoA,3tpo,A,p2rank,test,438,7,9,1,1,1,0.312,,0.02054794520547945,1,1,1,1,1
3tpoA,3tpo,A,ifsitepred,test,438,7,41,1,9,6,0.714,,0.09360730593607305,0,0,0,1,1
3tpoA,3tpo,A,lacuna,test,438,7,23,0,,0,0.13,,0.05251141552511415,0,0,0,0,0
3u49A,3u49,A,fpocket,train,249,30,16,1,1,1,0.513,,0.0642570281124498,1,1,1,1,1
3u49A,3u49,A,p2rank,train,249,30,4,1,1,1,0.45,,0.01606425702811245,1,1,1,1,1
3u49A,3u49,A,ifsitepred,train,249,30,16,1,1,2,0.484,,0.0642570281124498,1,1,1,1,1
3u49A,3u49,A,lacuna,train,249,30,17,1,1,3,0.559,,0.06827309236947791,1,1,1,1,1
3u6kA,3u6k,A,fpocket,train,386,8,28,0,,0,0.167,,0.07253886010362694,0,0,0,0,0
3u6kA,3u6k,A,p2rank,train,386,8,8,0,,0,0.0,,0.02072538860103627,0,0,0,0,0
3u6kA,3u6k,A,ifsitepred,train,386,8,30,0,,0,0.0,,0.07772020725388601,0,0,0,0,0
3u6kA,3u6k,A,lacuna,train,386,8,30,0,,0,0.226,,0.07772020725388601,0,0,0,0,0
3ugkA,3ugk,A,fpocket,test,372,26,25,0,,0,0.125,,0.06720430107526881,0,0,0,0,0
3ugkA,3ugk,A,p2rank,test,372,26,11,1,2,1,0.364,,0.02956989247311828,0,1,1,1,1
3ugkA,3ugk,A,ifsitepred,test,372,26,42,1,19,1,0.269,,0.11290322580645161,0,0,0,0,1
3ugkA,3ugk,A,lacuna,test,372,26,33,0,,0,0.2,,0.08870967741935484,0,0,0,0,0
3umiA,3umi,A,fpocket,train,183,5,19,1,12,1,0.333,,0.10382513661202186,0,0,0,0,1
3umiA,3umi,A,p2rank,train,183,5,3,0,,0,0.0,,0.01639344262295082,0,0,0,0,0
3umiA,3umi,A,ifsitepred,train,183,5,15,0,,0,0.0,,0.08196721311475409,0,0,0,0,0
3umiA,3umi,A,lacuna,train,183,5,17,1,17,1,0.364,,0.09289617486338798,0,0,0,0,1
3uyiA,3uyi,A,fpocket,test,313,18,28,1,1,1,0.308,,0.08945686900958466,1,1,1,1,1
3uyiA,3uyi,A,p2rank,test,313,18,6,1,1,2,0.312,,0.019169329073482427,1,1,1,1,1
3uyiA,3uyi,A,ifsitepred,test,313,18,39,1,8,4,0.333,,0.12460063897763578,0,0,0,1,1
3uyiA,3uyi,A,lacuna,test,313,18,17,1,1,4,0.4,,0.054313099041533544,1,1,1,1,1
3v55A,3v55,A,fpocket,test,368,23,23,1,5,1,0.259,,0.0625,0,0,1,1,1
3v55A,3v55,A,p2rank,test,368,23,7,0,,0,0.03,,0.019021739130434784,0,0,0,0,0
3v55A,3v55,A,ifsitepred,test,368,23,14,0,,0,0.0,,0.03804347826086957,0,0,0,0,0
3v55A,3v55,A,lacuna,test,368,23,35,1,2,3,0.469,,0.09510869565217392,0,1,1,1,1
3vc7B,3vc7,B,fpocket,train,238,29,18,1,3,2,0.387,,0.07563025210084033,0,1,1,1,1
3vc7B,3vc7,B,p2rank,train,238,29,4,1,1,1,0.481,,0.01680672268907563,1,1,1,1,1
3vc7B,3vc7,B,ifsitepred,train,238,29,38,1,1,2,0.323,,0.15966386554621848,1,1,1,1,1
3vc7B,3vc7,B,lacuna,train,238,29,20,1,1,3,0.516,,0.08403361344537816,1,1,1,1,1
3vdmB,3vdm,B,fpocket,train,478,7,39,0,,0,0.171,,0.08158995815899582,0,0,0,0,0
3vdmB,3vdm,B,p2rank,train,478,7,12,0,,0,0.127,,0.02510460251046025,0,0,0,0,0
3vdmB,3vdm,B,ifsitepred,train,478,7,46,1,2,7,0.429,,0.09623430962343096,0,1,1,1,1
3vdmB,3vdm,B,lacuna,train,478,7,44,0,,0,0.152,,0.09205020920502092,0,0,0,0,0
3vgmA,3vgm,A,fpocket,test,312,19,19,1,9,2,0.474,,0.060897435897435896,0,0,0,1,1
3vgmA,3vgm,A,p2rank,test,312,19,5,1,1,1,0.304,,0.016025641025641024,1,1,1,1,1
3vgmA,3vgm,A,ifsitepred,test,312,19,35,1,9,2,0.316,,0.11217948717948718,0,0,0,1,1
3vgmA,3vgm,A,lacuna,test,312,19,19,0,,0,0.19,,0.060897435897435896,0,0,0,0,0
3viaB,3via,B,fpocket,train,112,9,9,1,7,2,0.5,,0.08035714285714286,0,0,0,1,1
3viaB,3via,B,p2rank,train,112,9,4,1,1,1,0.467,,0.03571428571428571,1,1,1,1,1
3viaB,3via,B,ifsitepred,train,112,9,10,1,4,3,0.4,,0.08928571428571429,0,0,1,1,1
3viaB,3via,B,lacuna,train,112,9,8,1,1,2,0.538,,0.07142857142857142,1,1,1,1,1
3vjbD,3vjb,D,fpocket,train,330,23,18,1,1,1,0.625,,0.05454545454545454,1,1,1,1,1
3vjbD,3vjb,D,p2rank,train,330,23,3,1,1,1,0.352,,0.00909090909090909,1,1,1,1,1
3vjbD,3vjb,D,ifsitepred,train,330,23,27,1,1,2,0.56,,0.08181818181818182,1,1,1,1,1
3vjbD,3vjb,D,lacuna,train,330,23,33,1,2,3,0.484,,0.1,0,1,1,1,1
3vjzA,3vjz,A,fpocket,train,164,3,13,0,,0,0.067,,0.07926829268292683,0,0,0,0,0
3vjzA,3vjz,A,p2rank,train,164,3,4,0,,0,0.0,,0.024390243902439025,0,0,0,0,0
3vjzA,3vjz,A,ifsitepred,train,164,3,5,0,,0,0.0,,0.03048780487804878,0,0,0,0,0
3vjzA,3vjz,A,lacuna,train,164,3,11,0,,0,0.062,,0.06707317073170732,0,0,0,0,0
3vskB,3vsk,B,fpocket,train,631,17,41,1,16,1,0.406,,0.06497622820919176,0,0,0,0,1
3vskB,3vsk,B,p2rank,train,631,17,23,1,2,2,0.4,,0.03645007923930269,0,1,1,1,1
3vskB,3vsk,B,ifsitepred,train,631,17,19,1,1,2,0.444,,0.030110935023771792,1,1,1,1,1
3vskB,3vsk,B,lacuna,train,631,17,50,1,1,2,0.462,,0.07923930269413629,1,1,1,1,1
3vu2B,3vu2,B,fpocket,train,691,4,48,1,13,1,0.25,,0.0694645441389291,0,0,0,0,1
3vu2B,3vu2,B,p2rank,train,691,4,25,0,,0,0.0,,0.0361794500723589,0,0,0,0,0
3vu2B,3vu2,B,ifsitepred,train,691,4,34,0,,0,0.0,,0.049204052098408106,0,0,0,0,0
3vu2B,3vu2,B,lacuna,train,691,4,55,0,,0,0.2,,0.07959479015918958,0,0,0,0,0
3vw1A,3vw1,A,fpocket,train,184,17,16,1,11,1,0.405,,0.08695652173913043,0,0,0,0,1
3vw1A,3vw1,A,p2rank,train,184,17,3,1,1,1,0.378,,0.016304347826086956,1,1,1,1,1
3vw1A,3vw1,A,ifsitepred,train,184,17,20,1,2,2,0.412,,0.10869565217391304,0,1,1,1,1
3vw1A,3vw1,A,lacuna,train,184,17,14,1,1,3,0.324,,0.07608695652173914,1,1,1,1,1
3vzcA,3vzc,A,fpocket,train,347,21,22,1,16,1,0.417,,0.06340057636887608,0,0,0,0,1
3vzcA,3vzc,A,p2rank,train,347,21,9,1,1,1,0.365,,0.025936599423631124,1,1,1,1,1
3vzcA,3vzc,A,ifsitepred,train,347,21,18,1,1,1,0.289,,0.05187319884726225,1,1,1,1,1
3vzcA,3vzc,A,lacuna,train,347,21,29,1,9,1,0.333,,0.08357348703170028,0,0,0,1,1
3w59D,3w59,D,fpocket,train,133,16,6,0,,0,0.0,,0.045112781954887216,0,0,0,0,0
3w59D,3w59,D,p2rank,train,133,16,2,1,2,1,0.438,,0.015037593984962405,0,1,1,1,1
3w59D,3w59,D,ifsitepred,train,133,16,10,1,1,2,0.375,,0.07518796992481203,1,1,1,1,1
3w59D,3w59,D,lacuna,train,133,16,6,0,,0,0.108,,0.045112781954887216,0,0,0,0,0
3w90A,3w90,A,fpocket,test,198,16,17,1,9,1,0.421,,0.08585858585858586,0,0,0,1,1
3w90A,3w90,A,p2rank,test,198,16,6,1,1,2,0.524,,0.030303030303030304,1,1,1,1,1
3w90A,3w90,A,ifsitepred,test,198,16,26,1,1,4,0.471,,0.13131313131313133,1,1,1,1,1
3w90A,3w90,A,lacuna,test,198,16,16,1,5,1,0.321,,0.08080808080808081,0,0,1,1,1
3wb9C,3wb9,C,fpocket,test,297,28,19,1,4,2,0.487,,0.06397306397306397,0,0,1,1,1
3wb9C,3wb9,C,p2rank,test,297,28,6,1,1,1,0.386,,0.020202020202020204,1,1,1,1,1
3wb9C,3wb9,C,ifsitepred,test,297,28,46,1,2,2,0.345,,0.15488215488215487,0,1,1,1,1
3wb9C,3wb9,C,lacuna,test,297,28,15,1,1,3,0.513,,0.050505050505050504,1,1,1,1,1
3wdwA,3wdw,A,fpocket,train,298,6,14,0,,0,0.107,,0.04697986577181208,0,0,0,0,0
3wdwA,3wdw,A,p2rank,train,298,6,6,0,,0,0.182,,0.020134228187919462,0,0,0,0,0
3wdwA,3wdw,A,ifsitepred,train,298,6,18,1,3,10,0.667,,0.06040268456375839,0,1,1,1,1
3wdwA,3wdw,A,lacuna,train,298,6,15,1,3,1,0.316,,0.050335570469798654,0,1,1,1,1
3wmgA,3wmg,A,fpocket,train,589,16,38,1,2,1,0.25,,0.06451612903225806,0,1,1,1,1
3wmgA,3wmg,A,p2rank,train,589,16,15,1,3,1,0.3,,0.025466893039049237,0,1,1,1,1
3wmgA,3wmg,A,ifsitepred,train,589,16,30,0,,0,0.188,,0.050933786078098474,0,0,0,0,0
3wmgA,3wmg,A,lacuna,train,589,16,47,1,4,2,0.333,,0.07979626485568761,0,0,1,1,1
3wxlD,3wxl,D,fpocket,train,513,14,35,1,14,2,0.429,,0.0682261208576998,0,0,0,0,1
3wxlD,3wxl,D,p2rank,train,513,14,17,1,5,2,0.533,,0.03313840155945419,0,0,1,1,1
3wxlD,3wxl,D,ifsitepred,train,513,14,47,1,5,5,0.286,,0.09161793372319688,0,0,1,1,1
3wxlD,3wxl,D,lacuna,train,513,14,50,1,3,2,0.455,,0.09746588693957114,0,1,1,1,1
3x13A,3x13,A,fpocket,train,276,3,26,1,9,1,0.25,,0.09420289855072464,0,0,0,1,1
3x13A,3x13,A,p2rank,train,276,3,4,1,2,1,0.273,,0.014492753623188406,0,1,1,1,1
3x13A,3x13,A,ifsitepred,train,276,3,19,0,,0,0.0,,0.06884057971014493,0,0,0,0,0
3x13A,3x13,A,lacuna,train,276,3,18,1,14,1,0.25,,0.06521739130434782,0,0,0,0,1
3zhzB,3zhz,B,fpocket,train,379,28,30,1,11,2,0.379,,0.079155672823219,0,0,0,0,1
3zhzB,3zhz,B,p2rank,train,379,28,8,1,3,1,0.567,,0.021108179419525065,0,1,1,1,1
3zhzB,3zhz,B,ifsitepred,train,379,28,46,1,2,2,0.414,,0.12137203166226913,0,1,1,1,1
3zhzB,3zhz,B,lacuna,train,379,28,31,1,1,2,0.545,,0.08179419525065963,1,1,1,1,1
4a6pA,4a6p,A,fpocket,train,219,4,12,1,9,1,0.429,,0.0547945205479452,0,0,0,1,1
4a6pA,4a6p,A,p2rank,train,219,4,5,0,,0,0.0,,0.0228310502283105,0,0,0,0,0
4a6pA,4a6p,A,ifsitepred,train,219,4,19,0,,0,0.0,,0.0867579908675799,0,0,0,0,0
4a6pA,4a6p,A,lacuna,train,219,4,13,0,,0,0.074,,0.0593607305936073,0,0,0,0,0
4aalA,4aal,A,fpocket,train,320,11,15,1,2,1,0.562,,0.046875,0,1,1,1,1
4aalA,4aal,A,p2rank,train,320,11,6,1,4,1,0.562,,0.01875,0,0,1,1,1
4aalA,4aal,A,ifsitepred,train,320,11,24,0,,0,0.059,,0.075,0,0,0,0,0
4aalA,4aal,A,lacuna,train,320,11,26,1,7,2,0.526,,0.08125,0,0,0,1,1
4aemA,4aem,A,fpocket,test,126,4,5,0,,0,0.0,,0.03968253968253968,0,0,0,0,0
4aemA,4aem,A,p2rank,test,126,4,2,1,1,1,0.273,,0.015873015873015872,1,1,1,1,1
4aemA,4aem,A,ifsitepred,test,126,4,10,1,2,2,0.6,,0.07936507936507936,0,1,1,1,1
4aemA,4aem,A,lacuna,test,126,4,6,0,,0,0.048,,0.047619047619047616,0,0,0,0,0
4akdA,4akd,A,fpocket,train,150,4,6,1,5,1,0.444,,0.04,0,0,1,1,1
4akdA,4akd,A,p2rank,train,150,4,2,1,1,1,0.444,,0.013333333333333334,1,1,1,1,1
4akdA,4akd,A,ifsitepred,train,150,4,13,1,1,7,0.6,,0.08666666666666667,1,1,1,1,1
4akdA,4akd,A,lacuna,train,150,4,9,0,,0,0.167,,0.06,0,0,0,0,0
4amvB,4amv,B,fpocket,test,608,15,37,1,17,2,0.28,,0.06085526315789474,0,0,0,0,1
4amvB,4amv,B,p2rank,test,608,15,16,0,,0,0.181,,0.02631578947368421,0,0,0,0,0
4amvB,4amv,B,ifsitepred,test,608,15,58,1,1,7,0.364,,0.09539473684210527,1,1,1,1,1
4amvB,4amv,B,lacuna,test,608,15,53,1,1,2,0.737,,0.08717105263157894,1,1,1,1,1
4bg8A,4bg8,A,fpocket,test,314,16,26,0,,0,0.136,,0.08280254777070063,0,0,0,0,0
4bg8A,4bg8,A,p2rank,test,314,16,5,1,3,1,0.625,,0.01592356687898089,0,1,1,1,1
4bg8A,4bg8,A,ifsitepred,test,314,16,42,1,4,1,0.438,,0.1337579617834395,0,0,1,1,1
4bg8A,4bg8,A,lacuna,test,314,16,28,1,1,2,0.357,,0.08917197452229299,1,1,1,1,1
4brrE,4brr,E,fpocket,train,87,5,4,0,,0,0.0,,0.04597701149425287,0,0,0,0,0
4brrE,4brr,E,p2rank,train,87,5,2,0,,0,0.091,,0.022988505747126436,0,0,0,0,0
4brrE,4brr,E,ifsitepred,train,87,5,32,1,12,1,0.286,,0.367816091954023,0,0,0,0,1
4brrE,4brr,E,lacuna,train,87,5,4,0,,0,0.143,,0.04597701149425287,0,0,0,0,0
4by5B,4by5,B,fpocket,train,180,17,14,1,13,2,0.556,,0.07777777777777778,0,0,0,0,1
4by5B,4by5,B,p2rank,train,180,17,6,1,2,1,0.722,,0.03333333333333333,0,1,1,1,1
4by5B,4by5,B,ifsitepred,train,180,17,18,1,3,2,0.412,,0.1,0,1,1,1,1
4by5B,4by5,B,lacuna,train,180,17,15,1,2,2,0.722,,0.08333333333333333,0,1,1,1,1
4c6bA,4c6b,A,fpocket,train,353,18,15,1,3,1,0.455,,0.042492917847025496,0,1,1,1,1
4c6bA,4c6b,A,p2rank,train,353,18,9,1,1,1,0.538,,0.025495750708215296,1,1,1,1,1
4c6bA,4c6b,A,ifsitepred,train,353,18,12,1,2,5,0.389,,0.0339943342776204,0,1,1,1,1
4c6bA,4c6b,A,lacuna,train,353,18,8,1,1,2,0.517,,0.0226628895184136,1,1,1,1,1
4cmwB,4cmw,B,fpocket,test,286,19,26,1,4,2,0.727,,0.09090909090909091,0,0,1,1,1
4cmwB,4cmw,B,p2rank,test,286,19,8,1,1,1,0.714,,0.027972027972027972,1,1,1,1,1
4cmwB,4cmw,B,ifsitepred,test,286,19,32,1,1,2,0.435,,0.11188811188811189,1,1,1,1,1
4cmwB,4cmw,B,lacuna,test,286,19,24,1,3,3,0.472,,0.08391608391608392,0,1,1,1,1
4d1nA,4d1n,A,fpocket,train,420,4,27,0,,0,0.0,,0.06428571428571428,0,0,0,0,0
4d1nA,4d1n,A,p2rank,train,420,4,11,0,,0,0.0,,0.02619047619047619,0,0,0,0,0
4d1nA,4d1n,A,ifsitepred,train,420,4,44,0,,0,0.0,,0.10476190476190476,0,0,0,0,0
4d1nA,4d1n,A,lacuna,train,420,4,36,0,,0,0.2,,0.08571428571428572,0,0,0,0,0
4d2oB,4d2o,B,fpocket,train,278,14,14,1,1,1,0.5,,0.050359712230215826,1,1,1,1,1
4d2oB,4d2o,B,p2rank,train,278,14,6,1,1,1,0.407,,0.02158273381294964,1,1,1,1,1
4d2oB,4d2o,B,ifsitepred,train,278,14,14,1,1,3,0.471,,0.050359712230215826,1,1,1,1,1
4d2oB,4d2o,B,lacuna,train,278,14,20,1,1,1,0.348,,0.07194244604316546,1,1,1,1,1
4d8lA,4d8l,A,fpocket,train,294,17,15,1,5,2,0.739,,0.05102040816326531,0,0,1,1,1
4d8lA,4d8l,A,p2rank,train,294,17,5,1,1,1,0.406,,0.017006802721088437,1,1,1,1,1
4d8lA,4d8l,A,ifsitepred,train,294,17,15,1,1,3,0.632,,0.05102040816326531,1,1,1,1,1
4d8lA,4d8l,A,lacuna,train,294,17,21,1,1,2,0.471,,0.07142857142857142,1,1,1,1,1
4dmzB,4dmz,B,fpocket,train,280,10,24,1,10,2,0.818,,0.08571428571428572,0,0,0,1,1
4dmzB,4dmz,B,p2rank,train,280,10,4,1,3,1,0.533,,0.014285714285714285,0,1,1,1,1
4dmzB,4dmz,B,ifsitepred,train,280,10,0,0,,0,0.0,,0.0,0,0,0,0,0
4dmzB,4dmz,B,lacuna,train,280,10,22,0,,0,0.1,,0.07857142857142857,0,0,0,0,0
4dncB,4dnc,B,fpocket,test,268,20,21,1,2,1,0.367,,0.07835820895522388,0,1,1,1,1
4dncB,4dnc,B,p2rank,test,268,20,12,1,1,1,0.444,,0.04477611940298507,1,1,1,1,1
4dncB,4dnc,B,ifsitepred,test,268,20,27,0,,0,0.182,,0.10074626865671642,0,0,0,0,0
4dncB,4dnc,B,lacuna,test,268,20,21,1,1,1,0.406,,0.07835820895522388,1,1,1,1,1
4e00A,4e00,A,fpocket,train,308,15,28,0,,0,0.24,,0.09090909090909091,0,0,0,0,0
4e00A,4e00,A,p2rank,train,308,15,10,0,,0,0.174,,0.032467532467532464,0,0,0,0,0
4e00A,4e00,A,ifsitepred,train,308,15,23,0,,0,0.0,,0.07467532467532467,0,0,0,0,0
4e00A,4e00,A,lacuna,train,308,15,26,1,8,2,0.414,,0.08441558441558442,0,0,0,1,1
4e1yA,4e1y,A,fpocket,test,353,5,18,0,,0,0.2,,0.05099150141643059,0,0,0,0,0
4e1yA,4e1y,A,p2rank,test,353,5,10,0,,0,0.2,,0.028328611898016998,0,0,0,0,0
4e1yA,4e1y,A,ifsitepred,test,353,5,16,1,13,1,0.286,,0.0453257790368272,0,0,0,0,1
4e1yA,4e1y,A,lacuna,test,353,5,21,1,1,2,0.357,,0.059490084985835696,1,1,1,1,1
4ei8A,4ei8,A,fpocket,train,360,24,33,1,13,2,0.417,,0.09166666666666666,0,0,0,0,1
4ei8A,4ei8,A,p2rank,train,360,24,7,1,1,1,0.516,,0.019444444444444445,1,1,1,1,1
4ei8A,4ei8,A,ifsitepred,train,360,24,20,1,2,5,0.333,,0.05555555555555555,0,1,1,1,1
4ei8A,4ei8,A,lacuna,train,360,24,36,1,1,1,0.417,,0.1,1,1,1,1,1
4eizA,4eiz,A,fpocket,train,159,20,6,0,,0,0.171,,0.03773584905660377,0,0,0,0,0
4eizA,4eiz,A,p2rank,train,159,20,3,1,3,1,0.381,,0.018867924528301886,0,1,1,1,1
4eizA,4eiz,A,ifsitepred,train,159,20,20,1,3,4,0.35,,0.12578616352201258,0,1,1,1,1
4eizA,4eiz,A,lacuna,train,159,20,6,1,2,2,0.348,,0.03773584905660377,0,1,1,1,1
4ekfA,4ekf,A,fpocket,train,192,12,13,1,1,1,0.409,,0.06770833333333333,1,1,1,1,1
4ekfA,4ekf,A,p2rank,train,192,12,3,1,1,1,0.4,,0.015625,1,1,1,1,1
4ekfA,4ekf,A,ifsitepred,train,192,12,9,1,1,4,0.429,,0.046875,1,1,1,1,1
4ekfA,4ekf,A,lacuna,train,192,12,5,1,1,1,0.417,,0.026041666666666668,1,1,1,1,1
4eshA,4esh,A,fpocket,train,207,14,12,1,6,2,0.5,,0.057971014492753624,0,0,0,1,1
4eshA,4esh,A,p2rank,train,207,14,3,1,3,1,0.429,,0.014492753623188406,0,1,1,1,1
4eshA,4esh,A,ifsitepred,train,207,14,23,1,3,3,0.571,,0.1111111111111111,0,1,1,1,1
4eshA,4esh,A,lacuna,train,207,14,14,1,2,2,0.5,,0.06763285024154589,0,1,1,1,1
4f0iA,4f0i,A,fpocket,train,284,16,20,1,1,1,0.5,,0.07042253521126761,1,1,1,1,1
4f0iA,4f0i,A,p2rank,train,284,16,10,1,2,1,0.522,,0.035211267605633804,0,1,1,1,1
4f0iA,4f0i,A,ifsitepred,train,284,16,28,1,1,2,0.5,,0.09859154929577464,1,1,1,1,1
4f0iA,4f0i,A,lacuna,train,284,16,30,1,2,2,0.481,,0.1056338028169014,0,1,1,1,1
4f4iB,4f4i,B,fpocket,train,197,13,13,1,1,2,0.421,,0.06598984771573604,1,1,1,1,1
4f4iB,4f4i,B,p2rank,train,197,13,2,1,1,1,0.579,,0.01015228426395939,1,1,1,1,1
4f4iB,4f4i,B,ifsitepred,train,197,13,27,1,2,5,0.429,,0.13705583756345177,0,1,1,1,1
4f4iB,4f4i,B,lacuna,train,197,13,14,0,,0,0.235,,0.07106598984771574,0,0,0,0,0
4f5hB,4f5h,B,fpocket,train,400,9,28,1,27,1,0.316,,0.07,0,0,0,0,0
4f5hB,4f5h,B,p2rank,train,400,9,15,0,,0,0.143,,0.0375,0,0,0,0,0
4f5hB,4f5h,B,ifsitepred,train,400,9,26,1,3,5,0.444,,0.065,0,1,1,1,1
4f5hB,4f5h,B,lacuna,train,400,9,34,1,1,2,0.269,,0.085,1,1,1,1,1
4f7dB,4f7d,B,fpocket,train,247,22,13,1,1,2,0.565,,0.05263157894736842,1,1,1,1,1
4f7dB,4f7d,B,p2rank,train,247,22,8,1,5,1,0.409,,0.032388663967611336,0,0,1,1,1
4f7dB,4f7d,B,ifsitepred,train,247,22,22,1,2,3,0.455,,0.08906882591093117,0,1,1,1,1
4f7dB,4f7d,B,lacuna,train,247,22,16,1,1,2,0.514,,0.06477732793522267,1,1,1,1,1
4fkmB,4fkm,B,fpocket,test,257,16,18,1,1,4,0.444,,0.07003891050583658,1,1,1,1,1
4fkmB,4fkm,B,p2rank,test,257,16,5,1,1,2,0.714,,0.019455252918287938,1,1,1,1,1
4fkmB,4fkm,B,ifsitepred,test,257,16,23,1,1,7,0.312,,0.08949416342412451,1,1,1,1,1
4fkmB,4fkm,B,lacuna,test,257,16,21,1,1,2,0.45,,0.08171206225680934,1,1,1,1,1
4gf1B,4gf1,B,fpocket,train,441,13,33,1,2,2,0.643,,0.07482993197278912,0,1,1,1,1
4gf1B,4gf1,B,p2rank,train,441,13,10,1,1,1,0.282,,0.022675736961451247,1,1,1,1,1
4gf1B,4gf1,B,ifsitepred,train,441,13,35,1,1,3,0.462,,0.07936507936507936,1,1,1,1,1
4gf1B,4gf1,B,lacuna,train,441,13,35,1,1,1,0.375,,0.07936507936507936,1,1,1,1,1
4gi3A,4gi3,A,fpocket,train,274,9,7,0,,0,0.0,,0.025547445255474453,0,0,0,0,0
4gi3A,4gi3,A,p2rank,train,274,9,3,0,,0,0.0,,0.010948905109489052,0,0,0,0,0
4gi3A,4gi3,A,ifsitepred,train,274,9,18,0,,0,0.0,,0.06569343065693431,0,0,0,0,0
4gi3A,4gi3,A,lacuna,train,274,9,8,0,,0,0.19,,0.029197080291970802,0,0,0,0,0
4gojC,4goj,C,fpocket,train,161,20,8,1,1,1,0.731,,0.049689440993788817,1,1,1,1,1
4gojC,4goj,C,p2rank,train,161,20,4,1,1,1,0.487,,0.024844720496894408,1,1,1,1,1
4gojC,4goj,C,ifsitepred,train,161,20,14,1,1,5,0.478,,0.08695652173913043,1,1,1,1,1
4gojC,4goj,C,lacuna,train,161,20,10,1,1,2,0.514,,0.062111801242236024,1,1,1,1,1
4goyA,4goy,A,fpocket,train,475,17,21,0,,0,0.192,,0.04421052631578947,0,0,0,0,0
4goyA,4goy,A,p2rank,train,475,17,14,0,,0,0.13,,0.029473684210526315,0,0,0,0,0
4goyA,4goy,A,ifsitepred,train,475,17,6,0,,0,0.0,,0.01263157894736842,0,0,0,0,0
4goyA,4goy,A,lacuna,train,475,17,37,1,16,2,0.333,,0.07789473684210527,0,0,0,0,1
4gpiC,4gpi,C,fpocket,test,235,14,16,1,4,1,0.259,,0.06808510638297872,0,0,1,1,1
4gpiC,4gpi,C,p2rank,test,235,14,2,0,,0,0.156,,0.00851063829787234,0,0,0,0,0
4gpiC,4gpi,C,ifsitepred,test,235,14,10,1,6,1,0.286,,0.0425531914893617,0,0,0,1,1
4gpiC,4gpi,C,lacuna,test,235,14,14,1,2,1,0.391,,0.059574468085106386,0,1,1,1,1
4gu8H,4gu8,H,fpocket,train,276,2,15,1,5,1,0.333,,0.05434782608695652,0,0,1,1,1
4gu8H,4gu8,H,p2rank,train,276,2,5,0,,0,0.0,,0.018115942028985508,0,0,0,0,0
4gu8H,4gu8,H,ifsitepred,train,276,2,6,0,,0,0.0,,0.021739130434782608,0,0,0,0,0
4gu8H,4gu8,H,lacuna,train,276,2,11,0,,0,0.045,,0.03985507246376811,0,0,0,0,0
4gv9A,4gv9,A,fpocket,test,198,5,12,0,,0,0.059,,0.06060606060606061,0,0,0,0,0
4gv9A,4gv9,A,p2rank,test,198,5,4,0,,0,0.062,,0.020202020202020204,0,0,0,0,0
4gv9A,4gv9,A,ifsitepred,test,198,5,15,0,,0,0.0,,0.07575757575757576,0,0,0,0,0
4gv9A,4gv9,A,lacuna,test,198,5,17,0,,0,0.148,,0.08585858585858586,0,0,0,0,0
4gvrA,4gvr,A,fpocket,train,315,26,17,1,1,2,0.5,,0.05396825396825397,1,1,1,1,1
4gvrA,4gvr,A,p2rank,train,315,26,4,1,1,2,0.567,,0.012698412698412698,1,1,1,1,1
4gvrA,4gvr,A,ifsitepred,train,315,26,23,1,1,1,0.357,,0.07301587301587302,1,1,1,1,1
4gvrA,4gvr,A,lacuna,train,315,26,13,1,1,3,0.5,,0.04126984126984127,1,1,1,1,1
4hc4A,4hc4,A,fpocket,train,326,27,20,1,3,1,0.25,,0.06134969325153374,0,1,1,1,1
4hc4A,4hc4,A,p2rank,train,326,27,3,0,,0,0.182,,0.009202453987730062,0,0,0,0,0
4hc4A,4hc4,A,ifsitepred,train,326,27,23,0,,0,0.138,,0.0705521472392638,0,0,0,0,0
4hc4A,4hc4,A,lacuna,train,326,27,22,1,4,2,0.289,,0.06748466257668712,0,0,1,1,1
4honB,4hon,B,fpocket,train,330,12,24,0,,0,0.211,,0.07272727272727272,0,0,0,0,0
4honB,4hon,B,p2rank,train,330,12,9,0,,0,0.15,,0.02727272727272727,0,0,0,0,0
4honB,4hon,B,ifsitepred,train,330,12,13,0,,0,0.143,,0.03939393939393939,0,0,0,0,0
4honB,4hon,B,lacuna,train,330,12,20,1,10,1,0.323,,0.06060606060606061,0,0,0,1,1
4hr7A,4hr7,A,fpocket,train,443,15,29,1,27,1,0.333,,0.0654627539503386,0,0,0,0,0
4hr7A,4hr7,A,p2rank,train,443,15,6,0,,0,0.176,,0.013544018058690745,0,0,0,0,0
4hr7A,4hr7,A,ifsitepred,train,443,15,40,1,5,5,0.333,,0.09029345372460497,0,0,1,1,1
4hr7A,4hr7,A,lacuna,train,443,15,33,1,2,1,0.25,,0.0744920993227991,0,1,1,1,1
4hyeA,4hye,A,fpocket,test,200,4,8,1,4,2,0.286,,0.04,0,0,1,1,1
4hyeA,4hye,A,p2rank,test,200,4,3,0,,0,0.182,,0.015,0,0,0,0,0
4hyeA,4hye,A,ifsitepred,test,200,4,19,1,3,2,0.333,,0.095,0,1,1,1,1
4hyeA,4hye,A,lacuna,test,200,4,8,0,,0,0.167,,0.04,0,0,0,0,0
4hzrA,4hzr,A,fpocket,train,261,25,19,1,2,1,0.424,,0.07279693486590039,0,1,1,1,1
4hzrA,4hzr,A,p2rank,train,261,25,5,1,1,1,0.484,,0.019157088122605363,1,1,1,1,1
4hzrA,4hzr,A,ifsitepred,train,261,25,24,1,1,2,0.56,,0.09195402298850575,1,1,1,1,1
4hzrA,4hzr,A,lacuna,train,261,25,19,1,1,3,0.543,,0.07279693486590039,1,1,1,1,1
4i36D,4i36,D,fpocket,train,319,10,18,1,2,3,0.6,,0.05642633228840126,0,1,1,1,1
4i36D,4i36,D,p2rank,train,319,10,6,1,6,1,0.308,,0.018808777429467086,0,0,0,1,1
4i36D,4i36,D,ifsitepred,train,319,10,28,0,,0,0.0,,0.0877742946708464,0,0,0,0,0
4i36D,4i36,D,lacuna,train,319,10,21,1,10,4,0.538,,0.06583072100313479,0,0,0,1,1
4i8yA,4i8y,A,fpocket,train,303,5,19,0,,0,0.214,,0.0627062706270627,0,0,0,0,0
4i8yA,4i8y,A,p2rank,train,303,5,10,1,7,1,0.5,,0.033003300330033,0,0,0,1,1
4i8yA,4i8y,A,ifsitepred,train,303,5,16,0,,0,0.0,,0.052805280528052806,0,0,0,0,0
4i8yA,4i8y,A,lacuna,train,303,5,19,1,5,1,0.417,,0.0627062706270627,0,0,1,1,1
4ianB,4ian,B,fpocket,train,320,27,28,1,1,1,0.361,,0.0875,1,1,1,1,1
4ianB,4ian,B,p2rank,train,320,27,6,1,1,1,0.297,,0.01875,1,1,1,1,1
4ianB,4ian,B,ifsitepred,train,320,27,27,1,1,1,0.444,,0.084375,1,1,1,1,1
4ianB,4ian,B,lacuna,train,320,27,31,1,1,4,0.429,,0.096875,1,1,1,1,1
4ikvA,4ikv,A,fpocket,test,492,10,30,1,2,1,0.333,,0.06097560975609756,0,1,1,1,1
4ikvA,4ikv,A,p2rank,test,492,10,9,0,,0,0.233,,0.018292682926829267,0,0,0,0,0
4ikvA,4ikv,A,ifsitepred,test,492,10,50,1,2,4,0.4,,0.1016260162601626,0,1,1,1,1
4ikvA,4ikv,A,lacuna,test,492,10,32,1,2,1,0.278,,0.06504065040650407,0,1,1,1,1
4ilgA,4ilg,A,fpocket,test,321,6,20,1,8,1,0.333,,0.06230529595015576,0,0,0,1,1
4ilgA,4ilg,A,p2rank,test,321,6,9,0,,0,0.167,,0.028037383177570093,0,0,0,0,0
4ilgA,4ilg,A,ifsitepred,test,321,6,0,0,,0,0.0,,0.0,0,0,0,0,0
4ilgA,4ilg,A,lacuna,test,321,6,34,0,,0,0.13,,0.1059190031152648,0,0,0,0,0
4iwsA,4iws,A,fpocket,train,493,5,31,1,13,1,0.333,,0.06288032454361055,0,0,0,0,1
4iwsA,4iws,A,p2rank,train,493,5,14,0,,0,0.132,,0.028397565922920892,0,0,0,0,0
4iwsA,4iws,A,ifsitepred,train,493,5,32,1,5,5,0.667,,0.06490872210953347,0,0,1,1,1
4iwsA,4iws,A,lacuna,train,493,5,32,1,3,1,0.263,,0.06490872210953347,0,1,1,1,1
4j2pA,4j2p,A,fpocket,train,225,12,13,1,4,2,0.5,,0.057777777777777775,0,0,1,1,1
4j2pA,4j2p,A,p2rank,train,225,12,11,0,,0,0.167,,0.04888888888888889,0,0,0,0,0
4j2pA,4j2p,A,ifsitepred,train,225,12,6,0,,0,0.2,,0.02666666666666667,0,0,0,0,0
4j2pA,4j2p,A,lacuna,train,225,12,16,1,5,2,0.421,,0.07111111111111111,0,0,1,1,1
4j4eF,4j4e,F,fpocket,test,101,9,7,1,4,1,0.6,,0.06930693069306931,0,0,1,1,1
4j4eF,4j4e,F,p2rank,test,101,9,2,0,,0,0.0,,0.019801980198019802,0,0,0,0,0
4j4eF,4j4e,F,ifsitepred,test,101,9,14,0,,0,0.071,,0.13861386138613863,0,0,0,0,0
4j4eF,4j4e,F,lacuna,test,101,9,4,0,,0,0.231,,0.039603960396039604,0,0,0,0,0
4jaxF,4jax,F,fpocket,test,460,15,35,1,35,1,0.833,,0.07608695652173914,0,0,0,0,0
4jaxF,4jax,F,p2rank,test,460,15,7,1,1,1,0.326,,0.015217391304347827,1,1,1,1,1
4jaxF,4jax,F,ifsitepred,test,460,15,43,1,10,4,0.467,,0.09347826086956522,0,0,0,1,1
4jaxF,4jax,F,lacuna,test,460,15,36,1,1,3,0.682,,0.0782608695652174,1,1,1,1,1
4jfrC,4jfr,C,fpocket,test,334,12,12,1,2,1,0.455,,0.03592814371257485,0,1,1,1,1
4jfrC,4jfr,C,p2rank,test,334,12,4,1,1,1,0.462,,0.011976047904191617,1,1,1,1,1
4jfrC,4jfr,C,ifsitepred,test,334,12,25,1,1,1,0.5,,0.0748502994011976,1,1,1,1,1
4jfrC,4jfr,C,lacuna,test,334,12,21,1,1,2,0.611,,0.06287425149700598,1,1,1,1,1
4jmiA,4jmi,A,fpocket,train,192,10,15,0,,0,0.176,,0.078125,0,0,0,0,0
4jmiA,4jmi,A,p2rank,train,192,10,6,0,,0,0.0,,0.03125,0,0,0,0,0
4jmiA,4jmi,A,ifsitepred,train,192,10,1,1,1,1,0.3,,0.005208333333333333,1,1,1,1,1
4jmiA,4jmi,A,lacuna,train,192,10,11,0,,0,0.2,,0.057291666666666664,0,0,0,0,0
4jycC,4jyc,C,fpocket,train,324,19,22,1,15,2,0.45,,0.06790123456790123,0,0,0,0,1
4jycC,4jyc,C,p2rank,train,324,19,9,1,7,1,0.4,,0.027777777777777776,0,0,0,1,1
4jycC,4jyc,C,ifsitepred,train,324,19,32,1,15,1,0.263,,0.09876543209876543,0,0,0,0,1
4jycC,4jyc,C,lacuna,train,324,19,9,0,,0,0.158,,0.027777777777777776,0,0,0,0,0
4k76C,4k76,C,fpocket,train,87,5,6,0,,0,0.1,,0.06896551724137931,0,0,0,0,0
4k76C,4k76,C,p2rank,train,87,5,2,0,,0,0.0,,0.022988505747126436,0,0,0,0,0
4k76C,4k76,C,ifsitepred,train,87,5,9,0,,0,0.0,,0.10344827586206896,0,0,0,0,0
4k76C,4k76,C,lacuna,train,87,5,1,0,,0,0.0,,0.011494252873563218,0,0,0,0,0
4k86A,4k86,A,fpocket,train,488,20,36,1,11,1,0.455,,0.07377049180327869,0,0,0,0,1
4k86A,4k86,A,p2rank,train,488,20,11,1,1,1,0.333,,0.022540983606557378,1,1,1,1,1
4k86A,4k86,A,ifsitepred,train,488,20,32,1,1,1,0.296,,0.06557377049180328,1,1,1,1,1
4k86A,4k86,A,lacuna,train,488,20,39,1,3,2,0.314,,0.07991803278688525,0,1,1,1,1
4klxA,4klx,A,fpocket,train,161,19,8,1,2,2,0.478,,0.049689440993788817,0,1,1,1,1
4klxA,4klx,A,p2rank,train,161,19,2,1,1,1,0.282,,0.012422360248447204,1,1,1,1,1
4klxA,4klx,A,ifsitepred,train,161,19,28,1,6,3,0.316,,0.17391304347826086,0,0,0,1,1
4klxA,4klx,A,lacuna,train,161,19,13,1,1,4,0.485,,0.08074534161490683,1,1,1,1,1
4kmyA,4kmy,A,fpocket,test,207,16,13,1,1,1,0.321,,0.06280193236714976,1,1,1,1,1
4kmyA,4kmy,A,p2rank,test,207,16,3,1,1,1,0.542,,0.014492753623188406,1,1,1,1,1
4kmyA,4kmy,A,ifsitepred,test,207,16,26,1,1,4,0.316,,0.12560386473429952,1,1,1,1,1
4kmyA,4kmy,A,lacuna,test,207,16,16,1,2,2,0.323,,0.07729468599033816,0,1,1,1,1
4ku8A,4ku8,A,fpocket,train,150,19,9,1,5,1,0.6,,0.06,0,0,1,1,1
4ku8A,4ku8,A,p2rank,train,150,19,2,1,1,1,0.6,,0.013333333333333334,1,1,1,1,1
4ku8A,4ku8,A,ifsitepred,train,150,19,25,1,1,2,0.65,,0.16666666666666666,1,1,1,1,1
4ku8A,4ku8,A,lacuna,train,150,19,10,1,1,1,0.75,,0.06666666666666667,1,1,1,1,1
4l7kC,4l7k,C,fpocket,train,125,21,8,1,1,1,0.714,,0.064,1,1,1,1,1
4l7kC,4l7k,C,p2rank,train,125,21,1,1,1,1,0.591,,0.008,1,1,1,1,1
4l7kC,4l7k,C,ifsitepred,train,125,21,22,1,1,2,0.476,,0.176,1,1,1,1,1
4l7kC,4l7k,C,lacuna,train,125,21,5,1,1,1,0.571,,0.04,1,1,1,1,1
4la5A,4la5,A,fpocket,train,319,20,27,1,1,2,0.519,,0.08463949843260188,1,1,1,1,1
4la5A,4la5,A,p2rank,train,319,20,10,1,1,1,0.408,,0.03134796238244514,1,1,1,1,1
4la5A,4la5,A,ifsitepred,train,319,20,27,1,1,4,0.5,,0.08463949843260188,1,1,1,1,1
4la5A,4la5,A,lacuna,train,319,20,28,1,1,4,0.528,,0.0877742946708464,1,1,1,1,1
4lg4D,4lg4,D,fpocket,train,250,21,24,1,11,1,0.621,,0.096,0,0,0,0,1
4lg4D,4lg4,D,p2rank,train,250,21,8,1,1,1,0.75,,0.032,1,1,1,1,1
4lg4D,4lg4,D,ifsitepred,train,250,21,30,1,1,3,0.44,,0.12,1,1,1,1,1
4lg4D,4lg4,D,lacuna,train,250,21,15,1,1,3,0.667,,0.06,1,1,1,1,1
4ljpA,4ljp,A,fpocket,train,215,10,17,1,13,1,0.4,,0.07906976744186046,0,0,0,0,1
4ljpA,4ljp,A,p2rank,train,215,10,6,1,4,1,0.333,,0.027906976744186046,0,0,1,1,1
4ljpA,4ljp,A,ifsitepred,train,215,10,19,1,1,3,0.3,,0.08837209302325581,1,1,1,1,1
4ljpA,4ljp,A,lacuna,train,215,10,13,0,,0,0.138,,0.06046511627906977,0,0,0,0,0
4m23B,4m23,B,fpocket,train,314,12,20,1,7,1,0.786,,0.06369426751592357,0,0,0,1,1
4m23B,4m23,B,p2rank,train,314,12,6,1,1,1,0.393,,0.01910828025477707,1,1,1,1,1
4m23B,4m23,B,ifsitepred,train,314,12,31,1,1,5,0.667,,0.09872611464968153,1,1,1,1,1
4m23B,4m23,B,lacuna,train,314,12,28,1,1,2,0.526,,0.08917197452229299,1,1,1,1,1
4m66A,4m66,A,fpocket,train,268,24,20,1,5,1,0.533,,0.07462686567164178,0,0,1,1,1
4m66A,4m66,A,p2rank,train,268,24,8,1,1,1,0.467,,0.029850746268656716,1,1,1,1,1
4m66A,4m66,A,ifsitepred,train,268,24,31,1,2,1,0.5,,0.11567164179104478,0,1,1,1,1
4m66A,4m66,A,lacuna,train,268,24,21,1,1,1,0.556,,0.07835820895522388,1,1,1,1,1
4m7pA,4m7p,A,fpocket,train,395,19,30,0,,0,0.217,,0.0759493670886076,0,0,0,0,0
4m7pA,4m7p,A,p2rank,train,395,19,12,1,1,1,0.263,,0.030379746835443037,1,1,1,1,1
4m7pA,4m7p,A,ifsitepred,train,395,19,49,0,,0,0.217,,0.1240506329113924,0,0,0,0,0
4m7pA,4m7p,A,lacuna,train,395,19,25,1,4,2,0.323,,0.06329113924050633,0,0,1,1,1
4mowA,4mow,A,fpocket,train,248,34,12,1,11,1,0.5,,0.04838709677419355,0,0,0,0,1
4mowA,4mow,A,p2rank,train,248,34,2,1,1,1,0.533,,0.008064516129032258,1,1,1,1,1
4mowA,4mow,A,ifsitepred,train,248,34,37,1,2,1,0.294,,0.14919354838709678,0,1,1,1,1
4mowA,4mow,A,lacuna,train,248,34,16,1,1,3,0.5,,0.06451612903225806,1,1,1,1,1
4mqeA,4mqe,A,fpocket,train,409,16,28,1,18,1,0.444,,0.06845965770171149,0,0,0,0,1
4mqeA,4mqe,A,p2rank,train,409,16,11,1,1,1,0.433,,0.02689486552567237,1,1,1,1,1
4mqeA,4mqe,A,ifsitepred,train,409,16,21,1,2,3,0.312,,0.05134474327628362,0,1,1,1,1
4mqeA,4mqe,A,lacuna,train,409,16,32,1,1,2,0.476,,0.07823960880195599,1,1,1,1,1
4mwiA,4mwi,A,fpocket,test,266,25,16,1,1,2,0.37,,0.06015037593984962,1,1,1,1,1
4mwiA,4mwi,A,p2rank,test,266,25,6,1,1,1,0.45,,0.022556390977443608,1,1,1,1,1
4mwiA,4mwi,A,ifsitepred,test,266,25,21,1,1,1,0.417,,0.07894736842105263,1,1,1,1,1
4mwiA,4mwi,A,lacuna,test,266,25,22,1,1,2,0.486,,0.08270676691729323,1,1,1,1,1
4mziA,4mzi,A,fpocket,train,193,7,9,1,7,1,0.455,,0.046632124352331605,0,0,0,1,1
4mziA,4mzi,A,p2rank,train,193,7,6,1,2,1,0.333,,0.031088082901554404,0,1,1,1,1
4mziA,4mzi,A,ifsitepred,train,193,7,2,0,,0,0.0,,0.010362694300518135,0,0,0,0,0
4mziA,4mzi,A,lacuna,train,193,7,13,0,,0,0.054,,0.06735751295336788,0,0,0,0,0
4n4aA,4n4a,A,fpocket,train,398,23,19,1,3,2,0.36,,0.04773869346733668,0,1,1,1,1
4n4aA,4n4a,A,p2rank,train,398,23,13,0,,0,0.24,,0.032663316582914576,0,0,0,0,0
4n4aA,4n4a,A,ifsitepred,train,398,23,30,1,2,1,0.25,,0.07537688442211055,0,1,1,1,1
4n4aA,4n4a,A,lacuna,train,398,23,35,1,1,1,0.296,,0.08793969849246232,1,1,1,1,1
4n5gB,4n5g,B,fpocket,train,209,24,22,1,1,1,0.25,,0.10526315789473684,1,1,1,1,1
4n5gB,4n5g,B,p2rank,train,209,24,9,0,,0,0.189,,0.0430622009569378,0,0,0,0,0
4n5gB,4n5g,B,ifsitepred,train,209,24,14,1,1,1,0.259,,0.06698564593301436,1,1,1,1,1
4n5gB,4n5g,B,lacuna,train,209,24,15,1,1,2,0.361,,0.07177033492822966,1,1,1,1,1
4n8jA,4n8j,A,fpocket,train,447,35,22,1,1,1,0.5,,0.049217002237136466,1,1,1,1,1
4n8jA,4n8j,A,p2rank,train,447,35,8,1,1,1,0.378,,0.017897091722595078,1,1,1,1,1
4n8jA,4n8j,A,ifsitepred,train,447,35,25,0,,0,0.229,,0.05592841163310962,0,0,0,0,0
4n8jA,4n8j,A,lacuna,train,447,35,8,1,1,3,0.408,,0.017897091722595078,1,1,1,1,1
4naiA,4nai,A,fpocket,train,214,19,16,0,,0,0.115,,0.07476635514018691,0,0,0,0,0
4naiA,4nai,A,p2rank,train,214,19,3,0,,0,0.115,,0.014018691588785047,0,0,0,0,0
4naiA,4nai,A,ifsitepred,train,214,19,26,1,11,1,0.368,,0.12149532710280374,0,0,0,0,1
4naiA,4nai,A,lacuna,train,214,19,6,1,2,2,0.367,,0.028037383177570093,0,1,1,1,1
4nb3B,4nb3,B,fpocket,train,122,3,3,0,,0,0.2,,0.02459016393442623,0,0,0,0,0
4nb3B,4nb3,B,p2rank,train,122,3,0,0,,0,0.0,,0.0,0,0,0,0,0
4nb3B,4nb3,B,ifsitepred,train,122,3,6,0,,0,0.2,,0.04918032786885246,0,0,0,0,0
4nb3B,4nb3,B,lacuna,train,122,3,7,0,,0,0.182,,0.05737704918032787,0,0,0,0,0
4nfcA,4nfc,A,fpocket,train,120,9,4,0,,0,0.231,,0.03333333333333333,0,0,0,0,0
4nfcA,4nfc,A,p2rank,train,120,9,1,0,,0,0.071,,0.008333333333333333,0,0,0,0,0
4nfcA,4nfc,A,ifsitepred,train,120,9,0,0,,0,0.0,,0.0,0,0,0,0,0
4nfcA,4nfc,A,lacuna,train,120,9,5,0,,0,0.222,,0.041666666666666664,0,0,0,0,0
4ni8D,4ni8,D,fpocket,train,335,4,17,1,8,1,0.5,,0.050746268656716415,0,0,0,1,1
4ni8D,4ni8,D,p2rank,train,335,4,4,0,,0,0.0,,0.011940298507462687,0,0,0,0,0
4ni8D,4ni8,D,ifsitepred,train,335,4,15,0,,0,0.0,,0.04477611940298507,0,0,0,0,0
4ni8D,4ni8,D,lacuna,train,335,4,24,0,,0,0.13,,0.07164179104477612,0,0,0,0,0
4nogA,4nog,A,fpocket,train,422,4,35,0,,0,0.0,,0.08293838862559241,0,0,0,0,0
4nogA,4nog,A,p2rank,train,422,4,9,0,,0,0.0,,0.02132701421800948,0,0,0,0,0
4nogA,4nog,A,ifsitepred,train,422,4,48,0,,0,0.0,,0.11374407582938388,0,0,0,0,0
4nogA,4nog,A,lacuna,train,422,4,33,0,,0,0.222,,0.07819905213270142,0,0,0,0,0
4nqtA,4nqt,A,fpocket,train,208,3,12,0,,0,0.0,,0.057692307692307696,0,0,0,0,0
4nqtA,4nqt,A,p2rank,train,208,3,2,0,,0,0.0,,0.009615384615384616,0,0,0,0,0
4nqtA,4nqt,A,ifsitepred,train,208,3,5,1,2,1,0.5,,0.02403846153846154,0,1,1,1,1
4nqtA,4nqt,A,lacuna,train,208,3,8,0,,0,0.0,,0.038461538461538464,0,0,0,0,0
4nqvF,4nqv,F,fpocket,train,99,5,6,1,3,1,0.333,,0.06060606060606061,0,1,1,1,1
4nqvF,4nqv,F,p2rank,train,99,5,4,0,,0,0.053,,0.04040404040404041,0,0,0,0,0
4nqvF,4nqv,F,ifsitepred,train,99,5,4,0,,0,0.0,,0.04040404040404041,0,0,0,0,0
4nqvF,4nqv,F,lacuna,train,99,5,6,0,,0,0.067,,0.06060606060606061,0,0,0,0,0
4nzvB,4nzv,B,fpocket,test,324,12,25,1,1,2,0.5,,0.07716049382716049,1,1,1,1,1
4nzvB,4nzv,B,p2rank,test,324,12,4,1,2,1,0.5,,0.012345679012345678,0,1,1,1,1
4nzvB,4nzv,B,ifsitepred,test,324,12,24,1,2,1,0.316,,0.07407407407407407,0,1,1,1,1
4nzvB,4nzv,B,lacuna,test,324,12,19,1,4,1,0.423,,0.05864197530864197,0,0,1,1,1
4o7dA,4o7d,A,fpocket,train,313,9,18,0,,0,0.2,,0.05750798722044728,0,0,0,0,0
4o7dA,4o7d,A,p2rank,train,313,9,8,0,,0,0.214,,0.025559105431309903,0,0,0,0,0
4o7dA,4o7d,A,ifsitepred,train,313,9,16,1,10,1,0.3,,0.051118210862619806,0,0,0,1,1
4o7dA,4o7d,A,lacuna,train,313,9,17,1,1,1,0.296,,0.054313099041533544,1,1,1,1,1
4omgA,4omg,A,fpocket,train,280,11,16,1,2,2,0.368,,0.05714285714285714,0,1,1,1,1
4omgA,4omg,A,p2rank,train,280,11,5,1,1,1,0.278,,0.017857142857142856,1,1,1,1,1
4omgA,4omg,A,ifsitepred,train,280,11,14,1,2,4,0.583,,0.05,0,1,1,1,1
4omgA,4omg,A,lacuna,train,280,11,26,1,1,2,0.333,,0.09285714285714286,1,1,1,1,1
4oqoB,4oqo,B,fpocket,test,348,7,30,1,13,3,0.273,,0.08620689655172414,0,0,0,0,1
4oqoB,4oqo,B,p2rank,test,348,7,7,1,5,1,0.364,,0.020114942528735632,0,0,1,1,1
4oqoB,4oqo,B,ifsitepred,test,348,7,19,0,,0,0.0,,0.05459770114942529,0,0,0,0,0
4oqoB,4oqo,B,lacuna,test,348,7,32,1,10,1,0.273,,0.09195402298850575,0,0,0,1,1
4os8B,4os8,B,fpocket,train,162,7,11,0,,0,0.121,,0.06790123456790123,0,0,0,0,0
4os8B,4os8,B,p2rank,train,162,7,3,0,,0,0.133,,0.018518518518518517,0,0,0,0,0
4os8B,4os8,B,ifsitepred,train,162,7,21,1,2,4,0.429,,0.12962962962962962,0,1,1,1,1
4os8B,4os8,B,lacuna,train,162,7,12,0,,0,0.2,,0.07407407407407407,0,0,0,0,0
4oyzA,4oyz,A,fpocket,train,469,10,32,0,,0,0.125,,0.06823027718550106,0,0,0,0,0
4oyzA,4oyz,A,p2rank,train,469,10,16,0,,0,0.023,,0.03411513859275053,0,0,0,0,0
4oyzA,4oyz,A,ifsitepred,train,469,10,22,0,,0,0.133,,0.046908315565031986,0,0,0,0,0
4oyzA,4oyz,A,lacuna,train,469,10,40,1,16,1,0.25,,0.08528784648187633,0,0,0,0,1
4p2fA,4p2f,A,fpocket,test,189,10,15,1,12,1,0.583,,0.07936507936507936,0,0,0,0,1
4p2fA,4p2f,A,p2rank,test,189,10,8,0,,0,0.143,,0.042328042328042326,0,0,0,0,0
4p2fA,4p2f,A,ifsitepred,test,189,10,32,1,23,2,0.3,,0.1693121693121693,0,0,0,0,0
4p2fA,4p2f,A,lacuna,test,189,10,8,1,1,1,0.5,,0.042328042328042326,1,1,1,1,1
4pfsB,4pfs,B,fpocket,train,246,13,16,1,1,2,0.35,,0.06504065040650407,1,1,1,1,1
4pfsB,4pfs,B,p2rank,train,246,13,4,1,2,2,0.438,,0.016260162601626018,0,1,1,1,1
4pfsB,4pfs,B,ifsitepred,train,246,13,32,1,8,2,0.308,,0.13008130081300814,0,0,0,1,1
4pfsB,4pfs,B,lacuna,train,246,13,16,1,1,2,0.381,,0.06504065040650407,1,1,1,1,1
4pntD,4pnt,D,fpocket,train,191,19,20,1,13,1,0.4,,0.10471204188481675,0,0,0,0,1
4pntD,4pnt,D,p2rank,train,191,19,5,1,1,1,0.389,,0.02617801047120419,1,1,1,1,1
4pntD,4pnt,D,ifsitepred,train,191,19,24,1,1,3,0.368,,0.1256544502617801,1,1,1,1,1
4pntD,4pnt,D,lacuna,train,191,19,13,1,3,2,0.414,,0.06806282722513089,0,1,1,1,1
4pu0B,4pu0,B,fpocket,train,173,7,13,1,1,1,0.294,,0.07514450867052024,1,1,1,1,1
4pu0B,4pu0,B,p2rank,train,173,7,4,1,3,1,0.333,,0.023121387283236993,0,1,1,1,1
4pu0B,4pu0,B,ifsitepred,train,173,7,18,1,1,2,0.286,,0.10404624277456648,1,1,1,1,1
4pu0B,4pu0,B,lacuna,train,173,7,14,0,,0,0.227,,0.08092485549132948,0,0,0,0,0
4punA,4pun,A,fpocket,train,372,10,18,1,1,1,0.25,,0.04838709677419355,1,1,1,1,1
4punA,4pun,A,p2rank,train,372,10,14,0,,0,0.214,,0.03763440860215054,0,0,0,0,0
4punA,4pun,A,ifsitepred,train,372,10,34,1,24,1,0.25,,0.0913978494623656,0,0,0,0,0
4punA,4pun,A,lacuna,train,372,10,15,0,,0,0.229,,0.04032258064516129,0,0,0,0,0
4pvrA,4pvr,A,fpocket,train,298,10,14,1,4,1,0.294,,0.04697986577181208,0,0,1,1,1
4pvrA,4pvr,A,p2rank,train,298,10,10,1,2,1,0.375,,0.03355704697986577,0,1,1,1,1
4pvrA,4pvr,A,ifsitepred,train,298,10,13,1,4,1,0.308,,0.0436241610738255,0,0,1,1,1
4pvrA,4pvr,A,lacuna,train,298,10,11,1,1,1,0.256,,0.03691275167785235,1,1,1,1,1
4pwnA,4pwn,A,fpocket,train,245,20,18,1,2,2,0.4,,0.07346938775510205,0,1,1,1,1
4pwnA,4pwn,A,p2rank,train,245,20,5,1,1,1,0.25,,0.02040816326530612,1,1,1,1,1
4pwnA,4pwn,A,ifsitepred,train,245,20,33,1,2,4,0.318,,0.1346938775510204,0,1,1,1,1
4pwnA,4pwn,A,lacuna,train,245,20,19,1,1,3,0.455,,0.07755102040816327,1,1,1,1,1
4qasA,4qas,A,fpocket,train,197,22,8,1,1,1,0.654,,0.04060913705583756,1,1,1,1,1
4qasA,4qas,A,p2rank,train,197,22,5,1,1,1,0.577,,0.025380710659898477,1,1,1,1,1
4qasA,4qas,A,ifsitepred,train,197,22,24,1,2,3,0.409,,0.1218274111675127,0,1,1,1,1
4qasA,4qas,A,lacuna,train,197,22,8,1,1,1,0.692,,0.04060913705583756,1,1,1,1,1
4qc1B,4qc1,B,fpocket,train,106,3,6,0,,0,0.0,,0.05660377358490566,0,0,0,0,0
4qc1B,4qc1,B,p2rank,train,106,3,1,0,,0,0.0,,0.009433962264150943,0,0,0,0,0
4qc1B,4qc1,B,ifsitepred,train,106,3,5,0,,0,0.0,,0.04716981132075472,0,0,0,0,0
4qc1B,4qc1,B,lacuna,train,106,3,2,0,,0,0.036,,0.018867924528301886,0,0,0,0,0
4qfkA,4qfk,A,fpocket,train,505,6,31,0,,0,0.133,,0.061386138613861385,0,0,0,0,0
4qfkA,4qfk,A,p2rank,train,505,6,12,0,,0,0.211,,0.023762376237623763,0,0,0,0,0
4qfkA,4qfk,A,ifsitepred,train,505,6,31,1,1,5,0.333,,0.061386138613861385,1,1,1,1,1
4qfkA,4qfk,A,lacuna,train,505,6,47,1,1,1,0.455,,0.09306930693069307,1,1,1,1,1
4qvkB,4qvk,B,fpocket,test,235,21,19,1,9,1,0.361,,0.08085106382978724,0,0,0,1,1
4qvkB,4qvk,B,p2rank,test,235,21,7,1,1,2,0.345,,0.029787234042553193,1,1,1,1,1
4qvkB,4qvk,B,ifsitepred,test,235,21,26,1,1,4,0.375,,0.11063829787234042,1,1,1,1,1
4qvkB,4qvk,B,lacuna,test,235,21,20,1,1,2,0.625,,0.0851063829787234,1,1,1,1,1
4r0xA,4r0x,A,fpocket,test,122,21,7,1,1,2,0.524,,0.05737704918032787,1,1,1,1,1
4r0xA,4r0x,A,p2rank,test,122,21,1,1,1,1,0.5,,0.00819672131147541,1,1,1,1,1
4r0xA,4r0x,A,ifsitepred,test,122,21,10,1,1,1,0.571,,0.08196721311475409,1,1,1,1,1
4r0xA,4r0x,A,lacuna,test,122,21,2,1,1,1,0.591,,0.01639344262295082,1,1,1,1,1
4r1mC,4r1m,C,fpocket,train,431,18,27,1,24,1,0.314,,0.06264501160092807,0,0,0,0,0
4r1mC,4r1m,C,p2rank,train,431,18,9,1,7,1,0.308,,0.02088167053364269,0,0,0,1,1
4r1mC,4r1m,C,ifsitepred,train,431,18,40,1,1,1,0.433,,0.09280742459396751,1,1,1,1,1
4r1mC,4r1m,C,lacuna,train,431,18,35,1,15,1,0.265,,0.08120649651972157,0,0,0,0,1
4r40D,4r40,D,fpocket,train,124,7,7,0,,0,0.231,,0.056451612903225805,0,0,0,0,0
4r40D,4r40,D,p2rank,train,124,7,4,1,2,1,0.25,,0.03225806451612903,0,1,1,1,1
4r40D,4r40,D,ifsitepred,train,124,7,5,1,5,1,0.25,,0.04032258064516129,0,0,1,1,1
4r40D,4r40,D,lacuna,train,124,7,5,0,,0,0.192,,0.04032258064516129,0,0,0,0,0
4r7tC,4r7t,C,fpocket,train,264,19,22,1,8,1,0.737,,0.08333333333333333,0,0,0,1,1
4r7tC,4r7t,C,p2rank,train,264,19,5,1,1,1,0.486,,0.01893939393939394,1,1,1,1,1
4r7tC,4r7t,C,ifsitepred,train,264,19,28,1,3,3,0.368,,0.10606060606060606,0,1,1,1,1
4r7tC,4r7t,C,lacuna,train,264,19,20,1,1,2,0.52,,0.07575757575757576,1,1,1,1,1
4rf5A,4rf5,A,fpocket,train,251,7,10,1,1,1,0.261,,0.0398406374501992,1,1,1,1,1
4rf5A,4rf5,A,p2rank,train,251,7,2,0,,0,0.171,,0.00796812749003984,0,0,0,0,0
4rf5A,4rf5,A,ifsitepred,train,251,7,36,1,2,3,0.455,,0.14342629482071714,0,1,1,1,1
4rf5A,4rf5,A,lacuna,train,251,7,12,1,4,1,0.292,,0.04780876494023904,0,0,1,1,1
4rieB,4rie,B,fpocket,train,351,21,21,1,4,2,0.571,,0.05982905982905983,0,0,1,1,1
4rieB,4rie,B,p2rank,train,351,21,5,1,2,1,0.552,,0.014245014245014245,0,1,1,1,1
4rieB,4rie,B,ifsitepred,train,351,21,57,1,37,1,0.261,,0.1623931623931624,0,0,0,0,0
4rieB,4rie,B,lacuna,train,351,21,29,1,4,2,0.393,,0.08262108262108261,0,0,1,1,1
4rjzA,4rjz,A,fpocket,train,382,10,30,1,11,1,0.4,,0.07853403141361257,0,0,0,0,1
4rjzA,4rjz,A,p2rank,train,382,10,10,1,1,2,0.5,,0.02617801047120419,1,1,1,1,1
4rjzA,4rjz,A,ifsitepred,train,382,10,17,1,1,7,0.5,,0.04450261780104712,1,1,1,1,1
4rjzA,4rjz,A,lacuna,train,382,10,15,1,1,3,0.438,,0.03926701570680628,1,1,1,1,1
4rksA,4rks,A,fpocket,train,317,15,23,0,,0,0.176,,0.07255520504731862,0,0,0,0,0
4rksA,4rks,A,p2rank,train,317,15,6,0,,0,0.163,,0.01892744479495268,0,0,0,0,0
4rksA,4rks,A,ifsitepred,train,317,15,20,1,12,1,0.375,,0.06309148264984227,0,0,0,0,1
4rksA,4rks,A,lacuna,train,317,15,20,1,4,1,0.464,,0.06309148264984227,0,0,1,1,1
4rpiD,4rpi,D,fpocket,train,195,14,13,0,,0,0.136,,0.06666666666666667,0,0,0,0,0
4rpiD,4rpi,D,p2rank,train,195,14,4,1,2,1,0.278,,0.020512820512820513,0,1,1,1,1
4rpiD,4rpi,D,ifsitepred,train,195,14,31,0,,0,0.133,,0.15897435897435896,0,0,0,0,0
4rpiD,4rpi,D,lacuna,train,195,14,14,1,12,1,0.28,,0.07179487179487179,0,0,0,0,1
4rvsA,4rvs,A,fpocket,train,329,35,21,0,,0,0.216,,0.06382978723404255,0,0,0,0,0
4rvsA,4rvs,A,p2rank,train,329,35,8,1,1,1,0.353,,0.0243161094224924,1,1,1,1,1
4rvsA,4rvs,A,ifsitepred,train,329,35,31,0,,0,0.179,,0.09422492401215805,0,0,0,0,0
4rvsA,4rvs,A,lacuna,train,329,35,27,1,1,4,0.541,,0.08206686930091185,1,1,1,1,1
4rvtB,4rvt,B,fpocket,test,297,26,22,1,9,1,0.333,,0.07407407407407407,0,0,0,1,1
4rvtB,4rvt,B,p2rank,test,297,26,10,1,1,1,0.302,,0.03367003367003367,1,1,1,1,1
4rvtB,4rvt,B,ifsitepred,test,297,26,32,0,,0,0.231,,0.10774410774410774,0,0,0,0,0
4rvtB,4rvt,B,lacuna,test,297,26,29,1,2,1,0.344,,0.09764309764309764,0,1,1,1,1
4tqrA,4tqr,A,fpocket,train,342,6,22,0,,0,0.2,,0.06432748538011696,0,0,0,0,0
4tqrA,4tqr,A,p2rank,train,342,6,5,0,,0,0.0,,0.014619883040935672,0,0,0,0,0
4tqrA,4tqr,A,ifsitepred,train,342,6,38,0,,0,0.125,,0.1111111111111111,0,0,0,0,0
4tqrA,4tqr,A,lacuna,train,342,6,23,1,7,2,0.714,,0.06725146198830409,0,0,0,1,1
4trmE,4trm,E,fpocket,train,266,20,16,1,9,1,0.293,,0.06015037593984962,0,0,0,1,1
4trmE,4trm,E,p2rank,train,266,20,4,1,1,1,0.351,,0.015037593984962405,1,1,1,1,1
4trmE,4trm,E,ifsitepred,train,266,20,25,1,25,1,0.3,,0.09398496240601503,0,0,0,0,0
4trmE,4trm,E,lacuna,train,266,20,20,1,1,4,0.438,,0.07518796992481203,1,1,1,1,1
4tsnA,4tsn,A,fpocket,train,178,3,9,0,,0,0.0,,0.05056179775280899,0,0,0,0,0
4tsnA,4tsn,A,p2rank,train,178,3,4,0,,0,0.2,,0.02247191011235955,0,0,0,0,0
4tsnA,4tsn,A,ifsitepred,train,178,3,22,0,,0,0.0,,0.12359550561797752,0,0,0,0,0
4tsnA,4tsn,A,lacuna,train,178,3,7,0,,0,0.04,,0.03932584269662921,0,0,0,0,0
4ttpA,4ttp,A,fpocket,test,201,16,15,0,,0,0.2,,0.07462686567164178,0,0,0,0,0
4ttpA,4ttp,A,p2rank,test,201,16,4,1,3,1,0.412,,0.01990049751243781,0,1,1,1,1
4ttpA,4ttp,A,ifsitepred,test,201,16,42,1,8,2,0.312,,0.208955223880597,0,0,0,1,1
4ttpA,4ttp,A,lacuna,test,201,16,13,1,3,1,0.444,,0.06467661691542288,0,1,1,1,1
4twiA,4twi,A,fpocket,train,244,24,14,1,1,2,0.375,,0.05737704918032787,1,1,1,1,1
4twiA,4twi,A,p2rank,train,244,24,4,1,1,2,0.417,,0.01639344262295082,1,1,1,1,1
4twiA,4twi,A,ifsitepred,train,244,24,30,1,1,3,0.296,,0.12295081967213115,1,1,1,1,1
4twiA,4twi,A,lacuna,train,244,24,19,1,1,2,0.368,,0.0778688524590164,1,1,1,1,1
4tyvA,4tyv,A,fpocket,train,548,7,28,1,4,1,0.278,,0.051094890510948905,0,0,1,1,1
4tyvA,4tyv,A,p2rank,train,548,7,10,1,1,1,0.412,,0.01824817518248175,1,1,1,1,1
4tyvA,4tyv,A,ifsitepred,train,548,7,18,1,2,4,0.571,,0.032846715328467155,0,1,1,1,1
4tyvA,4tyv,A,lacuna,train,548,7,8,0,,0,0.24,,0.014598540145985401,0,0,0,0,0
4u0mB,4u0m,B,fpocket,train,388,17,31,1,4,2,0.368,,0.07989690721649484,0,0,1,1,1
4u0mB,4u0m,B,p2rank,train,388,17,6,0,,0,0.174,,0.015463917525773196,0,0,0,0,0
4u0mB,4u0m,B,ifsitepred,train,388,17,22,0,,0,0.048,,0.05670103092783505,0,0,0,0,0
4u0mB,4u0m,B,lacuna,train,388,17,33,1,10,1,0.312,,0.08505154639175258,0,0,0,1,1
4uc8A,4uc8,A,fpocket,test,222,3,16,0,,0,0.091,,0.07207207207207207,0,0,0,0,0
4uc8A,4uc8,A,p2rank,test,222,3,6,0,,0,0.1,,0.02702702702702703,0,0,0,0,0
4uc8A,4uc8,A,ifsitepred,test,222,3,0,0,,0,0.0,,0.0,0,0,0,0,0
4uc8A,4uc8,A,lacuna,test,222,3,18,0,,0,0.091,,0.08108108108108109,0,0,0,0,0
4ud4B,4ud4,B,fpocket,train,317,16,25,1,1,1,0.333,,0.07886435331230283,1,1,1,1,1
4ud4B,4ud4,B,p2rank,train,317,16,8,1,1,1,0.3,,0.025236593059936908,1,1,1,1,1
4ud4B,4ud4,B,ifsitepred,train,317,16,24,1,2,5,0.312,,0.07570977917981073,0,1,1,1,1
4ud4B,4ud4,B,lacuna,train,317,16,25,1,8,1,0.344,,0.07886435331230283,0,0,0,1,1
4uumA,4uum,A,fpocket,test,334,34,27,1,26,1,0.417,,0.08083832335329341,0,0,0,0,0
4uumA,4uum,A,p2rank,test,334,34,9,1,1,1,0.531,,0.02694610778443114,1,1,1,1,1
4uumA,4uum,A,ifsitepred,test,334,34,27,0,,0,0.235,,0.08083832335329341,0,0,0,0,0
4uumA,4uum,A,lacuna,test,334,34,9,1,1,3,0.541,,0.02694610778443114,1,1,1,1,1
4wbhA,4wbh,A,fpocket,train,347,8,33,1,7,1,0.5,,0.09510086455331412,0,0,0,1,1
4wbhA,4wbh,A,p2rank,train,347,8,8,0,,0,0.0,,0.023054755043227664,0,0,0,0,0
4wbhA,4wbh,A,ifsitepred,train,347,8,27,0,,0,0.0,,0.07780979827089338,0,0,0,0,0
4wbhA,4wbh,A,lacuna,train,347,8,28,0,,0,0.091,,0.08069164265129683,0,0,0,0,0
4wjxA,4wjx,A,fpocket,train,369,19,24,1,1,1,0.405,,0.06504065040650407,1,1,1,1,1
4wjxA,4wjx,A,p2rank,train,369,19,7,1,1,1,0.39,,0.018970189701897018,1,1,1,1,1
4wjxA,4wjx,A,ifsitepred,train,369,19,21,1,1,5,0.3,,0.056910569105691054,1,1,1,1,1
4wjxA,4wjx,A,lacuna,train,369,19,21,1,1,5,0.37,,0.056910569105691054,1,1,1,1,1
4x1oA,4x1o,A,fpocket,train,219,24,11,1,1,2,0.68,,0.0502283105022831,1,1,1,1,1
4x1oA,4x1o,A,p2rank,train,219,24,5,1,1,1,0.643,,0.0228310502283105,1,1,1,1,1
4x1oA,4x1o,A,ifsitepred,train,219,24,21,1,1,3,0.481,,0.0958904109589041,1,1,1,1,1
4x1oA,4x1o,A,lacuna,train,219,24,15,1,1,4,0.605,,0.0684931506849315,1,1,1,1,1
4xbxB,4xbx,B,fpocket,train,145,12,11,1,1,1,0.45,,0.07586206896551724,1,1,1,1,1
4xbxB,4xbx,B,p2rank,train,145,12,1,1,1,1,0.417,,0.006896551724137931,1,1,1,1,1
4xbxB,4xbx,B,ifsitepred,train,145,12,11,1,2,1,0.467,,0.07586206896551724,0,1,1,1,1
4xbxB,4xbx,B,lacuna,train,145,12,7,1,1,1,0.306,,0.04827586206896552,1,1,1,1,1
4xg2A,4xg2,A,fpocket,train,259,26,22,1,6,1,0.484,,0.08494208494208494,0,0,0,1,1
4xg2A,4xg2,A,p2rank,train,259,26,9,1,1,1,0.517,,0.03474903474903475,1,1,1,1,1
4xg2A,4xg2,A,ifsitepred,train,259,26,30,1,1,2,0.321,,0.11583011583011583,1,1,1,1,1
4xg2A,4xg2,A,lacuna,train,259,26,18,1,1,3,0.5,,0.0694980694980695,1,1,1,1,1
4xmqB,4xmq,B,fpocket,train,254,14,20,1,5,2,0.5,,0.07874015748031496,0,0,1,1,1
4xmqB,4xmq,B,p2rank,train,254,14,7,1,1,1,0.524,,0.027559055118110236,1,1,1,1,1
4xmqB,4xmq,B,ifsitepred,train,254,14,18,1,2,3,0.438,,0.07086614173228346,0,1,1,1,1
4xmqB,4xmq,B,lacuna,train,254,14,23,1,1,2,0.579,,0.09055118110236221,1,1,1,1,1
4xrgA,4xrg,A,fpocket,train,474,10,28,0,,0,0.0,,0.05907172995780591,0,0,0,0,0
4xrgA,4xrg,A,p2rank,train,474,10,8,0,,0,0.143,,0.016877637130801686,0,0,0,0,0
4xrgA,4xrg,A,ifsitepred,train,474,10,10,0,,0,0.0,,0.02109704641350211,0,0,0,0,0
4xrgA,4xrg,A,lacuna,train,474,10,15,0,,0,0.0,,0.03164556962025317,0,0,0,0,0
4xv1B,4xv1,B,fpocket,train,249,23,23,1,19,1,0.531,,0.09236947791164658,0,0,0,0,1
4xv1B,4xv1,B,p2rank,train,249,23,6,1,1,1,0.615,,0.024096385542168676,1,1,1,1,1
4xv1B,4xv1,B,ifsitepred,train,249,23,31,1,1,2,0.478,,0.12449799196787148,1,1,1,1,1
4xv1B,4xv1,B,lacuna,train,249,23,18,1,1,2,0.606,,0.07228915662650602,1,1,1,1,1
4xzpA,4xzp,A,fpocket,train,148,8,9,1,2,1,0.667,,0.060810810810810814,0,1,1,1,1
4xzpA,4xzp,A,p2rank,train,148,8,1,1,1,1,0.318,,0.006756756756756757,1,1,1,1,1
4xzpA,4xzp,A,ifsitepred,train,148,8,14,1,2,4,0.75,,0.0945945945945946,0,1,1,1,1
4xzpA,4xzp,A,lacuna,train,148,8,9,1,1,1,0.25,,0.060810810810810814,1,1,1,1,1
4ydrA,4ydr,A,fpocket,train,304,30,19,1,1,2,0.378,,0.0625,1,1,1,1,1
4ydrA,4ydr,A,p2rank,train,304,30,6,1,1,2,0.375,,0.019736842105263157,1,1,1,1,1
4ydrA,4ydr,A,ifsitepred,train,304,30,24,1,1,1,0.25,,0.07894736842105263,1,1,1,1,1
4ydrA,4ydr,A,lacuna,train,304,30,24,1,1,2,0.436,,0.07894736842105263,1,1,1,1,1
4yegA,4yeg,A,fpocket,train,266,15,21,1,15,1,0.444,,0.07894736842105263,0,0,0,0,1
4yegA,4yeg,A,p2rank,train,266,15,9,1,4,2,0.5,,0.03383458646616541,0,0,1,1,1
4yegA,4yeg,A,ifsitepred,train,266,15,34,1,3,2,0.6,,0.12781954887218044,0,1,1,1,1
4yegA,4yeg,A,lacuna,train,266,15,24,1,1,4,0.4,,0.09022556390977443,1,1,1,1,1
4yynA,4yyn,A,fpocket,train,130,2,8,0,,0,0.143,,0.06153846153846154,0,0,0,0,0
4yynA,4yyn,A,p2rank,train,130,2,2,0,,0,0.062,,0.015384615384615385,0,0,0,0,0
4yynA,4yyn,A,ifsitepred,train,130,2,2,0,,0,0.091,,0.015384615384615385,0,0,0,0,0
4yynA,4yyn,A,lacuna,train,130,2,2,0,,0,0.033,,0.015384615384615385,0,0,0,0,0
4z49A,4z49,A,fpocket,train,262,19,18,1,15,1,0.368,,0.06870229007633588,0,0,0,0,1
4z49A,4z49,A,p2rank,train,262,19,6,1,1,1,0.5,,0.022900763358778626,1,1,1,1,1
4z49A,4z49,A,ifsitepred,train,262,19,20,1,1,2,0.3,,0.07633587786259542,1,1,1,1,1
4z49A,4z49,A,lacuna,train,262,19,18,1,1,2,0.522,,0.06870229007633588,1,1,1,1,1
4z4lA,4z4l,A,fpocket,train,392,6,23,1,15,1,0.273,,0.058673469387755105,0,0,0,0,1
4z4lA,4z4l,A,p2rank,train,392,6,8,0,,0,0.222,,0.02040816326530612,0,0,0,0,0
4z4lA,4z4l,A,ifsitepred,train,392,6,28,1,8,5,0.429,,0.07142857142857142,0,0,0,1,1
4z4lA,4z4l,A,lacuna,train,392,6,29,1,1,1,0.308,,0.07397959183673469,1,1,1,1,1
4z7cA,4z7c,A,fpocket,train,324,17,20,1,8,1,0.308,,0.06172839506172839,0,0,0,1,1
4z7cA,4z7c,A,p2rank,train,324,17,6,1,2,1,0.32,,0.018518518518518517,0,1,1,1,1
4z7cA,4z7c,A,ifsitepred,train,324,17,26,1,8,1,0.412,,0.08024691358024691,0,0,0,1,1
4z7cA,4z7c,A,lacuna,train,324,17,23,1,2,3,0.273,,0.07098765432098765,0,1,1,1,1
4zcsA,4zcs,A,fpocket,train,141,4,10,0,,0,0.0,,0.07092198581560284,0,0,0,0,0
4zcsA,4zcs,A,p2rank,train,141,4,1,0,,0,0.0,,0.0070921985815602835,0,0,0,0,0
4zcsA,4zcs,A,ifsitepred,train,141,4,14,0,,0,0.0,,0.09929078014184398,0,0,0,0,0
4zcsA,4zcs,A,lacuna,train,141,4,5,0,,0,0.0,,0.03546099290780142,0,0,0,0,0
4zm7A,4zm7,A,fpocket,test,180,7,5,0,,0,0.0,,0.027777777777777776,0,0,0,0,0
4zm7A,4zm7,A,p2rank,test,180,7,4,1,1,1,0.353,,0.022222222222222223,1,1,1,1,1
4zm7A,4zm7,A,ifsitepred,test,180,7,20,1,1,4,0.5,,0.1111111111111111,1,1,1,1,1
4zm7A,4zm7,A,lacuna,test,180,7,3,0,,0,0.0,,0.016666666666666666,0,0,0,0,0
5a03A,5a03,A,fpocket,train,335,9,23,0,,0,0.105,,0.06865671641791045,0,0,0,0,0
5a03A,5a03,A,p2rank,train,335,9,6,0,,0,0.059,,0.01791044776119403,0,0,0,0,0
5a03A,5a03,A,ifsitepred,train,335,9,24,0,,0,0.0,,0.07164179104477612,0,0,0,0,0
5a03A,5a03,A,lacuna,train,335,9,14,0,,0,0.042,,0.041791044776119404,0,0,0,0,0
5acvB,5acv,B,fpocket,test,233,4,9,0,,0,0.19,,0.03862660944206009,0,0,0,0,0
5acvB,5acv,B,p2rank,test,233,4,5,0,,0,0.167,,0.02145922746781116,0,0,0,0,0
5acvB,5acv,B,ifsitepred,test,233,4,8,1,1,4,0.4,,0.034334763948497854,1,1,1,1,1
5acvB,5acv,B,lacuna,test,233,4,3,0,,0,0.2,,0.012875536480686695,0,0,0,0,0
5ae0A,5ae0,A,fpocket,train,217,3,15,0,,0,0.111,,0.06912442396313365,0,0,0,0,0
5ae0A,5ae0,A,p2rank,train,217,3,8,1,5,1,0.25,,0.03686635944700461,0,0,1,1,1
5ae0A,5ae0,A,ifsitepred,train,217,3,18,0,,0,0.0,,0.08294930875576037,0,0,0,0,0
5ae0A,5ae0,A,lacuna,train,217,3,10,0,,0,0.067,,0.04608294930875576,0,0,0,0,0
5ajoA,5ajo,A,fpocket,train,495,8,30,1,24,1,0.25,,0.06060606060606061,0,0,0,0,0
5ajoA,5ajo,A,p2rank,train,495,8,7,0,,0,0.222,,0.014141414141414142,0,0,0,0,0
5ajoA,5ajo,A,ifsitepred,train,495,8,46,1,7,6,0.625,,0.09292929292929293,0,0,0,1,1
5ajoA,5ajo,A,lacuna,train,495,8,39,1,16,1,0.273,,0.07878787878787878,0,0,0,0,1
5ar2B,5ar2,B,fpocket,train,285,27,22,1,2,1,0.471,,0.07719298245614035,0,1,1,1,1
5ar2B,5ar2,B,p2rank,train,285,27,7,1,1,1,0.5,,0.02456140350877193,1,1,1,1,1
5ar2B,5ar2,B,ifsitepred,train,285,27,35,1,2,2,0.367,,0.12280701754385964,0,1,1,1,1
5ar2B,5ar2,B,lacuna,train,285,27,32,1,1,4,0.514,,0.11228070175438597,1,1,1,1,1
5azqA,5azq,A,fpocket,train,153,6,14,1,7,1,0.273,,0.0915032679738562,0,0,0,1,1
5azqA,5azq,A,p2rank,train,153,6,4,0,,0,0.0,,0.026143790849673203,0,0,0,0,0
5azqA,5azq,A,ifsitepred,train,153,6,22,0,,0,0.1,,0.1437908496732026,0,0,0,0,0
5azqA,5azq,A,lacuna,train,153,6,14,0,,0,0.217,,0.0915032679738562,0,0,0,0,0
5b0eB,5b0e,B,fpocket,test,104,13,7,1,4,1,0.438,,0.0673076923076923,0,0,1,1,1
5b0eB,5b0e,B,p2rank,test,104,13,3,1,1,1,0.429,,0.028846153846153848,1,1,1,1,1
5b0eB,5b0e,B,ifsitepred,test,104,13,20,1,1,2,0.385,,0.19230769230769232,1,1,1,1,1
5b0eB,5b0e,B,lacuna,test,104,13,6,1,2,2,0.385,,0.057692307692307696,0,1,1,1,1
5bcaA,5bca,A,fpocket,train,516,12,31,1,5,1,0.444,,0.060077519379844964,0,0,1,1,1
5bcaA,5bca,A,p2rank,train,516,12,17,1,1,1,0.297,,0.03294573643410853,1,1,1,1,1
5bcaA,5bca,A,ifsitepred,train,516,12,35,1,7,4,0.5,,0.06782945736434108,0,0,0,1,1
5bcaA,5bca,A,lacuna,train,516,12,36,0,,0,0.184,,0.06976744186046512,0,0,0,0,0
5c74A,5c74,A,fpocket,train,211,24,14,1,7,2,0.462,,0.06635071090047394,0,0,0,1,1
5c74A,5c74,A,p2rank,train,211,24,6,1,1,2,0.455,,0.02843601895734597,1,1,1,1,1
5c74A,5c74,A,ifsitepred,train,211,24,33,1,7,1,0.25,,0.15639810426540285,0,0,0,1,1
5c74A,5c74,A,lacuna,train,211,24,13,1,1,1,0.69,,0.061611374407582936,1,1,1,1,1
5caaA,5caa,A,fpocket,train,137,11,9,1,4,2,0.467,,0.06569343065693431,0,0,1,1,1
5caaA,5caa,A,p2rank,train,137,11,2,1,1,1,0.556,,0.014598540145985401,1,1,1,1,1
5caaA,5caa,A,ifsitepred,train,137,11,21,1,1,4,0.5,,0.15328467153284672,1,1,1,1,1
5caaA,5caa,A,lacuna,train,137,11,9,1,1,1,0.278,,0.06569343065693431,1,1,1,1,1
5caeB,5cae,B,fpocket,train,393,19,23,1,11,1,0.35,,0.058524173027989825,0,0,0,0,1
5caeB,5cae,B,p2rank,train,393,19,12,1,2,2,0.45,,0.030534351145038167,0,1,1,1,1
5caeB,5cae,B,ifsitepred,train,393,19,52,1,9,1,0.316,,0.13231552162849872,0,0,0,1,1
5caeB,5cae,B,lacuna,train,393,19,27,0,,0,0.214,,0.06870229007633588,0,0,0,0,0
5cazA,5caz,A,fpocket,test,161,3,11,0,,0,0.0,,0.06832298136645963,0,0,0,0,0
5cazA,5caz,A,p2rank,test,161,3,4,1,3,1,0.4,,0.024844720496894408,0,1,1,1,1
5cazA,5caz,A,ifsitepred,test,161,3,0,0,,0,0.0,,0.0,0,0,0,0,0
5cazA,5caz,A,lacuna,test,161,3,9,0,,0,0.095,,0.055900621118012424,0,0,0,0,0
5ck1A,5ck1,A,fpocket,train,584,7,44,1,21,1,0.667,,0.07534246575342465,0,0,0,0,0
5ck1A,5ck1,A,p2rank,train,584,7,24,1,11,1,0.667,,0.0410958904109589,0,0,0,0,1
5ck1A,5ck1,A,ifsitepred,train,584,7,24,1,2,7,0.625,,0.0410958904109589,0,1,1,1,1
5ck1A,5ck1,A,lacuna,train,584,7,47,0,,0,0.077,,0.08047945205479452,0,0,0,0,0
5csqA,5csq,A,fpocket,train,173,6,12,0,,0,0.167,,0.06936416184971098,0,0,0,0,0
5csqA,5csq,A,p2rank,train,173,6,4,0,,0,0.083,,0.023121387283236993,0,0,0,0,0
5csqA,5csq,A,ifsitepred,train,173,6,6,0,,0,0.0,,0.03468208092485549,0,0,0,0,0
5csqA,5csq,A,lacuna,train,173,6,10,0,,0,0.2,,0.057803468208092484,0,0,0,0,0
5ct4B,5ct4,B,fpocket,train,180,6,9,0,,0,0.154,,0.05,0,0,0,0,0
5ct4B,5ct4,B,p2rank,train,180,6,3,0,,0,0.0,,0.016666666666666666,0,0,0,0,0
5ct4B,5ct4,B,ifsitepred,train,180,6,14,1,6,1,0.375,,0.07777777777777778,0,0,0,1,1
5ct4B,5ct4,B,lacuna,train,180,6,3,0,,0,0.111,,0.016666666666666666,0,0,0,0,0
5cxgD,5cxg,D,fpocket,train,176,21,10,1,1,2,0.379,,0.056818181818181816,1,1,1,1,1
5cxgD,5cxg,D,p2rank,train,176,21,5,1,1,1,0.417,,0.028409090909090908,1,1,1,1,1
5cxgD,5cxg,D,ifsitepred,train,176,21,10,1,1,2,0.364,,0.056818181818181816,1,1,1,1,1
5cxgD,5cxg,D,lacuna,train,176,21,14,1,1,4,0.327,,0.07954545454545454,1,1,1,1,1
5cxyB,5cxy,B,fpocket,train,292,4,23,1,6,1,0.333,,0.07876712328767123,0,0,0,1,1
5cxyB,5cxy,B,p2rank,train,292,4,10,0,,0,0.083,,0.03424657534246575,0,0,0,0,0
5cxyB,5cxy,B,ifsitepred,train,292,4,27,1,5,4,0.6,,0.09246575342465753,0,0,1,1,1
5cxyB,5cxy,B,lacuna,train,292,4,25,0,,0,0.15,,0.08561643835616438,0,0,0,0,0
5d27A,5d27,A,fpocket,train,154,10,14,1,4,1,0.7,,0.09090909090909091,0,0,1,1,1
5d27A,5d27,A,p2rank,train,154,10,4,1,1,2,0.727,,0.025974025974025976,1,1,1,1,1
5d27A,5d27,A,ifsitepred,train,154,10,15,1,1,8,0.5,,0.09740259740259741,1,1,1,1,1
5d27A,5d27,A,lacuna,train,154,10,11,1,1,2,0.5,,0.07142857142857142,1,1,1,1,1
5dcwA,5dcw,A,fpocket,train,358,13,28,1,1,1,0.306,,0.0782122905027933,1,1,1,1,1
5dcwA,5dcw,A,p2rank,train,358,13,10,1,1,1,0.25,,0.027932960893854747,1,1,1,1,1
5dcwA,5dcw,A,ifsitepred,train,358,13,31,1,1,2,0.333,,0.08659217877094973,1,1,1,1,1
5dcwA,5dcw,A,lacuna,train,358,13,25,1,5,1,0.29,,0.06983240223463687,0,0,1,1,1
5ddtB,5ddt,B,fpocket,train,232,19,11,1,1,1,0.407,,0.04741379310344827,1,1,1,1,1
5ddtB,5ddt,B,p2rank,train,232,19,5,1,1,1,0.417,,0.021551724137931036,1,1,1,1,1
5ddtB,5ddt,B,ifsitepred,train,232,19,13,1,2,1,0.4,,0.05603448275862069,0,1,1,1,1
5ddtB,5ddt,B,lacuna,train,232,19,12,1,3,2,0.412,,0.05172413793103448,0,1,1,1,1
5dovB,5dov,B,fpocket,train,338,31,20,1,3,1,0.625,,0.05917159763313609,0,1,1,1,1
5dovB,5dov,B,p2rank,train,338,31,10,1,1,1,0.65,,0.029585798816568046,1,1,1,1,1
5dovB,5dov,B,ifsitepred,train,338,31,24,1,2,2,0.324,,0.07100591715976332,0,1,1,1,1
5dovB,5dov,B,lacuna,train,338,31,17,1,1,4,0.515,,0.05029585798816568,1,1,1,1,1
5duoC,5duo,C,fpocket,train,149,21,9,1,1,1,0.5,,0.06040268456375839,1,1,1,1,1
5duoC,5duo,C,p2rank,train,149,21,3,1,1,3,0.417,,0.020134228187919462,1,1,1,1,1
5duoC,5duo,C,ifsitepred,train,149,21,20,1,1,1,0.435,,0.1342281879194631,1,1,1,1,1
5duoC,5duo,C,lacuna,train,149,21,7,1,1,1,0.423,,0.04697986577181208,1,1,1,1,1
5dv9A,5dv9,A,fpocket,train,541,28,31,1,1,1,0.4,,0.05730129390018484,1,1,1,1,1
5dv9A,5dv9,A,p2rank,train,541,28,15,1,1,1,0.346,,0.027726432532347505,1,1,1,1,1
5dv9A,5dv9,A,ifsitepred,train,541,28,22,1,1,2,0.355,,0.04066543438077634,1,1,1,1,1
5dv9A,5dv9,A,lacuna,train,541,28,45,1,1,3,0.326,,0.08317929759704251,1,1,1,1,1
5dzpB,5dzp,B,fpocket,train,349,9,14,1,4,1,0.267,,0.04011461318051576,0,0,1,1,1
5dzpB,5dzp,B,p2rank,train,349,9,4,1,2,1,0.421,,0.011461318051575931,0,1,1,1,1
5dzpB,5dzp,B,ifsitepred,train,349,9,16,1,1,5,0.778,,0.045845272206303724,1,1,1,1,1
5dzpB,5dzp,B,lacuna,train,349,9,15,1,1,1,0.391,,0.04297994269340974,1,1,1,1,1
5e0vA,5e0v,A,fpocket,test,249,15,15,1,2,1,0.875,,0.060240963855421686,0,1,1,1,1
5e0vA,5e0v,A,p2rank,test,249,15,6,1,2,1,0.75,,0.024096385542168676,0,1,1,1,1
5e0vA,5e0v,A,ifsitepred,test,249,15,12,1,3,2,0.438,,0.04819277108433735,0,1,1,1,1
5e0vA,5e0v,A,lacuna,test,249,15,5,0,,0,0.227,,0.020080321285140562,0,0,0,0,0
5ed0C,5ed0,C,fpocket,train,132,9,3,1,3,1,0.333,,0.022727272727272728,0,1,1,1,1
5ed0C,5ed0,C,p2rank,train,132,9,2,1,2,1,0.5,,0.015151515151515152,0,1,1,1,1
5ed0C,5ed0,C,ifsitepred,train,132,9,14,1,1,5,0.444,,0.10606060606060606,1,1,1,1,1
5ed0C,5ed0,C,lacuna,train,132,9,8,0,,0,0.13,,0.06060606060606061,0,0,0,0,0
5ellB,5ell,B,fpocket,train,235,16,14,1,1,1,0.519,,0.059574468085106386,1,1,1,1,1
5ellB,5ell,B,p2rank,train,235,16,5,1,1,1,0.577,,0.02127659574468085,1,1,1,1,1
5ellB,5ell,B,ifsitepred,train,235,16,16,1,1,2,0.542,,0.06808510638297872,1,1,1,1,1
5ellB,5ell,B,lacuna,train,235,16,18,1,1,4,0.591,,0.07659574468085106,1,1,1,1,1
5eo7A,5eo7,A,fpocket,train,310,12,19,1,2,1,0.714,,0.06129032258064516,0,1,1,1,1
5eo7A,5eo7,A,p2rank,train,310,12,10,1,2,1,0.579,,0.03225806451612903,0,1,1,1,1
5eo7A,5eo7,A,ifsitepred,train,310,12,6,1,1,2,0.5,,0.01935483870967742,1,1,1,1,1
5eo7A,5eo7,A,lacuna,train,310,12,7,0,,0,0.036,,0.02258064516129032,0,0,0,0,0
5ey7B,5ey7,B,fpocket,test,291,25,21,1,6,1,0.273,,0.07216494845360824,0,0,0,1,1
5ey7B,5ey7,B,p2rank,test,291,25,6,1,3,1,0.25,,0.020618556701030927,0,1,1,1,1
5ey7B,5ey7,B,ifsitepred,test,291,25,37,0,,0,0.16,,0.12714776632302405,0,0,0,0,0
5ey7B,5ey7,B,lacuna,test,291,25,31,1,9,2,0.5,,0.10652920962199312,0,0,0,1,1
5f12A,5f12,A,fpocket,train,194,8,10,0,,0,0.087,,0.05154639175257732,0,0,0,0,0
5f12A,5f12,A,p2rank,train,194,8,4,0,,0,0.158,,0.020618556701030927,0,0,0,0,0
5f12A,5f12,A,ifsitepred,train,194,8,24,0,,0,0.0,,0.12371134020618557,0,0,0,0,0
5f12A,5f12,A,lacuna,train,194,8,13,0,,0,0.13,,0.06701030927835051,0,0,0,0,0
5f2mD,5f2m,D,fpocket,train,326,11,20,1,17,1,0.294,,0.06134969325153374,0,0,0,0,1
5f2mD,5f2m,D,p2rank,train,326,11,8,1,4,1,0.294,,0.024539877300613498,0,0,1,1,1
5f2mD,5f2m,D,ifsitepred,train,326,11,28,1,5,8,0.364,,0.08588957055214724,0,0,1,1,1
5f2mD,5f2m,D,lacuna,train,326,11,13,1,3,1,0.273,,0.03987730061349693,0,1,1,1,1
5f3kB,5f3k,B,fpocket,train,203,15,12,1,7,1,0.278,,0.059113300492610835,0,0,0,1,1
5f3kB,5f3k,B,p2rank,train,203,15,3,0,,0,0.158,,0.014778325123152709,0,0,0,0,0
5f3kB,5f3k,B,ifsitepred,train,203,15,11,0,,0,0.222,,0.054187192118226604,0,0,0,0,0
5f3kB,5f3k,B,lacuna,train,203,15,10,1,1,1,0.357,,0.04926108374384237,1,1,1,1,1
5f46A,5f46,A,fpocket,train,150,20,12,1,2,2,0.9,,0.08,0,1,1,1,1
5f46A,5f46,A,p2rank,train,150,20,3,1,1,1,0.708,,0.02,1,1,1,1,1
5f46A,5f46,A,ifsitepred,train,150,20,21,1,1,4,0.5,,0.14,1,1,1,1,1
5f46A,5f46,A,lacuna,train,150,20,13,1,1,3,0.667,,0.08666666666666667,1,1,1,1,1
5f5jA,5f5j,A,fpocket,train,181,17,11,1,1,2,0.355,,0.06077348066298342,1,1,1,1,1
5f5jA,5f5j,A,p2rank,train,181,17,4,1,1,1,0.5,,0.022099447513812154,1,1,1,1,1
5f5jA,5f5j,A,ifsitepred,train,181,17,10,1,1,2,0.458,,0.055248618784530384,1,1,1,1,1
5f5jA,5f5j,A,lacuna,train,181,17,11,1,1,3,0.556,,0.06077348066298342,1,1,1,1,1
5f7qC,5f7q,C,fpocket,train,385,15,29,1,26,1,0.343,,0.07532467532467532,0,0,0,0,0
5f7qC,5f7q,C,p2rank,train,385,15,13,1,1,1,0.323,,0.033766233766233764,1,1,1,1,1
5f7qC,5f7q,C,ifsitepred,train,385,15,18,1,1,2,0.421,,0.046753246753246755,1,1,1,1,1
5f7qC,5f7q,C,lacuna,train,385,15,39,1,1,4,0.556,,0.1012987012987013,1,1,1,1,1
5fioB,5fio,B,fpocket,train,366,10,21,1,9,1,0.308,,0.05737704918032787,0,0,0,1,1
5fioB,5fio,B,p2rank,train,366,10,8,1,1,1,0.4,,0.02185792349726776,1,1,1,1,1
5fioB,5fio,B,ifsitepred,train,366,10,22,1,1,7,0.455,,0.060109289617486336,1,1,1,1,1
5fioB,5fio,B,lacuna,train,366,10,8,0,,0,0.185,,0.02185792349726776,0,0,0,0,0
5fsuB,5fsu,B,fpocket,train,240,21,14,1,1,3,0.522,,0.058333333333333334,1,1,1,1,1
5fsuB,5fsu,B,p2rank,train,240,21,5,1,1,1,0.565,,0.020833333333333332,1,1,1,1,1
5fsuB,5fsu,B,ifsitepred,train,240,21,18,1,1,2,0.4,,0.075,1,1,1,1,1
5fsuB,5fsu,B,lacuna,train,240,21,12,1,1,3,0.559,,0.05,1,1,1,1,1
5ggcA,5ggc,A,fpocket,train,289,18,19,1,4,1,0.5,,0.0657439446366782,0,0,1,1,1
5ggcA,5ggc,A,p2rank,train,289,18,6,1,1,1,0.684,,0.020761245674740483,1,1,1,1,1
5ggcA,5ggc,A,ifsitepred,train,289,18,27,1,7,3,0.333,,0.09342560553633218,0,0,0,1,1
5ggcA,5ggc,A,lacuna,train,289,18,20,1,1,1,0.619,,0.06920415224913495,1,1,1,1,1
5ggsZ,5ggs,Z,fpocket,train,113,5,8,0,,0,0.231,,0.07079646017699115,0,0,0,0,0
5ggsZ,5ggs,Z,p2rank,train,113,5,2,1,1,1,0.25,,0.017699115044247787,1,1,1,1,1
5ggsZ,5ggs,Z,ifsitepred,train,113,5,13,0,,0,0.0,,0.11504424778761062,0,0,0,0,0
5ggsZ,5ggs,Z,lacuna,train,113,5,5,1,1,1,0.267,,0.04424778761061947,1,1,1,1,1
5gizB,5giz,B,fpocket,train,268,21,14,1,11,1,0.261,,0.05223880597014925,0,0,0,0,1
5gizB,5giz,B,p2rank,train,268,21,1,1,1,1,0.615,,0.0037313432835820895,1,1,1,1,1
5gizB,5giz,B,ifsitepred,train,268,21,24,1,1,2,0.318,,0.08955223880597014,1,1,1,1,1
5gizB,5giz,B,lacuna,train,268,21,20,1,1,4,0.448,,0.07462686567164178,1,1,1,1,1
5gl7A,5gl7,A,fpocket,train,597,11,36,1,3,1,0.571,,0.06030150753768844,0,1,1,1,1
5gl7A,5gl7,A,p2rank,train,597,11,14,1,1,1,0.314,,0.023450586264656615,1,1,1,1,1
5gl7A,5gl7,A,ifsitepred,train,597,11,30,1,2,6,0.615,,0.05025125628140704,0,1,1,1,1
5gl7A,5gl7,A,lacuna,train,597,11,42,1,2,1,0.5,,0.07035175879396985,0,1,1,1,1
5gmoA,5gmo,A,fpocket,train,331,30,22,1,1,2,0.386,,0.06646525679758308,1,1,1,1,1
5gmoA,5gmo,A,p2rank,train,331,30,8,1,1,1,0.485,,0.02416918429003021,1,1,1,1,1
5gmoA,5gmo,A,ifsitepred,train,331,30,41,1,1,2,0.355,,0.12386706948640483,1,1,1,1,1
5gmoA,5gmo,A,lacuna,train,331,30,32,1,1,5,0.35,,0.09667673716012085,1,1,1,1,1
5h61B,5h61,B,fpocket,train,295,13,22,1,8,1,0.5,,0.07457627118644068,0,0,0,1,1
5h61B,5h61,B,p2rank,train,295,13,9,1,2,1,0.579,,0.030508474576271188,0,1,1,1,1
5h61B,5h61,B,ifsitepred,train,295,13,34,1,2,5,0.538,,0.1152542372881356,0,1,1,1,1
5h61B,5h61,B,lacuna,train,295,13,24,1,1,2,0.455,,0.08135593220338982,1,1,1,1,1
5h9kA,5h9k,A,fpocket,train,154,8,11,0,,0,0.182,,0.07142857142857142,0,0,0,0,0
5h9kA,5h9k,A,p2rank,train,154,8,2,0,,0,0.233,,0.012987012987012988,0,0,0,0,0
5h9kA,5h9k,A,ifsitepred,train,154,8,18,1,8,2,0.5,,0.11688311688311688,0,0,0,1,1
5h9kA,5h9k,A,lacuna,train,154,8,10,0,,0,0.222,,0.06493506493506493,0,0,0,0,0
5hgxA,5hgx,A,fpocket,train,676,14,43,1,23,1,0.375,,0.06360946745562131,0,0,0,0,0
5hgxA,5hgx,A,p2rank,train,676,14,17,1,7,1,0.625,,0.02514792899408284,0,0,0,1,1
5hgxA,5hgx,A,ifsitepred,train,676,14,33,1,1,3,0.375,,0.04881656804733728,1,1,1,1,1
5hgxA,5hgx,A,lacuna,train,676,14,10,0,,0,0.172,,0.014792899408284023,0,0,0,0,0
5hi5B,5hi5,B,fpocket,train,87,9,8,1,8,1,0.385,,0.09195402298850575,0,0,0,1,1
5hi5B,5hi5,B,p2rank,train,87,9,0,0,,0,0.0,,0.0,0,0,0,0,0
5hi5B,5hi5,B,ifsitepred,train,87,9,2,0,,0,0.0,,0.022988505747126436,0,0,0,0,0
5hi5B,5hi5,B,lacuna,train,87,9,3,0,,0,0.0,,0.034482758620689655,0,0,0,0,0
5hijA,5hij,A,fpocket,test,240,21,22,1,1,2,0.5,,0.09166666666666666,1,1,1,1,1
5hijA,5hij,A,p2rank,test,240,21,7,1,1,1,0.429,,0.029166666666666667,1,1,1,1,1
5hijA,5hij,A,ifsitepred,test,240,21,28,1,2,2,0.318,,0.11666666666666667,0,1,1,1,1
5hijA,5hij,A,lacuna,test,240,21,18,1,1,3,0.438,,0.075,1,1,1,1,1
5hkeB,5hke,B,fpocket,train,317,9,19,1,17,1,0.286,,0.05993690851735016,0,0,0,0,1
5hkeB,5hke,B,p2rank,train,317,9,8,0,,0,0.128,,0.025236593059936908,0,0,0,0,0
5hkeB,5hke,B,ifsitepred,train,317,9,24,1,7,3,0.444,,0.07570977917981073,0,0,0,1,1
5hkeB,5hke,B,lacuna,train,317,9,20,1,2,1,0.273,,0.06309148264984227,0,1,1,1,1
5hq8A,5hq8,A,fpocket,train,426,9,27,1,4,1,0.583,,0.06338028169014084,0,0,1,1,1
5hq8A,5hq8,A,p2rank,train,426,9,12,0,,0,0.133,,0.028169014084507043,0,0,0,0,0
5hq8A,5hq8,A,ifsitepred,train,426,9,20,0,,0,0.0,,0.046948356807511735,0,0,0,0,0
5hq8A,5hq8,A,lacuna,train,426,9,38,1,8,1,0.25,,0.0892018779342723,0,0,0,1,1
5hsmA,5hsm,A,fpocket,train,131,10,9,0,,0,0.176,,0.06870229007633588,0,0,0,0,0
5hsmA,5hsm,A,p2rank,train,131,10,0,0,,0,0.0,,0.0,0,0,0,0,0
5hsmA,5hsm,A,ifsitepred,train,131,10,20,1,10,5,0.4,,0.15267175572519084,0,0,0,1,1
5hsmA,5hsm,A,lacuna,train,131,10,9,0,,0,0.143,,0.06870229007633588,0,0,0,0,0
5htoE,5hto,E,fpocket,test,305,31,22,1,14,2,0.516,,0.07213114754098361,0,0,0,0,1
5htoE,5hto,E,p2rank,test,305,31,6,1,1,1,0.61,,0.019672131147540985,1,1,1,1,1
5htoE,5hto,E,ifsitepred,test,305,31,38,1,3,2,0.29,,0.12459016393442623,0,1,1,1,1
5htoE,5hto,E,lacuna,test,305,31,23,1,1,3,0.455,,0.07540983606557378,1,1,1,1,1
5i3tE,5i3t,E,fpocket,test,363,4,27,0,,0,0.2,,0.0743801652892562,0,0,0,0,0
5i3tE,5i3t,E,p2rank,test,363,4,11,0,,0,0.0,,0.030303030303030304,0,0,0,0,0
5i3tE,5i3t,E,ifsitepred,test,363,4,22,0,,0,0.0,,0.06060606060606061,0,0,0,0,0
5i3tE,5i3t,E,lacuna,test,363,4,27,0,,0,0.069,,0.0743801652892562,0,0,0,0,0
5i59A,5i59,A,fpocket,train,262,16,17,0,,0,0.12,,0.0648854961832061,0,0,0,0,0
5i59A,5i59,A,p2rank,train,262,16,7,1,5,1,0.5,,0.026717557251908396,0,0,1,1,1
5i59A,5i59,A,ifsitepred,train,262,16,5,1,4,1,0.438,,0.019083969465648856,0,0,1,1,1
5i59A,5i59,A,lacuna,train,262,16,15,1,1,2,0.536,,0.05725190839694656,1,1,1,1,1
5i5dD,5i5d,D,fpocket,train,342,7,22,1,14,1,0.6,,0.06432748538011696,0,0,0,0,1
5i5dD,5i5d,D,p2rank,train,342,7,9,1,3,1,0.375,,0.02631578947368421,0,1,1,1,1
5i5dD,5i5d,D,ifsitepred,train,342,7,21,0,,0,0.2,,0.06140350877192982,0,0,0,0,0
5i5dD,5i5d,D,lacuna,train,342,7,26,1,7,1,0.417,,0.07602339181286549,0,0,0,1,1
5icsC,5ics,C,fpocket,train,259,8,12,0,,0,0.071,,0.04633204633204633,0,0,0,0,0
5icsC,5ics,C,p2rank,train,259,8,4,0,,0,0.039,,0.015444015444015444,0,0,0,0,0
5icsC,5ics,C,ifsitepred,train,259,8,30,1,10,1,0.444,,0.11583011583011583,0,0,0,1,1
5icsC,5ics,C,lacuna,train,259,8,8,0,,0,0.103,,0.03088803088803089,0,0,0,0,0
5ighA,5igh,A,fpocket,test,301,24,26,1,5,1,0.308,,0.08637873754152824,0,0,1,1,1
5ighA,5igh,A,p2rank,test,301,24,8,1,2,1,0.353,,0.026578073089700997,0,1,1,1,1
5ighA,5igh,A,ifsitepred,test,301,24,52,1,1,1,0.333,,0.17275747508305647,1,1,1,1,1
5ighA,5igh,A,lacuna,test,301,24,23,1,1,2,0.379,,0.07641196013289037,1,1,1,1,1
5ihbA,5ihb,A,fpocket,train,213,8,9,1,1,1,0.357,,0.04225352112676056,1,1,1,1,1
5ihbA,5ihb,A,p2rank,train,213,8,3,0,,0,0.158,,0.014084507042253521,0,0,0,0,0
5ihbA,5ihb,A,ifsitepred,train,213,8,1,0,,0,0.083,,0.004694835680751174,0,0,0,0,0
5ihbA,5ihb,A,lacuna,train,213,8,4,0,,0,0.05,,0.018779342723004695,0,0,0,0,0
5ilkA,5ilk,A,fpocket,train,536,14,33,0,,0,0.204,,0.061567164179104475,0,0,0,0,0
5ilkA,5ilk,A,p2rank,train,536,14,19,0,,0,0.159,,0.03544776119402985,0,0,0,0,0
5ilkA,5ilk,A,ifsitepred,train,536,14,16,1,2,1,0.421,,0.029850746268656716,0,1,1,1,1
5ilkA,5ilk,A,lacuna,train,536,14,60,0,,0,0.205,,0.11194029850746269,0,0,0,0,0
5ioxA,5iox,A,fpocket,train,155,6,11,1,9,1,0.286,,0.07096774193548387,0,0,0,1,1
5ioxA,5iox,A,p2rank,train,155,6,3,1,2,1,0.25,,0.01935483870967742,0,1,1,1,1
5ioxA,5iox,A,ifsitepred,train,155,6,20,1,8,1,0.286,,0.12903225806451613,0,0,0,1,1
5ioxA,5iox,A,lacuna,train,155,6,4,1,2,1,0.25,,0.025806451612903226,0,1,1,1,1
5jhtA,5jht,A,fpocket,train,181,13,15,1,7,1,0.533,,0.08287292817679558,0,0,0,1,1
5jhtA,5jht,A,p2rank,train,181,13,4,1,1,1,0.323,,0.022099447513812154,1,1,1,1,1
5jhtA,5jht,A,ifsitepred,train,181,13,18,1,9,1,0.308,,0.09944751381215469,0,0,0,1,1
5jhtA,5jht,A,lacuna,train,181,13,16,1,3,2,0.562,,0.08839779005524862,0,1,1,1,1
5k3aA,5k3a,A,fpocket,train,295,8,13,1,1,1,0.25,,0.04406779661016949,1,1,1,1,1
5k3aA,5k3a,A,p2rank,train,295,8,7,1,3,1,0.308,,0.023728813559322035,0,1,1,1,1
5k3aA,5k3a,A,ifsitepred,train,295,8,9,1,1,4,0.4,,0.030508474576271188,1,1,1,1,1
5k3aA,5k3a,A,lacuna,train,295,8,19,1,1,1,0.304,,0.06440677966101695,1,1,1,1,1
5k7kA,5k7k,A,fpocket,train,455,7,34,1,8,1,0.417,,0.07472527472527472,0,0,0,1,1
5k7kA,5k7k,A,p2rank,train,455,7,13,0,,0,0.018,,0.02857142857142857,0,0,0,0,0
5k7kA,5k7k,A,ifsitepred,train,455,7,60,0,,0,0.077,,0.13186813186813187,0,0,0,0,0
5k7kA,5k7k,A,lacuna,train,455,7,43,0,,0,0.13,,0.0945054945054945,0,0,0,0,0
5kcgB,5kcg,B,fpocket,test,397,15,27,1,23,2,0.316,,0.06801007556675064,0,0,0,0,0
5kcgB,5kcg,B,p2rank,test,397,15,9,0,,0,0.222,,0.022670025188916875,0,0,0,0,0
5kcgB,5kcg,B,ifsitepred,test,397,15,29,1,15,1,0.25,,0.07304785894206549,0,0,0,0,1
5kcgB,5kcg,B,lacuna,test,397,15,42,1,4,1,0.385,,0.10579345088161209,0,0,1,1,1
5kopD,5kop,D,fpocket,train,457,7,34,1,20,1,0.308,,0.07439824945295405,0,0,0,0,1
5kopD,5kop,D,p2rank,train,457,7,14,0,,0,0.182,,0.030634573304157548,0,0,0,0,0
5kopD,5kop,D,ifsitepred,train,457,7,32,0,,0,0.222,,0.0700218818380744,0,0,0,0,0
5kopD,5kop,D,lacuna,train,457,7,41,0,,0,0.2,,0.08971553610503283,0,0,0,0,0
5l45A,5l45,A,fpocket,train,278,20,16,1,9,1,0.682,,0.05755395683453238,0,0,0,1,1
5l45A,5l45,A,p2rank,train,278,20,7,1,1,1,0.308,,0.025179856115107913,1,1,1,1,1
5l45A,5l45,A,ifsitepred,train,278,20,48,1,1,2,0.36,,0.17266187050359713,1,1,1,1,1
5l45A,5l45,A,lacuna,train,278,20,10,1,1,3,0.275,,0.03597122302158273,1,1,1,1,1
5lccA,5lcc,A,fpocket,train,189,25,10,1,2,2,0.462,,0.05291005291005291,0,1,1,1,1
5lccA,5lcc,A,p2rank,train,189,25,2,1,1,2,0.32,,0.010582010582010581,1,1,1,1,1
5lccA,5lcc,A,ifsitepred,train,189,25,26,1,1,3,0.32,,0.13756613756613756,1,1,1,1,1
5lccA,5lcc,A,lacuna,train,189,25,10,1,1,2,0.618,,0.05291005291005291,1,1,1,1,1
5lgrB,5lgr,B,fpocket,train,343,7,18,0,,0,0.0,,0.052478134110787174,0,0,0,0,0
5lgrB,5lgr,B,p2rank,train,343,7,2,0,,0,0.0,,0.0058309037900874635,0,0,0,0,0
5lgrB,5lgr,B,ifsitepred,train,343,7,15,0,,0,0.0,,0.043731778425655975,0,0,0,0,0
5lgrB,5lgr,B,lacuna,train,343,7,5,0,,0,0.118,,0.014577259475218658,0,0,0,0,0
5locA,5loc,A,fpocket,test,320,27,24,1,3,2,0.333,,0.075,0,1,1,1,1
5locA,5loc,A,p2rank,test,320,27,9,1,1,2,0.372,,0.028125,1,1,1,1,1
5locA,5loc,A,ifsitepred,test,320,27,44,1,1,2,0.333,,0.1375,1,1,1,1,1
5locA,5loc,A,lacuna,test,320,27,26,1,2,1,0.345,,0.08125,0,1,1,1,1
5lorB,5lor,B,fpocket,train,291,9,22,1,9,2,0.636,,0.07560137457044673,0,0,0,1,1
5lorB,5lor,B,p2rank,train,291,9,7,0,,0,0.211,,0.024054982817869417,0,0,0,0,0
5lorB,5lor,B,ifsitepred,train,291,9,27,1,3,6,0.667,,0.09278350515463918,0,1,1,1,1
5lorB,5lor,B,lacuna,train,291,9,24,1,3,2,0.375,,0.08247422680412371,0,1,1,1,1
5lqjC,5lqj,C,fpocket,train,213,13,8,1,2,2,0.467,,0.03755868544600939,0,1,1,1,1
5lqjC,5lqj,C,p2rank,train,213,13,2,1,1,2,0.269,,0.009389671361502348,1,1,1,1,1
5lqjC,5lqj,C,ifsitepred,train,213,13,26,1,2,3,0.429,,0.12206572769953052,0,1,1,1,1
5lqjC,5lqj,C,lacuna,train,213,13,16,1,1,2,0.381,,0.07511737089201878,1,1,1,1,1
5lsoA,5lso,A,fpocket,train,103,8,2,1,1,1,0.357,,0.019417475728155338,1,1,1,1,1
5lsoA,5lso,A,p2rank,train,103,8,1,1,1,1,0.385,,0.009708737864077669,1,1,1,1,1
5lsoA,5lso,A,ifsitepred,train,103,8,6,1,1,1,0.357,,0.05825242718446602,1,1,1,1,1
5lsoA,5lso,A,lacuna,train,103,8,4,1,1,1,0.35,,0.038834951456310676,1,1,1,1,1
5lxhB,5lxh,B,fpocket,train,115,6,11,0,,0,0.077,,0.09565217391304348,0,0,0,0,0
5lxhB,5lxh,B,p2rank,train,115,6,3,0,,0,0.0,,0.02608695652173913,0,0,0,0,0
5lxhB,5lxh,B,ifsitepred,train,115,6,6,0,,0,0.0,,0.05217391304347826,0,0,0,0,0
5lxhB,5lxh,B,lacuna,train,115,6,8,0,,0,0.129,,0.06956521739130435,0,0,0,0,0
5mbtC,5mbt,C,fpocket,train,282,10,12,1,8,1,0.286,,0.0425531914893617,0,0,0,1,1
5mbtC,5mbt,C,p2rank,train,282,10,4,0,,0,0.071,,0.014184397163120567,0,0,0,0,0
5mbtC,5mbt,C,ifsitepred,train,282,10,20,1,3,3,0.5,,0.07092198581560284,0,1,1,1,1
5mbtC,5mbt,C,lacuna,train,282,10,20,1,2,1,0.462,,0.07092198581560284,0,1,1,1,1
5mcaA,5mca,A,fpocket,train,159,14,6,1,6,1,0.667,,0.03773584905660377,0,0,0,1,1
5mcaA,5mca,A,p2rank,train,159,14,2,1,1,1,0.8,,0.012578616352201259,1,1,1,1,1
5mcaA,5mca,A,ifsitepred,train,159,14,6,1,1,3,0.5,,0.03773584905660377,1,1,1,1,1
5mcaA,5mca,A,lacuna,train,159,14,1,0,,0,0.0,,0.006289308176100629,0,0,0,0,0
5mf2D,5mf2,D,fpocket,train,187,5,11,0,,0,0.0,,0.058823529411764705,0,0,0,0,0
5mf2D,5mf2,D,p2rank,train,187,5,2,0,,0,0.0,,0.0106951871657754,0,0,0,0,0
5mf2D,5mf2,D,ifsitepred,train,187,5,0,0,,0,0.0,,0.0,0,0,0,0,0
5mf2D,5mf2,D,lacuna,train,187,5,1,0,,0,0.0,,0.0053475935828877,0,0,0,0,0
5mkbB,5mkb,B,fpocket,train,373,10,24,1,3,1,0.25,,0.064343163538874,0,1,1,1,1
5mkbB,5mkb,B,p2rank,train,373,10,10,1,1,1,0.3,,0.02680965147453083,1,1,1,1,1
5mkbB,5mkb,B,ifsitepred,train,373,10,29,1,5,8,0.4,,0.0777479892761394,0,0,1,1,1
5mkbB,5mkb,B,lacuna,train,373,10,21,0,,0,0.227,,0.05630026809651475,0,0,0,0,0
5nchB,5nch,B,fpocket,train,253,14,12,1,7,1,0.423,,0.04743083003952569,0,0,0,1,1
5nchB,5nch,B,p2rank,train,253,14,6,1,1,1,0.364,,0.023715415019762844,1,1,1,1,1
5nchB,5nch,B,ifsitepred,train,253,14,14,1,2,1,0.6,,0.05533596837944664,0,1,1,1,1
5nchB,5nch,B,lacuna,train,253,14,9,1,1,1,0.448,,0.03557312252964427,1,1,1,1,1
5niaA,5nia,A,fpocket,train,609,13,34,1,1,1,0.368,,0.05582922824302135,1,1,1,1,1
5niaA,5nia,A,p2rank,train,609,13,16,0,,0,0.082,,0.026272577996715927,0,0,0,0,0
5niaA,5nia,A,ifsitepred,train,609,13,16,0,,0,0.227,,0.026272577996715927,0,0,0,0,0
5niaA,5nia,A,lacuna,train,609,13,23,1,16,1,0.308,,0.03776683087027915,0,0,0,0,1
5ninB,5nin,B,fpocket,train,141,21,11,1,2,1,0.379,,0.07801418439716312,0,1,1,1,1
5ninB,5nin,B,p2rank,train,141,21,4,0,,0,0.2,,0.028368794326241134,0,0,0,0,0
5ninB,5nin,B,ifsitepred,train,141,21,9,1,4,1,0.273,,0.06382978723404255,0,0,1,1,1
5ninB,5nin,B,lacuna,train,141,21,8,1,1,2,0.375,,0.05673758865248227,1,1,1,1,1
5nr9B,5nr9,B,fpocket,train,280,12,20,1,1,1,0.444,,0.07142857142857142,1,1,1,1,1
5nr9B,5nr9,B,p2rank,train,280,12,4,1,1,1,0.306,,0.014285714285714285,1,1,1,1,1
5nr9B,5nr9,B,ifsitepred,train,280,12,19,1,1,5,0.667,,0.06785714285714285,1,1,1,1,1
5nr9B,5nr9,B,lacuna,train,280,12,6,1,1,3,0.389,,0.02142857142857143,1,1,1,1,1
5ny2A,5ny2,A,fpocket,train,262,5,17,1,15,1,0.5,,0.0648854961832061,0,0,0,0,1
5ny2A,5ny2,A,p2rank,train,262,5,4,0,,0,0.0,,0.015267175572519083,0,0,0,0,0
5ny2A,5ny2,A,ifsitepred,train,262,5,10,0,,0,0.0,,0.03816793893129771,0,0,0,0,0
5ny2A,5ny2,A,lacuna,train,262,5,17,0,,0,0.038,,0.0648854961832061,0,0,0,0,0
5nz1G,5nz1,G,fpocket,train,192,20,17,1,1,1,0.429,,0.08854166666666667,1,1,1,1,1
5nz1G,5nz1,G,p2rank,train,192,20,4,1,1,1,0.414,,0.020833333333333332,1,1,1,1,1
5nz1G,5nz1,G,ifsitepred,train,192,20,21,1,1,2,0.393,,0.109375,1,1,1,1,1
5nz1G,5nz1,G,lacuna,train,192,20,17,1,1,2,0.522,,0.08854166666666667,1,1,1,1,1
5nzmA,5nzm,A,fpocket,train,483,25,33,1,5,2,0.481,,0.06832298136645963,0,0,1,1,1
5nzmA,5nzm,A,p2rank,train,483,25,11,1,1,2,0.517,,0.022774327122153208,1,1,1,1,1
5nzmA,5nzm,A,ifsitepred,train,483,25,33,1,1,2,0.346,,0.06832298136645963,1,1,1,1,1
5nzmA,5nzm,A,lacuna,train,483,25,41,1,4,1,0.286,,0.08488612836438923,0,0,1,1,1
5nzxA,5nzx,A,fpocket,train,336,11,27,1,8,1,0.769,,0.08035714285714286,0,0,0,1,1
5nzxA,5nzx,A,p2rank,train,336,11,5,1,5,1,0.667,,0.01488095238095238,0,0,1,1,1
5nzxA,5nzx,A,ifsitepred,train,336,11,27,1,19,1,0.417,,0.08035714285714286,0,0,0,0,1
5nzxA,5nzx,A,lacuna,train,336,11,19,0,,0,0.12,,0.05654761904761905,0,0,0,0,0
5o1mA,5o1m,A,fpocket,train,371,12,27,1,22,1,0.25,,0.07277628032345014,0,0,0,0,0
5o1mA,5o1m,A,p2rank,train,371,12,8,1,7,1,0.462,,0.0215633423180593,0,0,0,1,1
5o1mA,5o1m,A,ifsitepred,train,371,12,9,0,,0,0.0,,0.02425876010781671,0,0,0,0,0
5o1mA,5o1m,A,lacuna,train,371,12,34,1,8,1,0.379,,0.09164420485175202,0,0,0,1,1
5o8bA,5o8b,A,fpocket,test,243,4,19,0,,0,0.067,,0.07818930041152264,0,0,0,0,0
5o8bA,5o8b,A,p2rank,test,243,4,4,0,,0,0.0,,0.01646090534979424,0,0,0,0,0
5o8bA,5o8b,A,ifsitepred,test,243,4,6,0,,0,0.0,,0.024691358024691357,0,0,0,0,0
5o8bA,5o8b,A,lacuna,test,243,4,12,0,,0,0.0,,0.04938271604938271,0,0,0,0,0
5ojxA,5ojx,A,fpocket,train,215,15,19,1,5,2,0.381,,0.08837209302325581,0,0,1,1,1
5ojxA,5ojx,A,p2rank,train,215,15,4,1,1,1,0.368,,0.018604651162790697,1,1,1,1,1
5ojxA,5ojx,A,ifsitepred,train,215,15,12,1,7,1,0.267,,0.05581395348837209,0,0,0,1,1
5ojxA,5ojx,A,lacuna,train,215,15,19,1,4,3,0.296,,0.08837209302325581,0,0,1,1,1
5op0B,5op0,B,fpocket,train,331,14,24,1,3,1,0.867,,0.07250755287009064,0,1,1,1,1
5op0B,5op0,B,p2rank,train,331,14,9,1,1,1,0.5,,0.027190332326283987,1,1,1,1,1
5op0B,5op0,B,ifsitepred,train,331,14,16,1,1,3,0.6,,0.04833836858006042,1,1,1,1,1
5op0B,5op0,B,lacuna,train,331,14,21,1,2,1,0.565,,0.0634441087613293,0,1,1,1,1
5rarB,5rar,B,fpocket,train,344,7,30,1,19,2,0.462,,0.0872093023255814,0,0,0,0,1
5rarB,5rar,B,p2rank,train,344,7,12,1,10,1,0.455,,0.03488372093023256,0,0,0,1,1
5rarB,5rar,B,ifsitepred,train,344,7,17,0,,0,0.0,,0.04941860465116279,0,0,0,0,0
5rarB,5rar,B,lacuna,train,344,7,43,1,22,1,0.333,,0.125,0,0,0,0,0
5sc2A,5sc2,A,fpocket,test,150,5,6,0,,0,0.0,,0.04,0,0,0,0,0
5sc2A,5sc2,A,p2rank,test,150,5,4,1,4,1,0.25,,0.02666666666666667,0,0,1,1,1
5sc2A,5sc2,A,ifsitepred,test,150,5,9,1,2,5,0.6,,0.06,0,1,1,1,1
5sc2A,5sc2,A,lacuna,test,150,5,3,0,,0,0.125,,0.02,0,0,0,0,0
5t2vA,5t2v,A,fpocket,train,239,33,14,1,1,1,0.676,,0.058577405857740586,1,1,1,1,1
5t2vA,5t2v,A,p2rank,train,239,33,5,1,1,1,0.7,,0.02092050209205021,1,1,1,1,1
5t2vA,5t2v,A,ifsitepred,train,239,33,21,1,1,1,0.294,,0.08786610878661087,1,1,1,1,1
5t2vA,5t2v,A,lacuna,train,239,33,15,1,2,3,0.615,,0.06276150627615062,0,1,1,1,1
5t7tA,5t7t,A,fpocket,train,147,4,7,1,3,1,0.4,,0.047619047619047616,0,1,1,1,1
5t7tA,5t7t,A,p2rank,train,147,4,2,1,2,1,0.444,,0.013605442176870748,0,1,1,1,1
5t7tA,5t7t,A,ifsitepred,train,147,4,13,1,2,6,0.75,,0.08843537414965986,0,1,1,1,1
5t7tA,5t7t,A,lacuna,train,147,4,13,0,,0,0.167,,0.08843537414965986,0,0,0,0,0
5tc0B,5tc0,B,fpocket,test,250,22,18,1,4,2,0.542,,0.072,0,0,1,1,1
5tc0B,5tc0,B,p2rank,test,250,22,7,1,1,2,0.44,,0.028,1,1,1,1,1
5tc0B,5tc0,B,ifsitepred,test,250,22,22,1,1,2,0.56,,0.088,1,1,1,1,1
5tc0B,5tc0,B,lacuna,test,250,22,26,1,1,4,0.484,,0.104,1,1,1,1,1
5tqvA,5tqv,A,fpocket,train,225,30,15,1,3,3,0.367,,0.06666666666666667,0,1,1,1,1
5tqvA,5tqv,A,p2rank,train,225,30,5,1,1,1,0.556,,0.022222222222222223,1,1,1,1,1
5tqvA,5tqv,A,ifsitepred,train,225,30,23,1,1,3,0.433,,0.10222222222222223,1,1,1,1,1
5tqvA,5tqv,A,lacuna,train,225,30,12,1,1,2,0.513,,0.05333333333333334,1,1,1,1,1
5tviV,5tvi,V,fpocket,test,90,16,3,1,3,1,0.263,,0.03333333333333333,0,1,1,1,1
5tviV,5tvi,V,p2rank,test,90,16,1,0,,0,0.174,,0.011111111111111112,0,0,0,0,0
5tviV,5tvi,V,ifsitepred,test,90,16,0,0,,0,0.0,,0.0,0,0,0,0,0
5tviV,5tvi,V,lacuna,test,90,16,5,1,1,2,0.5,,0.05555555555555555,1,1,1,1,1
5u95B,5u95,B,fpocket,train,527,24,26,0,,0,0.239,,0.04933586337760911,0,0,0,0,0
5u95B,5u95,B,p2rank,train,527,24,16,1,1,1,0.265,,0.030360531309297913,1,1,1,1,1
5u95B,5u95,B,ifsitepred,train,527,24,26,1,1,1,0.269,,0.04933586337760911,1,1,1,1,1
5u95B,5u95,B,lacuna,train,527,24,46,1,3,1,0.353,,0.0872865275142315,0,1,1,1,1
5un3A,5un3,A,fpocket,train,316,9,13,1,5,1,0.727,,0.04113924050632911,0,0,1,1,1
5un3A,5un3,A,p2rank,train,316,9,5,0,,0,0.133,,0.015822784810126583,0,0,0,0,0
5un3A,5un3,A,ifsitepred,train,316,9,13,0,,0,0.0,,0.04113924050632911,0,0,0,0,0
5un3A,5un3,A,lacuna,train,316,9,3,0,,0,0.0,,0.00949367088607595,0,0,0,0,0
5uxaA,5uxa,A,fpocket,test,301,24,24,1,1,1,0.432,,0.07973421926910298,1,1,1,1,1
5uxaA,5uxa,A,p2rank,test,301,24,8,1,2,1,0.552,,0.026578073089700997,0,1,1,1,1
5uxaA,5uxa,A,ifsitepred,test,301,24,33,0,,0,0.208,,0.10963455149501661,0,0,0,0,0
5uxaA,5uxa,A,lacuna,test,301,24,30,1,3,3,0.643,,0.09966777408637874,0,1,1,1,1
5uzvZ,5uzv,Z,fpocket,train,348,7,33,1,1,2,0.316,,0.09482758620689655,1,1,1,1,1
5uzvZ,5uzv,Z,p2rank,train,348,7,7,0,,0,0.171,,0.020114942528735632,0,0,0,0,0
5uzvZ,5uzv,Z,ifsitepred,train,348,7,33,1,5,6,0.5,,0.09482758620689655,0,0,1,1,1
5uzvZ,5uzv,Z,lacuna,train,348,7,25,1,1,1,0.267,,0.07183908045977011,1,1,1,1,1
5v1yC,5v1y,C,fpocket,train,72,4,3,1,3,1,0.25,,0.041666666666666664,0,1,1,1,1
5v1yC,5v1y,C,p2rank,train,72,4,0,0,,0,0.0,,0.0,0,0,0,0,0
5v1yC,5v1y,C,ifsitepred,train,72,4,5,1,4,1,0.333,,0.06944444444444445,0,0,1,1,1
5v1yC,5v1y,C,lacuna,train,72,4,1,0,,0,0.0,,0.013888888888888888,0,0,0,0,0
5v2kB,5v2k,B,fpocket,train,444,8,25,0,,0,0.231,,0.05630630630630631,0,0,0,0,0
5v2kB,5v2k,B,p2rank,train,444,8,11,0,,0,0.0,,0.024774774774774775,0,0,0,0,0
5v2kB,5v2k,B,ifsitepred,train,444,8,23,0,,0,0.0,,0.0518018018018018,0,0,0,0,0
5v2kB,5v2k,B,lacuna,train,444,8,44,0,,0,0.067,,0.0990990990990991,0,0,0,0,0
5v49A,5v49,A,fpocket,train,517,15,36,0,,0,0.2,,0.06963249516441006,0,0,0,0,0
5v49A,5v49,A,p2rank,train,517,15,15,0,,0,0.2,,0.029013539651837523,0,0,0,0,0
5v49A,5v49,A,ifsitepred,train,517,15,28,0,,0,0.176,,0.05415860735009671,0,0,0,0,0
5v49A,5v49,A,lacuna,train,517,15,34,0,,0,0.179,,0.06576402321083172,0,0,0,0,0
5w5dF,5w5d,F,fpocket,train,152,5,8,1,1,1,0.273,,0.05263157894736842,1,1,1,1,1
5w5dF,5w5d,F,p2rank,train,152,5,3,0,,0,0.0,,0.019736842105263157,0,0,0,0,0
5w5dF,5w5d,F,ifsitepred,train,152,5,5,0,,0,0.125,,0.03289473684210526,0,0,0,0,0
5w5dF,5w5d,F,lacuna,train,152,5,13,1,2,1,0.267,,0.08552631578947369,0,1,1,1,1
5wbmB,5wbm,B,fpocket,test,302,13,18,0,,0,0.24,,0.059602649006622516,0,0,0,0,0
5wbmB,5wbm,B,p2rank,test,302,13,8,1,7,1,0.25,,0.026490066225165563,0,0,0,1,1
5wbmB,5wbm,B,ifsitepred,test,302,13,42,1,5,7,0.615,,0.1390728476821192,0,0,1,1,1
5wbmB,5wbm,B,lacuna,test,302,13,26,1,1,2,0.312,,0.08609271523178808,1,1,1,1,1
5wm0A,5wm0,A,fpocket,train,309,10,22,0,,0,0.214,,0.07119741100323625,0,0,0,0,0
5wm0A,5wm0,A,p2rank,train,309,10,6,1,1,1,0.345,,0.019417475728155338,1,1,1,1,1
5wm0A,5wm0,A,ifsitepred,train,309,10,19,1,1,3,0.545,,0.061488673139158574,1,1,1,1,1
5wm0A,5wm0,A,lacuna,train,309,10,29,1,1,2,0.421,,0.09385113268608414,1,1,1,1,1
5x1oB,5x1o,B,fpocket,train,127,3,7,1,5,1,0.286,,0.05511811023622047,0,0,1,1,1
5x1oB,5x1o,B,p2rank,train,127,3,2,1,1,1,0.375,,0.015748031496062992,1,1,1,1,1
5x1oB,5x1o,B,ifsitepred,train,127,3,0,0,,0,0.0,,0.0,0,0,0,0,0
5x1oB,5x1o,B,lacuna,train,127,3,5,0,,0,0.0,,0.03937007874015748,0,0,0,0,0
5xcwX,5xcw,X,fpocket,train,310,12,17,1,1,1,0.267,,0.054838709677419356,1,1,1,1,1
5xcwX,5xcw,X,p2rank,train,310,12,8,1,1,1,0.324,,0.025806451612903226,1,1,1,1,1
5xcwX,5xcw,X,ifsitepred,train,310,12,26,1,1,4,0.333,,0.08387096774193549,1,1,1,1,1
5xcwX,5xcw,X,lacuna,train,310,12,26,1,2,3,0.32,,0.08387096774193549,0,1,1,1,1
5xvvE,5xvv,E,fpocket,train,458,16,26,1,7,2,0.647,,0.056768558951965066,0,0,0,1,1
5xvvE,5xvv,E,p2rank,train,458,16,12,1,1,1,0.444,,0.026200873362445413,1,1,1,1,1
5xvvE,5xvv,E,ifsitepred,train,458,16,41,1,2,5,0.471,,0.08951965065502183,0,1,1,1,1
5xvvE,5xvv,E,lacuna,train,458,16,26,1,2,1,0.516,,0.056768558951965066,0,1,1,1,1
5yhbA,5yhb,A,fpocket,test,178,5,21,1,8,1,0.273,,0.11797752808988764,0,0,0,1,1
5yhbA,5yhb,A,p2rank,test,178,5,4,0,,0,0.0,,0.02247191011235955,0,0,0,0,0
5yhbA,5yhb,A,ifsitepred,test,178,5,22,0,,0,0.143,,0.12359550561797752,0,0,0,0,0
5yhbA,5yhb,A,lacuna,test,178,5,12,0,,0,0.167,,0.06741573033707865,0,0,0,0,0
5yj2C,5yj2,C,fpocket,test,303,7,23,0,,0,0.071,,0.07590759075907591,0,0,0,0,0
5yj2C,5yj2,C,p2rank,test,303,7,6,0,,0,0.0,,0.019801980198019802,0,0,0,0,0
5yj2C,5yj2,C,ifsitepred,test,303,7,20,0,,0,0.0,,0.066006600660066,0,0,0,0,0
5yj2C,5yj2,C,lacuna,test,303,7,11,0,,0,0.0,,0.036303630363036306,0,0,0,0,0
5yqpA,5yqp,A,fpocket,test,185,25,12,1,1,1,0.6,,0.06486486486486487,1,1,1,1,1
5yqpA,5yqp,A,p2rank,test,185,25,1,1,1,1,0.594,,0.005405405405405406,1,1,1,1,1
5yqpA,5yqp,A,ifsitepred,test,185,25,17,1,1,1,0.4,,0.0918918918918919,1,1,1,1,1
5yqpA,5yqp,A,lacuna,test,185,25,13,1,1,3,0.576,,0.07027027027027027,1,1,1,1,1
5ysbB,5ysb,B,fpocket,test,385,6,22,0,,0,0.2,,0.05714285714285714,0,0,0,0,0
5ysbB,5ysb,B,p2rank,test,385,6,9,0,,0,0.154,,0.023376623376623377,0,0,0,0,0
5ysbB,5ysb,B,ifsitepred,test,385,6,37,1,7,7,0.5,,0.09610389610389611,0,0,0,1,1
5ysbB,5ysb,B,lacuna,test,385,6,26,0,,0,0.148,,0.06753246753246753,0,0,0,0,0
5z0aB,5z0a,B,fpocket,train,400,18,21,1,2,3,0.444,,0.0525,0,1,1,1,1
5z0aB,5z0a,B,p2rank,train,400,18,6,1,1,1,0.4,,0.015,1,1,1,1,1
5z0aB,5z0a,B,ifsitepred,train,400,18,31,1,2,5,0.389,,0.0775,0,1,1,1,1
5z0aB,5z0a,B,lacuna,train,400,18,25,1,2,5,0.636,,0.0625,0,1,1,1,1
5z18C,5z18,C,fpocket,test,588,14,39,1,3,1,0.6,,0.0663265306122449,0,1,1,1,1
5z18C,5z18,C,p2rank,test,588,14,14,1,1,1,0.545,,0.023809523809523808,1,1,1,1,1
5z18C,5z18,C,ifsitepred,test,588,14,23,1,1,1,0.733,,0.0391156462585034,1,1,1,1,1
5z18C,5z18,C,lacuna,test,588,14,46,1,2,1,0.583,,0.0782312925170068,0,1,1,1,1
5z43A,5z43,A,fpocket,train,292,11,25,1,17,1,0.276,,0.08561643835616438,0,0,0,0,1
5z43A,5z43,A,p2rank,train,292,11,7,0,,0,0.131,,0.023972602739726026,0,0,0,0,0
5z43A,5z43,A,ifsitepred,train,292,11,19,1,3,3,0.5,,0.06506849315068493,0,1,1,1,1
5z43A,5z43,A,lacuna,train,292,11,28,1,1,1,0.27,,0.0958904109589041,1,1,1,1,1
5z67A,5z67,A,fpocket,train,367,19,25,1,19,1,0.3,,0.0681198910081744,0,0,0,0,1
5z67A,5z67,A,p2rank,train,367,19,9,1,4,1,0.261,,0.02452316076294278,0,0,1,1,1
5z67A,5z67,A,ifsitepred,train,367,19,29,1,1,3,0.368,,0.07901907356948229,1,1,1,1,1
5z67A,5z67,A,lacuna,train,367,19,29,1,14,1,0.375,,0.07901907356948229,0,0,0,0,1
5z6cA,5z6c,A,fpocket,train,376,10,32,1,20,1,0.7,,0.0851063829787234,0,0,0,0,1
5z6cA,5z6c,A,p2rank,train,376,10,11,1,7,1,0.417,,0.02925531914893617,0,0,0,1,1
5z6cA,5z6c,A,ifsitepred,train,376,10,32,1,1,5,0.5,,0.0851063829787234,1,1,1,1,1
5z6cA,5z6c,A,lacuna,train,376,10,31,1,2,1,0.545,,0.08244680851063829,0,1,1,1,1
5za4A,5za4,A,fpocket,train,488,22,31,0,,0,0.208,,0.06352459016393443,0,0,0,0,0
5za4A,5za4,A,p2rank,train,488,22,10,1,3,1,0.458,,0.020491803278688523,0,1,1,1,1
5za4A,5za4,A,ifsitepred,train,488,22,41,1,12,1,0.273,,0.08401639344262295,0,0,0,0,1
5za4A,5za4,A,lacuna,train,488,22,35,1,3,1,0.294,,0.07172131147540983,0,1,1,1,1
5ze7B,5ze7,B,fpocket,train,353,18,26,1,2,1,0.4,,0.07365439093484419,0,1,1,1,1
5ze7B,5ze7,B,p2rank,train,353,18,10,1,8,1,0.5,,0.028328611898016998,0,0,0,1,1
5ze7B,5ze7,B,ifsitepred,train,353,18,54,1,10,1,0.278,,0.1529745042492918,0,0,0,1,1
5ze7B,5ze7,B,lacuna,train,353,18,28,1,1,2,0.476,,0.07932011331444759,1,1,1,1,1
5zicB,5zic,B,fpocket,train,496,16,34,1,16,1,0.279,,0.06854838709677419,0,0,0,0,1
5zicB,5zic,B,p2rank,train,496,16,16,0,,0,0.236,,0.03225806451612903,0,0,0,0,0
5zicB,5zic,B,ifsitepred,train,496,16,25,1,2,3,0.37,,0.05040322580645161,0,1,1,1,1
5zicB,5zic,B,lacuna,train,496,16,47,1,1,3,0.464,,0.09475806451612903,1,1,1,1,1
5zj4D,5zj4,D,fpocket,test,160,11,11,1,10,1,0.333,,0.06875,0,0,0,1,1
5zj4D,5zj4,D,p2rank,test,160,11,3,0,,0,0.241,,0.01875,0,0,0,0,0
5zj4D,5zj4,D,ifsitepred,test,160,11,17,1,1,6,0.357,,0.10625,1,1,1,1,1
5zj4D,5zj4,D,lacuna,test,160,11,8,1,1,1,0.364,,0.05,1,1,1,1,1
5zrnB,5zrn,B,fpocket,train,398,9,29,1,1,1,0.25,,0.0728643216080402,1,1,1,1,1
5zrnB,5zrn,B,p2rank,train,398,9,10,1,10,1,0.273,,0.02512562814070352,0,0,0,1,1
5zrnB,5zrn,B,ifsitepred,train,398,9,33,0,,0,0.0,,0.0829145728643216,0,0,0,0,0
5zrnB,5zrn,B,lacuna,train,398,9,35,1,21,1,0.381,,0.08793969849246232,0,0,0,0,0
5zv0A,5zv0,A,fpocket,train,387,15,24,0,,0,0.2,,0.06201550387596899,0,0,0,0,0
5zv0A,5zv0,A,p2rank,train,387,15,13,0,,0,0.227,,0.03359173126614987,0,0,0,0,0
5zv0A,5zv0,A,ifsitepred,train,387,15,26,1,26,1,0.533,,0.06718346253229975,0,0,0,0,0
5zv0A,5zv0,A,lacuna,train,387,15,34,1,5,2,0.346,,0.08785529715762273,0,0,1,1,1
6a45B,6a45,B,fpocket,train,211,13,15,0,,0,0.2,,0.07109004739336493,0,0,0,0,0
6a45B,6a45,B,p2rank,train,211,13,10,1,1,2,0.333,,0.04739336492890995,1,1,1,1,1
6a45B,6a45,B,ifsitepred,train,211,13,15,1,1,4,0.462,,0.07109004739336493,1,1,1,1,1
6a45B,6a45,B,lacuna,train,211,13,10,1,1,1,0.391,,0.04739336492890995,1,1,1,1,1
6a98C,6a98,C,fpocket,test,201,13,8,1,1,1,0.522,,0.03980099502487562,1,1,1,1,1
6a98C,6a98,C,p2rank,test,201,13,1,1,1,1,0.44,,0.004975124378109453,1,1,1,1,1
6a98C,6a98,C,ifsitepred,test,201,13,17,1,2,2,0.4,,0.0845771144278607,0,1,1,1,1
6a98C,6a98,C,lacuna,test,201,13,9,1,1,1,0.4,,0.04477611940298507,1,1,1,1,1
6aa3A,6aa3,A,fpocket,train,162,21,13,1,1,1,0.609,,0.08024691358024691,1,1,1,1,1
6aa3A,6aa3,A,p2rank,train,162,21,7,1,1,1,0.667,,0.043209876543209874,1,1,1,1,1
6aa3A,6aa3,A,ifsitepred,train,162,21,21,1,3,5,0.333,,0.12962962962962962,0,1,1,1,1
6aa3A,6aa3,A,lacuna,train,162,21,10,1,1,3,0.464,,0.06172839506172839,1,1,1,1,1
6aceA,6ace,A,fpocket,train,267,6,16,0,,0,0.2,,0.0599250936329588,0,0,0,0,0
6aceA,6ace,A,p2rank,train,267,6,4,0,,0,0.188,,0.0149812734082397,0,0,0,0,0
6aceA,6ace,A,ifsitepred,train,267,6,28,1,2,8,0.5,,0.10486891385767791,0,1,1,1,1
6aceA,6ace,A,lacuna,train,267,6,17,1,1,1,0.25,,0.06367041198501873,1,1,1,1,1
6aibA,6aib,A,fpocket,train,201,17,18,1,3,1,0.5,,0.08955223880597014,0,1,1,1,1
6aibA,6aib,A,p2rank,train,201,17,4,1,1,1,0.4,,0.01990049751243781,1,1,1,1,1
6aibA,6aib,A,ifsitepred,train,201,17,19,1,3,2,0.294,,0.0945273631840796,0,1,1,1,1
6aibA,6aib,A,lacuna,train,201,17,12,1,1,2,0.52,,0.05970149253731343,1,1,1,1,1
6aqeB,6aqe,B,fpocket,train,266,7,19,1,8,2,0.4,,0.07142857142857142,0,0,0,1,1
6aqeB,6aqe,B,p2rank,train,266,7,6,0,,0,0.059,,0.022556390977443608,0,0,0,0,0
6aqeB,6aqe,B,ifsitepred,train,266,7,28,0,,0,0.0,,0.10526315789473684,0,0,0,0,0
6aqeB,6aqe,B,lacuna,train,266,7,20,0,,0,0.062,,0.07518796992481203,0,0,0,0,0
6bn5B,6bn5,B,fpocket,train,448,13,27,1,1,1,0.5,,0.060267857142857144,1,1,1,1,1
6bn5B,6bn5,B,p2rank,train,448,13,11,1,3,1,0.786,,0.024553571428571428,0,1,1,1,1
6bn5B,6bn5,B,ifsitepred,train,448,13,14,0,,0,0.0,,0.03125,0,0,0,0,0
6bn5B,6bn5,B,lacuna,train,448,13,33,1,13,3,0.421,,0.07366071428571429,0,0,0,0,1
6btyB,6bty,B,fpocket,test,128,9,8,0,,0,0.231,,0.0625,0,0,0,0,0
6btyB,6bty,B,p2rank,test,128,9,2,1,1,1,0.5,,0.015625,1,1,1,1,1
6btyB,6bty,B,ifsitepred,test,128,9,7,1,2,3,0.444,,0.0546875,0,1,1,1,1
6btyB,6bty,B,lacuna,test,128,9,9,1,2,1,0.294,,0.0703125,0,1,1,1,1
6bziC,6bzi,C,fpocket,train,496,12,30,1,10,1,0.257,,0.06048387096774194,0,0,0,1,1
6bziC,6bzi,C,p2rank,train,496,12,15,0,,0,0.227,,0.03024193548387097,0,0,0,0,0
6bziC,6bzi,C,ifsitepred,train,496,12,19,1,3,3,0.429,,0.038306451612903226,0,1,1,1,1
6bziC,6bzi,C,lacuna,train,496,12,42,1,8,1,0.25,,0.0846774193548387,0,0,0,1,1
6c4gA,6c4g,A,fpocket,train,394,8,25,1,7,3,0.667,,0.06345177664974619,0,0,0,1,1
6c4gA,6c4g,A,p2rank,train,394,8,9,0,,0,0.037,,0.02284263959390863,0,0,0,0,0
6c4gA,6c4g,A,ifsitepred,train,394,8,23,0,,0,0.0,,0.0583756345177665,0,0,0,0,0
6c4gA,6c4g,A,lacuna,train,394,8,26,0,,0,0.032,,0.06598984771573604,0,0,0,0,0
6c4tA,6c4t,A,fpocket,train,428,6,41,1,37,1,0.556,,0.09579439252336448,0,0,0,0,0
6c4tA,6c4t,A,p2rank,train,428,6,14,1,3,2,0.3,,0.03271028037383177,0,1,1,1,1
6c4tA,6c4t,A,ifsitepred,train,428,6,34,1,10,6,0.571,,0.0794392523364486,0,0,0,1,1
6c4tA,6c4t,A,lacuna,train,428,6,21,1,9,2,0.385,,0.04906542056074766,0,0,0,1,1
6cfsA,6cfs,A,fpocket,train,245,14,16,1,1,1,0.333,,0.0653061224489796,1,1,1,1,1
6cfsA,6cfs,A,p2rank,train,245,14,3,1,1,1,0.342,,0.012244897959183673,1,1,1,1,1
6cfsA,6cfs,A,ifsitepred,train,245,14,31,1,1,4,0.45,,0.12653061224489795,1,1,1,1,1
6cfsA,6cfs,A,lacuna,train,245,14,17,1,1,4,0.343,,0.06938775510204082,1,1,1,1,1
6cjfA,6cjf,A,fpocket,train,350,21,18,1,2,1,0.333,,0.05142857142857143,0,1,1,1,1
6cjfA,6cjf,A,p2rank,train,350,21,7,0,,0,0.172,,0.02,0,0,0,0,0
6cjfA,6cjf,A,ifsitepred,train,350,21,19,0,,0,0.0,,0.054285714285714284,0,0,0,0,0
6cjfA,6cjf,A,lacuna,train,350,21,24,1,15,2,0.419,,0.06857142857142857,0,0,0,0,1
6co1F,6co1,F,fpocket,train,119,9,6,1,5,1,0.273,,0.05042016806722689,0,0,1,1,1
6co1F,6co1,F,p2rank,train,119,9,2,1,1,1,0.444,,0.01680672268907563,1,1,1,1,1
6co1F,6co1,F,ifsitepred,train,119,9,11,1,1,2,0.333,,0.09243697478991597,1,1,1,1,1
6co1F,6co1,F,lacuna,train,119,9,2,0,,0,0.053,,0.01680672268907563,0,0,0,0,0
6cqeB,6cqe,B,fpocket,test,287,21,17,1,11,1,0.593,,0.059233449477351915,0,0,0,0,1
6cqeB,6cqe,B,p2rank,test,287,21,6,1,1,1,0.556,,0.020905923344947737,1,1,1,1,1
6cqeB,6cqe,B,ifsitepred,test,287,21,48,1,1,3,0.429,,0.1672473867595819,1,1,1,1,1
6cqeB,6cqe,B,lacuna,test,287,21,26,1,1,3,0.484,,0.09059233449477352,1,1,1,1,1
6cswC,6csw,C,fpocket,train,319,15,21,1,9,1,0.556,,0.06583072100313479,0,0,0,1,1
6cswC,6csw,C,p2rank,train,319,15,13,1,2,1,0.588,,0.04075235109717868,0,1,1,1,1
6cswC,6csw,C,ifsitepred,train,319,15,27,1,2,3,0.5,,0.08463949843260188,0,1,1,1,1
6cswC,6csw,C,lacuna,train,319,15,18,1,1,1,0.667,,0.05642633228840126,1,1,1,1,1
6cwmA,6cwm,A,fpocket,train,171,11,13,1,2,1,0.538,,0.07602339181286549,0,1,1,1,1
6cwmA,6cwm,A,p2rank,train,171,11,3,0,,0,0.125,,0.017543859649122806,0,0,0,0,0
6cwmA,6cwm,A,ifsitepred,train,171,11,9,0,,0,0.2,,0.05263157894736842,0,0,0,0,0
6cwmA,6cwm,A,lacuna,train,171,11,8,1,1,1,0.526,,0.04678362573099415,1,1,1,1,1
6cwwB,6cww,B,fpocket,train,184,8,18,0,,0,0.083,,0.09782608695652174,0,0,0,0,0
6cwwB,6cww,B,p2rank,train,184,8,4,0,,0,0.0,,0.021739130434782608,0,0,0,0,0
6cwwB,6cww,B,ifsitepred,train,184,8,31,0,,0,0.0,,0.16847826086956522,0,0,0,0,0
6cwwB,6cww,B,lacuna,train,184,8,18,1,17,1,0.333,,0.09782608695652174,0,0,0,0,1
6cy1A,6cy1,A,fpocket,train,313,17,21,1,1,1,0.636,,0.0670926517571885,1,1,1,1,1
6cy1A,6cy1,A,p2rank,train,313,17,6,1,1,2,0.526,,0.019169329073482427,1,1,1,1,1
6cy1A,6cy1,A,ifsitepred,train,313,17,29,1,1,2,0.429,,0.0926517571884984,1,1,1,1,1
6cy1A,6cy1,A,lacuna,train,313,17,27,1,1,2,0.44,,0.08626198083067092,1,1,1,1,1
6czpB,6czp,B,fpocket,train,218,3,10,0,,0,0.222,,0.045871559633027525,0,0,0,0,0
6czpB,6czp,B,p2rank,train,218,3,3,0,,0,0.222,,0.013761467889908258,0,0,0,0,0
6czpB,6czp,B,ifsitepred,train,218,3,26,0,,0,0.0,,0.11926605504587157,0,0,0,0,0
6czpB,6czp,B,lacuna,train,218,3,11,0,,0,0.231,,0.05045871559633028,0,0,0,0,0
6dauE,6dau,E,fpocket,train,166,15,10,0,,0,0.148,,0.060240963855421686,0,0,0,0,0
6dauE,6dau,E,p2rank,train,166,15,5,1,5,1,0.278,,0.030120481927710843,0,0,1,1,1
6dauE,6dau,E,ifsitepred,train,166,15,35,1,4,3,0.4,,0.21084337349397592,0,0,1,1,1
6dauE,6dau,E,lacuna,train,166,15,13,1,2,2,0.364,,0.0783132530120482,0,1,1,1,1
6ddlB,6ddl,B,fpocket,train,469,11,37,0,,0,0.125,,0.07889125799573561,0,0,0,0,0
6ddlB,6ddl,B,p2rank,train,469,11,14,0,,0,0.138,,0.029850746268656716,0,0,0,0,0
6ddlB,6ddl,B,ifsitepred,train,469,11,31,0,,0,0.154,,0.06609808102345416,0,0,0,0,0
6ddlB,6ddl,B,lacuna,train,469,11,50,1,21,1,0.357,,0.10660980810234541,0,0,0,0,0
6dtrA,6dtr,A,fpocket,train,393,11,21,0,,0,0.125,,0.05343511450381679,0,0,0,0,0
6dtrA,6dtr,A,p2rank,train,393,11,5,0,,0,0.224,,0.01272264631043257,0,0,0,0,0
6dtrA,6dtr,A,ifsitepred,train,393,11,23,1,2,5,0.462,,0.058524173027989825,0,1,1,1,1
6dtrA,6dtr,A,lacuna,train,393,11,31,1,1,4,0.333,,0.07888040712468193,1,1,1,1,1
6du4A,6du4,A,fpocket,test,287,26,22,1,4,1,0.276,,0.07665505226480836,0,0,1,1,1
6du4A,6du4,A,p2rank,test,287,26,6,1,4,1,0.37,,0.020905923344947737,0,0,1,1,1
6du4A,6du4,A,ifsitepred,test,287,26,26,1,1,1,0.267,,0.09059233449477352,1,1,1,1,1
6du4A,6du4,A,lacuna,test,287,26,19,1,2,2,0.395,,0.06620209059233449,0,1,1,1,1
6dz8A,6dz8,A,fpocket,train,359,13,21,1,1,1,0.591,,0.0584958217270195,1,1,1,1,1
6dz8A,6dz8,A,p2rank,train,359,13,4,1,1,1,0.619,,0.011142061281337047,1,1,1,1,1
6dz8A,6dz8,A,ifsitepred,train,359,13,18,1,1,2,0.471,,0.05013927576601671,1,1,1,1,1
6dz8A,6dz8,A,lacuna,train,359,13,4,1,1,1,0.407,,0.011142061281337047,1,1,1,1,1
6eifB,6eif,B,fpocket,train,338,8,18,0,,0,0.083,,0.05325443786982249,0,0,0,0,0
6eifB,6eif,B,p2rank,train,338,8,9,0,,0,0.0,,0.026627218934911243,0,0,0,0,0
6eifB,6eif,B,ifsitepred,train,338,8,50,0,,0,0.0,,0.14792899408284024,0,0,0,0,0
6eifB,6eif,B,lacuna,train,338,8,40,1,21,1,0.318,,0.11834319526627218,0,0,0,0,0
6eqjA,6eqj,A,fpocket,test,245,14,10,0,,0,0.15,,0.04081632653061224,0,0,0,0,0
6eqjA,6eqj,A,p2rank,test,245,14,7,1,1,1,0.478,,0.02857142857142857,1,1,1,1,1
6eqjA,6eqj,A,ifsitepred,test,245,14,24,1,1,1,0.571,,0.09795918367346938,1,1,1,1,1
6eqjA,6eqj,A,lacuna,test,245,14,14,1,4,1,0.259,,0.05714285714285714,0,0,1,1,1
6esnA,6esn,A,fpocket,train,252,23,22,0,,0,0.161,,0.0873015873015873,0,0,0,0,0
6esnA,6esn,A,p2rank,train,252,23,8,0,,0,0.172,,0.031746031746031744,0,0,0,0,0
6esnA,6esn,A,ifsitepred,train,252,23,15,0,,0,0.12,,0.05952380952380952,0,0,0,0,0
6esnA,6esn,A,lacuna,train,252,23,20,1,2,2,0.371,,0.07936507936507936,0,1,1,1,1
6ezrA,6ezr,A,fpocket,train,639,16,40,1,5,1,0.275,,0.06259780907668232,0,0,1,1,1
6ezrA,6ezr,A,p2rank,train,639,16,16,1,1,1,0.424,,0.025039123630672927,1,1,1,1,1
6ezrA,6ezr,A,ifsitepred,train,639,16,22,1,1,6,0.389,,0.03442879499217527,1,1,1,1,1
6ezrA,6ezr,A,lacuna,train,639,16,56,1,1,2,0.579,,0.08763693270735524,1,1,1,1,1
6f4mA,6f4m,A,fpocket,train,235,24,9,1,1,1,0.357,,0.03829787234042553,1,1,1,1,1
6f4mA,6f4m,A,p2rank,train,235,24,2,1,1,1,0.333,,0.00851063829787234,1,1,1,1,1
6f4mA,6f4m,A,ifsitepred,train,235,24,13,0,,0,0.24,,0.05531914893617021,0,0,0,0,0
6f4mA,6f4m,A,lacuna,train,235,24,6,1,1,3,0.447,,0.02553191489361702,1,1,1,1,1
6f52A,6f52,A,fpocket,test,233,12,18,1,13,1,0.44,,0.07725321888412018,0,0,0,0,1
6f52A,6f52,A,p2rank,test,233,12,5,1,1,3,0.75,,0.02145922746781116,1,1,1,1,1
6f52A,6f52,A,ifsitepred,test,233,12,21,1,1,3,0.55,,0.09012875536480687,1,1,1,1,1
6f52A,6f52,A,lacuna,test,233,12,18,1,1,2,0.306,,0.07725321888412018,1,1,1,1,1
6f56B,6f56,B,fpocket,train,382,9,22,1,20,1,0.368,,0.05759162303664921,0,0,0,0,1
6f56B,6f56,B,p2rank,train,382,9,12,0,,0,0.222,,0.031413612565445025,0,0,0,0,0
6f56B,6f56,B,ifsitepred,train,382,9,29,1,26,2,0.556,,0.07591623036649214,0,0,0,0,0
6f56B,6f56,B,lacuna,train,382,9,38,1,12,1,0.269,,0.09947643979057591,0,0,0,0,1
6fc2C,6fc2,C,fpocket,test,177,12,12,1,3,1,0.333,,0.06779661016949153,0,1,1,1,1
6fc2C,6fc2,C,p2rank,test,177,12,5,1,1,1,0.435,,0.02824858757062147,1,1,1,1,1
6fc2C,6fc2,C,ifsitepred,test,177,12,16,1,2,5,0.429,,0.0903954802259887,0,1,1,1,1
6fc2C,6fc2,C,lacuna,test,177,12,9,1,1,2,0.625,,0.05084745762711865,1,1,1,1,1
6fgjB,6fgj,B,fpocket,test,197,16,15,1,4,1,0.471,,0.07614213197969544,0,0,1,1,1
6fgjB,6fgj,B,p2rank,test,197,16,4,1,1,2,0.385,,0.02030456852791878,1,1,1,1,1
6fgjB,6fgj,B,ifsitepred,test,197,16,19,1,1,1,0.5,,0.09644670050761421,1,1,1,1,1
6fgjB,6fgj,B,lacuna,test,197,16,16,1,1,4,0.481,,0.08121827411167512,1,1,1,1,1
6fp0A,6fp0,A,fpocket,train,450,18,27,1,22,1,0.565,,0.06,0,0,0,0,0
6fp0A,6fp0,A,p2rank,train,450,18,14,1,3,1,0.684,,0.03111111111111111,0,1,1,1,1
6fp0A,6fp0,A,ifsitepred,train,450,18,25,0,,0,0.158,,0.05555555555555555,0,0,0,0,0
6fp0A,6fp0,A,lacuna,train,450,18,24,1,6,3,0.667,,0.05333333333333334,0,0,0,1,1
6g6yA,6g6y,A,fpocket,test,319,22,22,1,6,2,0.318,,0.06896551724137931,0,0,0,1,1
6g6yA,6g6y,A,p2rank,test,319,22,9,1,9,1,0.304,,0.02821316614420063,0,0,0,1,1
6g6yA,6g6y,A,ifsitepred,test,319,22,28,1,14,1,0.261,,0.0877742946708464,0,0,0,0,1
6g6yA,6g6y,A,lacuna,test,319,22,29,0,,0,0.229,,0.09090909090909091,0,0,0,0,0
6g80B,6g80,B,fpocket,train,226,24,15,1,1,1,0.487,,0.06637168141592921,1,1,1,1,1
6g80B,6g80,B,p2rank,train,226,24,2,1,1,1,0.571,,0.008849557522123894,1,1,1,1,1
6g80B,6g80,B,ifsitepred,train,226,24,25,1,1,2,0.5,,0.11061946902654868,1,1,1,1,1
6g80B,6g80,B,lacuna,train,226,24,9,1,1,2,0.45,,0.03982300884955752,1,1,1,1,1
6g9zA,6g9z,A,fpocket,train,121,6,9,1,3,1,0.3,,0.0743801652892562,0,1,1,1,1
6g9zA,6g9z,A,p2rank,train,121,6,4,0,,0,0.2,,0.03305785123966942,0,0,0,0,0
6g9zA,6g9z,A,ifsitepred,train,121,6,38,1,2,6,0.5,,0.3140495867768595,0,1,1,1,1
6g9zA,6g9z,A,lacuna,train,121,6,8,0,,0,0.176,,0.06611570247933884,0,0,0,0,0
6gsoC,6gso,C,fpocket,train,293,9,17,1,1,1,0.375,,0.05802047781569966,1,1,1,1,1
6gsoC,6gso,C,p2rank,train,293,9,7,1,1,1,0.391,,0.023890784982935155,1,1,1,1,1
6gsoC,6gso,C,ifsitepred,train,293,9,12,1,1,3,0.5,,0.040955631399317405,1,1,1,1,1
6gsoC,6gso,C,lacuna,train,293,9,5,1,1,1,0.471,,0.017064846416382253,1,1,1,1,1
6h1oB,6h1o,B,fpocket,train,457,12,31,1,30,1,0.4,,0.06783369803063458,0,0,0,0,0
6h1oB,6h1o,B,p2rank,train,457,12,12,0,,0,0.118,,0.0262582056892779,0,0,0,0,0
6h1oB,6h1o,B,ifsitepred,train,457,12,45,1,2,2,0.333,,0.09846827133479212,0,1,1,1,1
6h1oB,6h1o,B,lacuna,train,457,12,33,1,10,1,0.45,,0.07221006564551423,0,0,0,1,1
6h6kA,6h6k,A,fpocket,train,413,14,23,0,,0,0.176,,0.05569007263922518,0,0,0,0,0
6h6kA,6h6k,A,p2rank,train,413,14,12,0,,0,0.2,,0.029055690072639227,0,0,0,0,0
6h6kA,6h6k,A,ifsitepred,train,413,14,20,0,,0,0.056,,0.048426150121065374,0,0,0,0,0
6h6kA,6h6k,A,lacuna,train,413,14,27,1,3,2,0.308,,0.06537530266343826,0,1,1,1,1
6heiA,6hei,A,fpocket,test,346,26,30,1,4,1,0.37,,0.08670520231213873,0,0,1,1,1
6heiA,6hei,A,p2rank,test,346,26,11,1,4,1,0.37,,0.031791907514450865,0,0,1,1,1
6heiA,6hei,A,ifsitepred,test,346,26,24,0,,0,0.231,,0.06936416184971098,0,0,0,0,0
6heiA,6hei,A,lacuna,test,346,26,26,1,1,2,0.365,,0.07514450867052024,1,1,1,1,1
6herA,6her,A,fpocket,train,103,9,9,1,7,1,0.455,,0.08737864077669903,0,0,0,1,1
6herA,6her,A,p2rank,train,103,9,0,0,,0,0.0,,0.0,0,0,0,0,0
6herA,6her,A,ifsitepred,train,103,9,0,0,,0,0.0,,0.0,0,0,0,0,0
6herA,6her,A,lacuna,train,103,9,12,1,2,1,0.643,,0.11650485436893204,0,1,1,1,1
6hl0A,6hl0,A,fpocket,train,231,23,20,1,1,1,0.5,,0.08658008658008658,1,1,1,1,1
6hl0A,6hl0,A,p2rank,train,231,23,6,1,1,1,0.571,,0.025974025974025976,1,1,1,1,1
6hl0A,6hl0,A,ifsitepred,train,231,23,14,1,2,2,0.261,,0.06060606060606061,0,1,1,1,1
6hl0A,6hl0,A,lacuna,train,231,23,22,1,3,2,0.425,,0.09523809523809523,0,1,1,1,1
6hr4A,6hr4,A,fpocket,train,504,18,27,1,13,1,0.55,,0.05357142857142857,0,0,0,0,1
6hr4A,6hr4,A,p2rank,train,504,18,9,1,1,1,0.433,,0.017857142857142856,1,1,1,1,1
6hr4A,6hr4,A,ifsitepred,train,504,18,16,1,1,1,0.667,,0.031746031746031744,1,1,1,1,1
6hr4A,6hr4,A,lacuna,train,504,18,30,1,1,1,0.619,,0.05952380952380952,1,1,1,1,1
6hrvA,6hrv,A,fpocket,train,382,19,31,0,,0,0.208,,0.08115183246073299,0,0,0,0,0
6hrvA,6hrv,A,p2rank,train,382,19,10,1,2,1,0.292,,0.02617801047120419,0,1,1,1,1
6hrvA,6hrv,A,ifsitepred,train,382,19,16,0,,0,0.222,,0.041884816753926704,0,0,0,0,0
6hrvA,6hrv,A,lacuna,train,382,19,27,1,6,1,0.357,,0.07068062827225131,0,0,0,1,1
6i1sA,6i1s,A,fpocket,train,322,8,23,1,10,1,0.364,,0.07142857142857142,0,0,0,1,1
6i1sA,6i1s,A,p2rank,train,322,8,11,1,11,1,0.273,,0.034161490683229816,0,0,0,0,1
6i1sA,6i1s,A,ifsitepred,train,322,8,27,0,,0,0.0,,0.08385093167701864,0,0,0,0,0
6i1sA,6i1s,A,lacuna,train,322,8,30,1,18,1,0.316,,0.09316770186335403,0,0,0,0,1
6i5gB,6i5g,B,fpocket,train,316,16,10,1,1,1,0.317,,0.03164556962025317,1,1,1,1,1
6i5gB,6i5g,B,p2rank,train,316,16,3,0,,0,0.245,,0.00949367088607595,0,0,0,0,0
6i5gB,6i5g,B,ifsitepred,train,316,16,22,0,,0,0.188,,0.06962025316455696,0,0,0,0,0
6i5gB,6i5g,B,lacuna,train,316,16,22,1,4,2,0.333,,0.06962025316455696,0,0,1,1,1
6ih8C,6ih8,C,fpocket,train,330,25,17,1,1,1,0.488,,0.051515151515151514,1,1,1,1,1
6ih8C,6ih8,C,p2rank,train,330,25,6,1,1,1,0.273,,0.01818181818181818,1,1,1,1,1
6ih8C,6ih8,C,ifsitepred,train,330,25,31,1,1,1,0.276,,0.09393939393939393,1,1,1,1,1
6ih8C,6ih8,C,lacuna,train,330,25,29,1,1,7,0.308,,0.08787878787878788,1,1,1,1,1
6infA,6inf,A,fpocket,train,447,15,23,0,,0,0.177,,0.05145413870246085,0,0,0,0,0
6infA,6inf,A,p2rank,train,447,15,12,0,,0,0.186,,0.026845637583892617,0,0,0,0,0
6infA,6inf,A,ifsitepred,train,447,15,24,1,6,2,0.25,,0.053691275167785234,0,0,0,1,1
6infA,6inf,A,lacuna,train,447,15,36,1,1,3,0.75,,0.08053691275167785,1,1,1,1,1
6irxA,6irx,A,fpocket,train,482,9,39,0,,0,0.176,,0.08091286307053942,0,0,0,0,0
6irxA,6irx,A,p2rank,train,482,9,15,0,,0,0.136,,0.03112033195020747,0,0,0,0,0
6irxA,6irx,A,ifsitepred,train,482,9,30,1,11,2,0.3,,0.06224066390041494,0,0,0,0,1
6irxA,6irx,A,lacuna,train,482,9,46,1,16,2,0.321,,0.0954356846473029,0,0,0,0,1
6isuA,6isu,A,fpocket,test,227,20,19,1,4,1,0.35,,0.08370044052863436,0,0,1,1,1
6isuA,6isu,A,p2rank,test,227,20,7,0,,0,0.227,,0.030837004405286344,0,0,0,0,0
6isuA,6isu,A,ifsitepred,test,227,20,17,1,2,1,0.35,,0.07488986784140969,0,1,1,1,1
6isuA,6isu,A,lacuna,test,227,20,23,1,6,2,0.407,,0.1013215859030837,0,0,0,1,1
6iu0B,6iu0,B,fpocket,train,215,4,15,0,,0,0.111,,0.06976744186046512,0,0,0,0,0
6iu0B,6iu0,B,p2rank,train,215,4,3,0,,0,0.125,,0.013953488372093023,0,0,0,0,0
6iu0B,6iu0,B,ifsitepred,train,215,4,19,1,4,2,0.5,,0.08837209302325581,0,0,1,1,1
6iu0B,6iu0,B,lacuna,train,215,4,12,0,,0,0.071,,0.05581395348837209,0,0,0,0,0
6j1hA,6j1h,A,fpocket,train,564,29,39,1,18,2,0.455,,0.06914893617021277,0,0,0,0,1
6j1hA,6j1h,A,p2rank,train,564,29,15,1,1,1,0.407,,0.026595744680851064,1,1,1,1,1
6j1hA,6j1h,A,ifsitepred,train,564,29,39,1,1,2,0.31,,0.06914893617021277,1,1,1,1,1
6j1hA,6j1h,A,lacuna,train,564,29,47,1,2,5,0.467,,0.08333333333333333,0,1,1,1,1
6jakC,6jak,C,fpocket,train,447,20,31,0,,0,0.154,,0.06935123042505593,0,0,0,0,0
6jakC,6jak,C,p2rank,train,447,20,14,1,1,1,0.314,,0.03131991051454139,1,1,1,1,1
6jakC,6jak,C,ifsitepred,train,447,20,37,1,8,2,0.35,,0.08277404921700224,0,0,0,1,1
6jakC,6jak,C,lacuna,train,447,20,29,1,4,1,0.265,,0.06487695749440715,0,0,1,1,1
6jhmD,6jhm,D,fpocket,train,467,10,30,1,10,1,0.286,,0.06423982869379015,0,0,0,1,1
6jhmD,6jhm,D,p2rank,train,467,10,11,1,7,1,0.545,,0.023554603854389723,0,0,0,1,1
6jhmD,6jhm,D,ifsitepred,train,467,10,15,1,6,4,0.5,,0.032119914346895075,0,0,0,1,1
6jhmD,6jhm,D,lacuna,train,467,10,36,1,1,3,0.4,,0.07708779443254818,1,1,1,1,1
6jnjA,6jnj,A,fpocket,train,306,14,21,1,21,1,0.265,,0.06862745098039216,0,0,0,0,0
6jnjA,6jnj,A,p2rank,train,306,14,4,1,1,1,0.325,,0.013071895424836602,1,1,1,1,1
6jnjA,6jnj,A,ifsitepred,train,306,14,21,1,1,3,0.5,,0.06862745098039216,1,1,1,1,1
6jnjA,6jnj,A,lacuna,train,306,14,28,1,1,3,0.5,,0.0915032679738562,1,1,1,1,1
6jp2A,6jp2,A,fpocket,train,277,15,20,1,1,2,0.412,,0.07220216606498195,1,1,1,1,1
6jp2A,6jp2,A,p2rank,train,277,15,7,1,2,1,0.667,,0.02527075812274368,0,1,1,1,1
6jp2A,6jp2,A,ifsitepred,train,277,15,29,1,2,4,0.4,,0.10469314079422383,0,1,1,1,1
6jp2A,6jp2,A,lacuna,train,277,15,17,1,1,2,0.684,,0.061371841155234655,1,1,1,1,1
6jq9B,6jq9,B,fpocket,test,483,7,28,1,9,1,0.333,,0.057971014492753624,0,0,0,1,1
6jq9B,6jq9,B,p2rank,test,483,7,11,1,2,1,0.292,,0.022774327122153208,0,1,1,1,1
6jq9B,6jq9,B,ifsitepred,test,483,7,28,1,2,8,0.429,,0.057971014492753624,0,1,1,1,1
6jq9B,6jq9,B,lacuna,test,483,7,35,1,1,2,0.4,,0.07246376811594203,1,1,1,1,1
6kscA,6ksc,A,fpocket,test,321,10,23,1,3,1,0.727,,0.07165109034267912,0,1,1,1,1
6kscA,6ksc,A,p2rank,test,321,10,5,1,2,1,0.533,,0.01557632398753894,0,1,1,1,1
6kscA,6ksc,A,ifsitepred,test,321,10,12,0,,0,0.0,,0.037383177570093455,0,0,0,0,0
6kscA,6ksc,A,lacuna,test,321,10,14,1,11,1,0.45,,0.04361370716510903,0,0,0,0,1
6ksuA,6ksu,A,fpocket,train,442,13,30,1,5,1,0.588,,0.06787330316742081,0,0,1,1,1
6ksuA,6ksu,A,p2rank,train,442,13,10,1,4,1,0.643,,0.02262443438914027,0,0,1,1,1
6ksuA,6ksu,A,ifsitepred,train,442,13,24,1,2,2,0.769,,0.05429864253393665,0,1,1,1,1
6ksuA,6ksu,A,lacuna,train,442,13,39,1,2,2,0.474,,0.08823529411764706,0,1,1,1,1
6kx4A,6kx4,A,fpocket,train,471,19,32,1,3,1,0.281,,0.06794055201698514,0,1,1,1,1
6kx4A,6kx4,A,p2rank,train,471,19,12,1,1,1,0.325,,0.025477707006369428,1,1,1,1,1
6kx4A,6kx4,A,ifsitepred,train,471,19,23,1,14,2,0.368,,0.04883227176220807,0,0,0,0,1
6kx4A,6kx4,A,lacuna,train,471,19,43,1,2,2,0.514,,0.09129511677282377,0,1,1,1,1
6kyqA,6kyq,A,fpocket,train,318,20,29,0,,0,0.167,,0.09119496855345911,0,0,0,0,0
6kyqA,6kyq,A,p2rank,train,318,20,11,0,,0,0.16,,0.03459119496855346,0,0,0,0,0
6kyqA,6kyq,A,ifsitepred,train,318,20,19,0,,0,0.125,,0.059748427672955975,0,0,0,0,0
6kyqA,6kyq,A,lacuna,train,318,20,10,0,,0,0.15,,0.031446540880503145,0,0,0,0,0
6l1iB,6l1i,B,fpocket,train,68,7,1,0,,0,0.0,,0.014705882352941176,0,0,0,0,0
6l1iB,6l1i,B,p2rank,train,68,7,0,0,,0,0.0,,0.0,0,0,0,0,0
6l1iB,6l1i,B,ifsitepred,train,68,7,9,1,4,5,0.5,,0.1323529411764706,0,0,1,1,1
6l1iB,6l1i,B,lacuna,train,68,7,4,1,1,2,0.333,,0.058823529411764705,1,1,1,1,1
6l61A,6l61,A,fpocket,train,375,25,27,1,2,2,0.395,,0.072,0,1,1,1,1
6l61A,6l61,A,p2rank,train,375,25,8,1,1,1,0.5,,0.021333333333333333,1,1,1,1,1
6l61A,6l61,A,ifsitepred,train,375,25,28,1,1,1,0.433,,0.07466666666666667,1,1,1,1,1
6l61A,6l61,A,lacuna,train,375,25,26,1,1,2,0.463,,0.06933333333333333,1,1,1,1,1
6lgyA,6lgy,A,fpocket,train,311,4,20,0,,0,0.111,,0.06430868167202572,0,0,0,0,0
6lgyA,6lgy,A,p2rank,train,311,4,14,0,,0,0.1,,0.04501607717041801,0,0,0,0,0
6lgyA,6lgy,A,ifsitepred,train,311,4,12,0,,0,0.0,,0.03858520900321544,0,0,0,0,0
6lgyA,6lgy,A,lacuna,train,311,4,27,0,,0,0.103,,0.08681672025723473,0,0,0,0,0
6lioB,6lio,B,fpocket,train,371,15,27,0,,0,0.1,,0.07277628032345014,0,0,0,0,0
6lioB,6lio,B,p2rank,train,371,15,5,0,,0,0.04,,0.013477088948787063,0,0,0,0,0
6lioB,6lio,B,ifsitepred,train,371,15,18,0,,0,0.0,,0.04851752021563342,0,0,0,0,0
6lioB,6lio,B,lacuna,train,371,15,27,1,10,1,0.444,,0.07277628032345014,0,0,0,1,1
6llgA,6llg,A,fpocket,train,436,18,28,1,26,1,0.45,,0.06422018348623854,0,0,0,0,0
6llgA,6llg,A,p2rank,train,436,18,11,1,1,1,0.266,,0.02522935779816514,1,1,1,1,1
6llgA,6llg,A,ifsitepred,train,436,18,46,1,1,5,0.409,,0.10550458715596331,1,1,1,1,1
6llgA,6llg,A,lacuna,train,436,18,46,1,5,1,0.273,,0.10550458715596331,0,0,1,1,1
6ltfA,6ltf,A,fpocket,train,334,11,18,1,18,1,0.294,,0.05389221556886228,0,0,0,0,1
6ltfA,6ltf,A,p2rank,train,334,11,8,1,1,2,0.4,,0.023952095808383235,1,1,1,1,1
6ltfA,6ltf,A,ifsitepred,train,334,11,68,1,1,3,0.417,,0.20359281437125748,1,1,1,1,1
6ltfA,6ltf,A,lacuna,train,334,11,22,0,,0,0.185,,0.0658682634730539,0,0,0,0,0
6m9aA,6m9a,A,fpocket,train,156,8,9,0,,0,0.071,,0.057692307692307696,0,0,0,0,0
6m9aA,6m9a,A,p2rank,train,156,8,1,0,,0,0.0,,0.00641025641025641,0,0,0,0,0
6m9aA,6m9a,A,ifsitepred,train,156,8,13,0,,0,0.167,,0.08333333333333333,0,0,0,0,0
6m9aA,6m9a,A,lacuna,train,156,8,10,0,,0,0.136,,0.0641025641025641,0,0,0,0,0
6mkxA,6mkx,A,fpocket,train,238,16,12,1,1,2,0.522,,0.05042016806722689,1,1,1,1,1
6mkxA,6mkx,A,p2rank,train,238,16,5,1,1,2,0.464,,0.02100840336134454,1,1,1,1,1
6mkxA,6mkx,A,ifsitepred,train,238,16,19,1,1,6,0.333,,0.07983193277310924,1,1,1,1,1
6mkxA,6mkx,A,lacuna,train,238,16,14,1,1,2,0.455,,0.058823529411764705,1,1,1,1,1
6n5jB,6n5j,B,fpocket,test,301,18,19,1,2,3,0.5,,0.06312292358803986,0,1,1,1,1
6n5jB,6n5j,B,p2rank,test,301,18,6,1,1,3,0.421,,0.019933554817275746,1,1,1,1,1
6n5jB,6n5j,B,ifsitepred,test,301,18,25,1,2,3,0.278,,0.08305647840531562,0,1,1,1,1
6n5jB,6n5j,B,lacuna,test,301,18,5,1,1,3,0.423,,0.016611295681063124,1,1,1,1,1
6n95D,6n95,D,fpocket,train,260,2,15,0,,0,0.125,,0.057692307692307696,0,0,0,0,0
6n95D,6n95,D,p2rank,train,260,2,8,0,,0,0.071,,0.03076923076923077,0,0,0,0,0
6n95D,6n95,D,ifsitepred,train,260,2,13,0,,0,0.0,,0.05,0,0,0,0,0
6n95D,6n95,D,lacuna,train,260,2,25,0,,0,0.0,,0.09615384615384616,0,0,0,0,0
6neiB,6nei,B,fpocket,test,339,21,22,1,13,1,0.364,,0.06489675516224189,0,0,0,0,1
6neiB,6nei,B,p2rank,test,339,21,7,1,2,3,0.571,,0.02064896755162242,0,1,1,1,1
6neiB,6nei,B,ifsitepred,test,339,21,37,1,1,1,0.478,,0.10914454277286136,1,1,1,1,1
6neiB,6nei,B,lacuna,test,339,21,29,1,1,4,0.44,,0.0855457227138643,1,1,1,1,1
6nflA,6nfl,A,fpocket,train,182,4,13,0,,0,0.222,,0.07142857142857142,0,0,0,0,0
6nflA,6nfl,A,p2rank,train,182,4,5,0,,0,0.0,,0.027472527472527472,0,0,0,0,0
6nflA,6nfl,A,ifsitepred,train,182,4,15,0,,0,0.125,,0.08241758241758242,0,0,0,0,0
6nflA,6nfl,A,lacuna,train,182,4,4,0,,0,0.167,,0.02197802197802198,0,0,0,0,0
6o4fH,6o4f,H,fpocket,test,509,11,23,1,1,1,0.345,,0.04518664047151277,1,1,1,1,1
6o4fH,6o4f,H,p2rank,test,509,11,10,0,,0,0.213,,0.019646365422396856,0,0,0,0,0
6o4fH,6o4f,H,ifsitepred,test,509,11,35,1,3,2,0.571,,0.068762278978389,0,1,1,1,1
6o4fH,6o4f,H,lacuna,test,509,11,25,0,,0,0.213,,0.04911591355599214,0,0,0,0,0
6oahF,6oah,F,fpocket,train,343,13,26,1,1,1,0.379,,0.07580174927113703,1,1,1,1,1
6oahF,6oah,F,p2rank,train,343,13,6,1,1,1,0.279,,0.01749271137026239,1,1,1,1,1
6oahF,6oah,F,ifsitepred,train,343,13,35,1,1,4,0.444,,0.10204081632653061,1,1,1,1,1
6oahF,6oah,F,lacuna,train,343,13,35,1,1,3,0.429,,0.10204081632653061,1,1,1,1,1
6opbD,6opb,D,fpocket,train,122,27,7,1,1,1,0.355,,0.05737704918032787,1,1,1,1,1
6opbD,6opb,D,p2rank,train,122,27,2,1,1,1,0.379,,0.01639344262295082,1,1,1,1,1
6opbD,6opb,D,ifsitepred,train,122,27,5,0,,0,0.207,,0.040983606557377046,0,0,0,0,0
6opbD,6opb,D,lacuna,train,122,27,2,1,1,1,0.433,,0.01639344262295082,1,1,1,1,1
6owyA,6owy,A,fpocket,train,90,4,9,1,7,1,0.667,,0.1,0,0,0,1,1
6owyA,6owy,A,p2rank,train,90,4,2,0,,0,0.0,,0.022222222222222223,0,0,0,0,0
6owyA,6owy,A,ifsitepred,train,90,4,26,0,,0,0.0,,0.28888888888888886,0,0,0,0,0
6owyA,6owy,A,lacuna,train,90,4,2,0,,0,0.0,,0.022222222222222223,0,0,0,0,0
6p5bC,6p5b,C,fpocket,train,150,10,9,1,7,1,0.294,,0.06,0,0,0,1,1
6p5bC,6p5b,C,p2rank,train,150,10,1,0,,0,0.056,,0.006666666666666667,0,0,0,0,0
6p5bC,6p5b,C,ifsitepred,train,150,10,38,1,6,5,0.545,,0.25333333333333335,0,0,0,1,1
6p5bC,6p5b,C,lacuna,train,150,10,9,0,,0,0.182,,0.06,0,0,0,0,0
6pj6U,6pj6,U,fpocket,train,135,5,9,1,2,2,0.5,,0.06666666666666667,0,1,1,1,1
6pj6U,6pj6,U,p2rank,train,135,5,3,0,,0,0.0,,0.022222222222222223,0,0,0,0,0
6pj6U,6pj6,U,ifsitepred,train,135,5,18,0,,0,0.0,,0.13333333333333333,0,0,0,0,0
6pj6U,6pj6,U,lacuna,train,135,5,1,0,,0,0.0,,0.007407407407407408,0,0,0,0,0
6pk5A,6pk5,A,fpocket,train,188,20,14,1,2,1,0.432,,0.07446808510638298,0,1,1,1,1
6pk5A,6pk5,A,p2rank,train,188,20,3,1,1,1,0.6,,0.015957446808510637,1,1,1,1,1
6pk5A,6pk5,A,ifsitepred,train,188,20,23,1,1,2,0.55,,0.12234042553191489,1,1,1,1,1
6pk5A,6pk5,A,lacuna,train,188,20,10,1,2,3,0.652,,0.05319148936170213,0,1,1,1,1
6plfB,6plf,B,fpocket,train,292,5,27,1,9,2,0.5,,0.09246575342465753,0,0,0,1,1
6plfB,6plf,B,p2rank,train,292,5,8,0,,0,0.1,,0.0273972602739726,0,0,0,0,0
6plfB,6plf,B,ifsitepred,train,292,5,40,0,,0,0.0,,0.136986301369863,0,0,0,0,0
6plfB,6plf,B,lacuna,train,292,5,26,0,,0,0.111,,0.08904109589041095,0,0,0,0,0
6pntA,6pnt,A,fpocket,train,427,16,29,1,28,1,0.258,,0.06791569086651054,0,0,0,0,0
6pntA,6pnt,A,p2rank,train,427,16,7,0,,0,0.231,,0.01639344262295082,0,0,0,0,0
6pntA,6pnt,A,ifsitepred,train,427,16,47,1,5,1,0.333,,0.11007025761124122,0,0,1,1,1
6pntA,6pnt,A,lacuna,train,427,16,42,1,9,1,0.381,,0.09836065573770492,0,0,0,1,1
6puvA,6puv,A,fpocket,train,121,11,6,0,,0,0.118,,0.049586776859504134,0,0,0,0,0
6puvA,6puv,A,p2rank,train,121,11,7,1,5,1,0.636,,0.05785123966942149,0,0,1,1,1
6puvA,6puv,A,ifsitepred,train,121,11,9,1,3,2,0.455,,0.0743801652892562,0,1,1,1,1
6puvA,6puv,A,lacuna,train,121,11,4,0,,0,0.067,,0.03305785123966942,0,0,0,0,0
6pvgA,6pvg,A,fpocket,train,445,23,33,1,1,1,0.308,,0.07415730337078652,1,1,1,1,1
6pvgA,6pvg,A,p2rank,train,445,23,9,1,2,1,0.457,,0.020224719101123594,0,1,1,1,1
6pvgA,6pvg,A,ifsitepred,train,445,23,36,1,1,2,0.375,,0.08089887640449438,1,1,1,1,1
6pvgA,6pvg,A,lacuna,train,445,23,49,1,7,3,0.5,,0.1101123595505618,0,0,0,1,1
6q6jA,6q6j,A,fpocket,train,220,3,10,0,,0,0.033,,0.045454545454545456,0,0,0,0,0
6q6jA,6q6j,A,p2rank,train,220,3,6,0,,0,0.133,,0.02727272727272727,0,0,0,0,0
6q6jA,6q6j,A,ifsitepred,train,220,3,19,0,,0,0.2,,0.08636363636363636,0,0,0,0,0
6q6jA,6q6j,A,lacuna,train,220,3,18,0,,0,0.158,,0.08181818181818182,0,0,0,0,0
6q7qA,6q7q,A,fpocket,train,229,9,14,0,,0,0.167,,0.0611353711790393,0,0,0,0,0
6q7qA,6q7q,A,p2rank,train,229,9,3,0,,0,0.146,,0.013100436681222707,0,0,0,0,0
6q7qA,6q7q,A,ifsitepred,train,229,9,23,0,,0,0.217,,0.10043668122270742,0,0,0,0,0
6q7qA,6q7q,A,lacuna,train,229,9,9,0,,0,0.121,,0.039301310043668124,0,0,0,0,0
6q8zD,6q8z,D,fpocket,train,376,14,23,1,1,1,0.5,,0.061170212765957445,1,1,1,1,1
6q8zD,6q8z,D,p2rank,train,376,14,11,1,4,1,0.588,,0.02925531914893617,0,0,1,1,1
6q8zD,6q8z,D,ifsitepred,train,376,14,33,0,,0,0.0,,0.08776595744680851,0,0,0,0,0
6q8zD,6q8z,D,lacuna,train,376,14,29,1,12,1,0.355,,0.07712765957446809,0,0,0,0,1
6qb5D,6qb5,D,fpocket,train,305,4,23,0,,0,0.167,,0.07540983606557378,0,0,0,0,0
6qb5D,6qb5,D,p2rank,train,305,4,7,0,,0,0.0,,0.022950819672131147,0,0,0,0,0
6qb5D,6qb5,D,ifsitepred,train,305,4,0,0,,0,0.0,,0.0,0,0,0,0,0
6qb5D,6qb5,D,lacuna,train,305,4,24,0,,0,0.176,,0.07868852459016394,0,0,0,0,0
6qflA,6qfl,A,fpocket,train,287,31,19,1,10,1,0.278,,0.06620209059233449,0,0,0,1,1
6qflA,6qfl,A,p2rank,train,287,31,7,1,1,1,0.378,,0.024390243902439025,1,1,1,1,1
6qflA,6qfl,A,ifsitepred,train,287,31,27,0,,0,0.226,,0.09407665505226481,0,0,0,0,0
6qflA,6qfl,A,lacuna,train,287,31,26,1,1,4,0.436,,0.09059233449477352,1,1,1,1,1
6qlbC,6qlb,C,fpocket,train,173,10,13,0,,0,0.154,,0.07514450867052024,0,0,0,0,0
6qlbC,6qlb,C,p2rank,train,173,10,5,0,,0,0.231,,0.028901734104046242,0,0,0,0,0
6qlbC,6qlb,C,ifsitepred,train,173,10,19,1,4,1,0.25,,0.10982658959537572,0,0,1,1,1
6qlbC,6qlb,C,lacuna,train,173,10,15,1,6,1,0.25,,0.08670520231213873,0,0,0,1,1
6qpeA,6qpe,A,fpocket,train,157,21,9,1,2,2,0.381,,0.05732484076433121,0,1,1,1,1
6qpeA,6qpe,A,p2rank,train,157,21,3,1,1,1,0.407,,0.01910828025477707,1,1,1,1,1
6qpeA,6qpe,A,ifsitepred,train,157,21,11,1,1,1,0.429,,0.07006369426751592,1,1,1,1,1
6qpeA,6qpe,A,lacuna,train,157,21,8,1,1,3,0.571,,0.050955414012738856,1,1,1,1,1
6ro0G,6ro0,G,fpocket,train,222,23,16,0,,0,0.185,,0.07207207207207207,0,0,0,0,0
6ro0G,6ro0,G,p2rank,train,222,23,6,0,,0,0.154,,0.02702702702702703,0,0,0,0,0
6ro0G,6ro0,G,ifsitepred,train,222,23,5,0,,0,0.143,,0.02252252252252252,0,0,0,0,0
6ro0G,6ro0,G,lacuna,train,222,23,14,1,2,1,0.256,,0.06306306306306306,0,1,1,1,1
6rwdA,6rwd,A,fpocket,train,216,3,16,1,4,1,0.333,,0.07407407407407407,0,0,1,1,1
6rwdA,6rwd,A,p2rank,train,216,3,9,0,,0,0.143,,0.041666666666666664,0,0,0,0,0
6rwdA,6rwd,A,ifsitepred,train,216,3,27,0,,0,0.0,,0.125,0,0,0,0,0
6rwdA,6rwd,A,lacuna,train,216,3,13,0,,0,0.05,,0.06018518518518518,0,0,0,0,0
6rxdA,6rxd,A,fpocket,train,509,21,30,1,5,1,0.4,,0.05893909626719057,0,0,1,1,1
6rxdA,6rxd,A,p2rank,train,509,21,15,1,1,2,0.552,,0.029469548133595286,1,1,1,1,1
6rxdA,6rxd,A,ifsitepred,train,509,21,25,1,2,1,0.318,,0.04911591355599214,0,1,1,1,1
6rxdA,6rxd,A,lacuna,train,509,21,32,1,1,4,0.393,,0.06286836935166994,1,1,1,1,1
6s3pA,6s3p,A,fpocket,train,436,16,37,1,10,1,0.364,,0.08486238532110092,0,0,0,1,1
6s3pA,6s3p,A,p2rank,train,436,16,12,1,6,1,0.381,,0.027522935779816515,0,0,0,1,1
6s3pA,6s3p,A,ifsitepred,train,436,16,36,1,2,5,0.368,,0.08256880733944955,0,1,1,1,1
6s3pA,6s3p,A,lacuna,train,436,16,39,1,5,1,0.44,,0.08944954128440367,0,0,1,1,1
6slkC,6slk,C,fpocket,train,162,18,13,1,2,2,0.667,,0.08024691358024691,0,1,1,1,1
6slkC,6slk,C,p2rank,train,162,18,4,1,1,1,0.514,,0.024691358024691357,1,1,1,1,1
6slkC,6slk,C,ifsitepred,train,162,18,28,1,2,2,0.636,,0.1728395061728395,0,1,1,1,1
6slkC,6slk,C,lacuna,train,162,18,16,1,1,4,0.652,,0.09876543209876543,1,1,1,1,1
6spoA,6spo,A,fpocket,train,544,12,29,1,1,1,0.478,,0.05330882352941176,1,1,1,1,1
6spoA,6spo,A,p2rank,train,544,12,12,1,1,1,0.286,,0.022058823529411766,1,1,1,1,1
6spoA,6spo,A,ifsitepred,train,544,12,28,1,1,2,0.5,,0.051470588235294115,1,1,1,1,1
6spoA,6spo,A,lacuna,train,544,12,12,1,2,1,0.667,,0.022058823529411766,0,1,1,1,1
6suiA,6sui,A,fpocket,train,334,22,26,1,6,1,0.76,,0.07784431137724551,0,0,0,1,1
6suiA,6sui,A,p2rank,train,334,22,11,1,1,2,0.594,,0.03293413173652695,1,1,1,1,1
6suiA,6sui,A,ifsitepred,train,334,22,41,1,4,2,0.318,,0.12275449101796407,0,0,1,1,1
6suiA,6sui,A,lacuna,train,334,22,28,1,1,2,0.4,,0.08383233532934131,1,1,1,1,1
6sz4A,6sz4,A,fpocket,train,398,8,18,1,1,1,0.286,,0.04522613065326633,1,1,1,1,1
6sz4A,6sz4,A,p2rank,train,398,8,8,0,,0,0.071,,0.020100502512562814,0,0,0,0,0
6sz4A,6sz4,A,ifsitepred,train,398,8,19,0,,0,0.0,,0.04773869346733668,0,0,0,0,0
6sz4A,6sz4,A,lacuna,train,398,8,7,1,4,1,0.368,,0.017587939698492462,0,0,1,1,1
6tbtB,6tbt,B,fpocket,train,123,4,10,1,6,1,0.286,,0.08130081300813008,0,0,0,1,1
6tbtB,6tbt,B,p2rank,train,123,4,2,0,,0,0.0,,0.016260162601626018,0,0,0,0,0
6tbtB,6tbt,B,ifsitepred,train,123,4,1,0,,0,0.0,,0.008130081300813009,0,0,0,0,0
6tbtB,6tbt,B,lacuna,train,123,4,5,0,,0,0.0,,0.04065040650406504,0,0,0,0,0
6tn3A,6tn3,A,fpocket,train,442,29,30,1,2,2,0.406,,0.06787330316742081,0,1,1,1,1
6tn3A,6tn3,A,p2rank,train,442,29,11,1,1,2,0.441,,0.024886877828054297,1,1,1,1,1
6tn3A,6tn3,A,ifsitepred,train,442,29,28,1,3,1,0.276,,0.06334841628959276,0,1,1,1,1
6tn3A,6tn3,A,lacuna,train,442,29,45,1,3,2,0.371,,0.10180995475113122,0,1,1,1,1
6tx0B,6tx0,B,fpocket,test,479,4,31,1,21,1,0.333,,0.06471816283924843,0,0,0,0,0
6tx0B,6tx0,B,p2rank,test,479,4,13,0,,0,0.0,,0.027139874739039668,0,0,0,0,0
6tx0B,6tx0,B,ifsitepred,test,479,4,39,0,,0,0.0,,0.081419624217119,0,0,0,0,0
6tx0B,6tx0,B,lacuna,test,479,4,47,1,35,1,0.267,,0.09812108559498957,0,0,0,0,0
6tyoB,6tyo,B,fpocket,train,114,4,7,1,7,1,0.375,,0.06140350877192982,0,0,0,1,1
6tyoB,6tyo,B,p2rank,train,114,4,0,0,,0,0.0,,0.0,0,0,0,0,0
6tyoB,6tyo,B,ifsitepred,train,114,4,8,0,,0,0.0,,0.07017543859649122,0,0,0,0,0
6tyoB,6tyo,B,lacuna,train,114,4,4,0,,0,0.05,,0.03508771929824561,0,0,0,0,0
6u9cA,6u9c,A,fpocket,train,206,8,10,0,,0,0.0,,0.04854368932038835,0,0,0,0,0
6u9cA,6u9c,A,p2rank,train,206,8,9,0,,0,0.118,,0.043689320388349516,0,0,0,0,0
6u9cA,6u9c,A,ifsitepred,train,206,8,34,0,,0,0.222,,0.1650485436893204,0,0,0,0,0
6u9cA,6u9c,A,lacuna,train,206,8,12,0,,0,0.0,,0.05825242718446602,0,0,0,0,0
6ur2A,6ur2,A,fpocket,train,579,16,42,1,5,1,0.32,,0.07253886010362694,0,0,1,1,1
6ur2A,6ur2,A,p2rank,train,579,16,15,1,6,2,0.375,,0.025906735751295335,0,0,0,1,1
6ur2A,6ur2,A,ifsitepred,train,579,16,44,1,40,1,0.25,,0.07599309153713299,0,0,0,0,0
6ur2A,6ur2,A,lacuna,train,579,16,54,1,1,2,0.435,,0.09326424870466321,1,1,1,1,1
6uw3A,6uw3,A,fpocket,train,326,18,21,1,1,1,0.25,,0.06441717791411043,1,1,1,1,1
6uw3A,6uw3,A,p2rank,train,326,18,12,1,1,1,0.324,,0.03680981595092025,1,1,1,1,1
6uw3A,6uw3,A,ifsitepred,train,326,18,31,1,17,1,0.263,,0.0950920245398773,0,0,0,0,1
6uw3A,6uw3,A,lacuna,train,326,18,27,1,1,2,0.455,,0.08282208588957055,1,1,1,1,1
6vleA,6vle,A,fpocket,test,460,19,27,1,7,1,0.7,,0.058695652173913045,0,0,0,1,1
6vleA,6vle,A,p2rank,test,460,19,13,1,3,1,0.542,,0.02826086956521739,0,1,1,1,1
6vleA,6vle,A,ifsitepred,test,460,19,19,1,1,3,0.474,,0.041304347826086954,1,1,1,1,1
6vleA,6vle,A,lacuna,test,460,19,40,1,1,3,0.45,,0.08695652173913043,1,1,1,1,1
6vtgC,6vtg,C,fpocket,train,340,19,22,1,12,1,0.347,,0.06470588235294118,0,0,0,0,1
6vtgC,6vtg,C,p2rank,train,340,19,6,1,1,1,0.333,,0.01764705882352941,1,1,1,1,1
6vtgC,6vtg,C,ifsitepred,train,340,19,36,1,2,4,0.385,,0.10588235294117647,0,1,1,1,1
6vtgC,6vtg,C,lacuna,train,340,19,35,1,1,2,0.385,,0.10294117647058823,1,1,1,1,1
6w10A,6w10,A,fpocket,test,223,12,22,1,13,1,0.312,,0.09865470852017937,0,0,0,0,1
6w10A,6w10,A,p2rank,test,223,12,4,1,1,1,0.321,,0.017937219730941704,1,1,1,1,1
6w10A,6w10,A,ifsitepred,test,223,12,21,1,1,2,0.786,,0.09417040358744394,1,1,1,1,1
6w10A,6w10,A,lacuna,test,223,12,18,1,1,2,0.588,,0.08071748878923767,1,1,1,1,1
6w3cC,6w3c,C,fpocket,train,404,27,30,1,30,1,0.26,,0.07425742574257425,0,0,0,0,0
6w3cC,6w3c,C,p2rank,train,404,27,13,1,1,1,0.292,,0.03217821782178218,1,1,1,1,1
6w3cC,6w3c,C,ifsitepred,train,404,27,32,1,1,1,0.297,,0.07920792079207921,1,1,1,1,1
6w3cC,6w3c,C,lacuna,train,404,27,29,1,2,3,0.4,,0.07178217821782178,0,1,1,1,1
6x41B,6x41,B,fpocket,train,417,16,34,1,4,2,0.7,,0.0815347721822542,0,0,1,1,1
6x41B,6x41,B,p2rank,train,417,16,13,1,1,1,0.636,,0.03117505995203837,1,1,1,1,1
6x41B,6x41,B,ifsitepred,train,417,16,22,1,1,4,0.562,,0.05275779376498801,1,1,1,1,1
6x41B,6x41,B,lacuna,train,417,16,43,1,1,1,0.714,,0.10311750599520383,1,1,1,1,1
6x84A,6x84,A,fpocket,train,416,14,27,1,6,1,0.276,,0.06490384615384616,0,0,0,1,1
6x84A,6x84,A,p2rank,train,416,14,8,1,1,1,0.382,,0.019230769230769232,1,1,1,1,1
6x84A,6x84,A,ifsitepred,train,416,14,18,1,2,3,0.471,,0.04326923076923077,0,1,1,1,1
6x84A,6x84,A,lacuna,train,416,14,34,1,1,3,0.37,,0.08173076923076923,1,1,1,1,1
6xl4C,6xl4,C,fpocket,train,302,23,28,1,1,3,0.343,,0.09271523178807947,1,1,1,1,1
6xl4C,6xl4,C,p2rank,train,302,23,10,1,1,1,0.362,,0.033112582781456956,1,1,1,1,1
6xl4C,6xl4,C,ifsitepred,train,302,23,15,1,1,1,0.387,,0.04966887417218543,1,1,1,1,1
6xl4C,6xl4,C,lacuna,train,302,23,26,1,1,3,0.378,,0.08609271523178808,1,1,1,1,1
6xqxB,6xqx,B,fpocket,train,325,22,14,1,2,1,0.379,,0.043076923076923075,0,1,1,1,1
6xqxB,6xqx,B,p2rank,train,325,22,6,1,1,1,0.517,,0.018461538461538463,1,1,1,1,1
6xqxB,6xqx,B,ifsitepred,train,325,22,21,1,1,2,0.375,,0.06461538461538462,1,1,1,1,1
6xqxB,6xqx,B,lacuna,train,325,22,20,1,1,1,0.593,,0.06153846153846154,1,1,1,1,1
6xueA,6xue,A,fpocket,train,516,8,27,0,,0,0.182,,0.05232558139534884,0,0,0,0,0
6xueA,6xue,A,p2rank,train,516,8,12,0,,0,0.095,,0.023255813953488372,0,0,0,0,0
6xueA,6xue,A,ifsitepred,train,516,8,19,0,,0,0.0,,0.03682170542635659,0,0,0,0,0
6xueA,6xue,A,lacuna,train,516,8,44,1,18,1,0.375,,0.08527131782945736,0,0,0,0,1
6ydkA,6ydk,A,fpocket,train,221,16,16,1,1,2,0.381,,0.07239819004524888,1,1,1,1,1
6ydkA,6ydk,A,p2rank,train,221,16,1,1,1,1,0.405,,0.004524886877828055,1,1,1,1,1
6ydkA,6ydk,A,ifsitepred,train,221,16,28,1,1,5,0.5,,0.12669683257918551,1,1,1,1,1
6ydkA,6ydk,A,lacuna,train,221,16,14,1,1,4,0.345,,0.06334841628959276,1,1,1,1,1
6z6zA,6z6z,A,fpocket,train,172,21,14,1,1,1,0.333,,0.08139534883720931,1,1,1,1,1
6z6zA,6z6z,A,p2rank,train,172,21,4,1,1,2,0.296,,0.023255813953488372,1,1,1,1,1
6z6zA,6z6z,A,ifsitepred,train,172,21,14,0,,0,0.24,,0.08139534883720931,0,0,0,0,0
6z6zA,6z6z,A,lacuna,train,172,21,11,1,1,3,0.306,,0.06395348837209303,1,1,1,1,1
6zdcA,6zdc,A,fpocket,train,350,12,19,0,,0,0.235,,0.054285714285714284,0,0,0,0,0
6zdcA,6zdc,A,p2rank,train,350,12,8,1,1,1,0.297,,0.022857142857142857,1,1,1,1,1
6zdcA,6zdc,A,ifsitepred,train,350,12,18,1,2,5,0.667,,0.05142857142857143,0,1,1,1,1
6zdcA,6zdc,A,lacuna,train,350,12,23,0,,0,0.222,,0.06571428571428571,0,0,0,0,0
7aa2B,7aa2,B,fpocket,train,585,5,36,0,,0,0.2,,0.06153846153846154,0,0,0,0,0
7aa2B,7aa2,B,p2rank,train,585,5,13,0,,0,0.167,,0.022222222222222223,0,0,0,0,0
7aa2B,7aa2,B,ifsitepred,train,585,5,21,0,,0,0.0,,0.035897435897435895,0,0,0,0,0
7aa2B,7aa2,B,lacuna,train,585,5,42,0,,0,0.167,,0.07179487179487179,0,0,0,0,0
7alfA,7alf,A,fpocket,train,89,5,2,0,,0,0.0,,0.02247191011235955,0,0,0,0,0
7alfA,7alf,A,p2rank,train,89,5,1,0,,0,0.0,,0.011235955056179775,0,0,0,0,0
7alfA,7alf,A,ifsitepred,train,89,5,10,0,,0,0.0,,0.11235955056179775,0,0,0,0,0
7alfA,7alf,A,lacuna,train,89,5,1,0,,0,0.0,,0.011235955056179775,0,0,0,0,0
7aqbB,7aqb,B,fpocket,train,274,16,19,1,5,3,0.529,,0.06934306569343066,0,0,1,1,1
7aqbB,7aqb,B,p2rank,train,274,16,5,1,1,1,0.6,,0.01824817518248175,1,1,1,1,1
7aqbB,7aqb,B,ifsitepred,train,274,16,38,1,11,2,0.375,,0.1386861313868613,0,0,0,0,1
7aqbB,7aqb,B,lacuna,train,274,16,25,1,1,2,0.542,,0.09124087591240876,1,1,1,1,1
7autA,7aut,A,fpocket,train,167,8,8,1,1,2,0.455,,0.04790419161676647,1,1,1,1,1
7autA,7aut,A,p2rank,train,167,8,1,0,,0,0.107,,0.005988023952095809,0,0,0,0,0
7autA,7aut,A,ifsitepred,train,167,8,11,1,4,2,0.364,,0.0658682634730539,0,0,1,1,1
7autA,7aut,A,lacuna,train,167,8,10,1,3,2,0.4,,0.059880239520958084,0,1,1,1,1
7b6qA,7b6q,A,fpocket,train,478,6,39,0,,0,0.154,,0.08158995815899582,0,0,0,0,0
7b6qA,7b6q,A,p2rank,train,478,6,11,0,,0,0.138,,0.02301255230125523,0,0,0,0,0
7b6qA,7b6q,A,ifsitepred,train,478,6,51,0,,0,0.125,,0.10669456066945607,0,0,0,0,0
7b6qA,7b6q,A,lacuna,train,478,6,32,0,,0,0.143,,0.06694560669456066,0,0,0,0,0
7bhjA,7bhj,A,fpocket,train,170,6,7,0,,0,0.071,,0.041176470588235294,0,0,0,0,0
7bhjA,7bhj,A,p2rank,train,170,6,2,0,,0,0.111,,0.011764705882352941,0,0,0,0,0
7bhjA,7bhj,A,ifsitepred,train,170,6,25,1,5,1,0.25,,0.14705882352941177,0,0,1,1,1
7bhjA,7bhj,A,lacuna,train,170,6,7,0,,0,0.125,,0.041176470588235294,0,0,0,0,0
7bp1B,7bp1,B,fpocket,train,336,12,19,1,19,1,0.25,,0.05654761904761905,0,0,0,0,1
7bp1B,7bp1,B,p2rank,train,336,12,6,0,,0,0.2,,0.017857142857142856,0,0,0,0,0
7bp1B,7bp1,B,ifsitepred,train,336,12,18,1,1,6,0.429,,0.05357142857142857,1,1,1,1,1
7bp1B,7bp1,B,lacuna,train,336,12,27,1,3,2,0.286,,0.08035714285714286,0,1,1,1,1
7btcB,7btc,B,fpocket,train,169,12,11,0,,0,0.167,,0.0650887573964497,0,0,0,0,0
7btcB,7btc,B,p2rank,train,169,12,1,0,,0,0.032,,0.005917159763313609,0,0,0,0,0
7btcB,7btc,B,ifsitepred,train,169,12,26,1,23,2,0.308,,0.15384615384615385,0,0,0,0,0
7btcB,7btc,B,lacuna,train,169,12,11,0,,0,0.24,,0.0650887573964497,0,0,0,0,0
7c1uA,7c1u,A,fpocket,train,433,31,29,1,1,1,0.257,,0.06697459584295612,1,1,1,1,1
7c1uA,7c1u,A,p2rank,train,433,31,15,1,4,1,0.257,,0.03464203233256351,0,0,1,1,1
7c1uA,7c1u,A,ifsitepred,train,433,31,34,0,,0,0.194,,0.07852193995381063,0,0,0,0,0
7c1uA,7c1u,A,lacuna,train,433,31,32,1,2,4,0.439,,0.07390300230946882,0,1,1,1,1
7c48A,7c48,A,fpocket,test,289,21,19,1,1,1,0.413,,0.0657439446366782,1,1,1,1,1
7c48A,7c48,A,p2rank,test,289,21,5,1,1,1,0.514,,0.01730103806228374,1,1,1,1,1
7c48A,7c48,A,ifsitepred,test,289,21,20,1,1,3,0.429,,0.06920415224913495,1,1,1,1,1
7c48A,7c48,A,lacuna,test,289,21,21,1,1,2,0.581,,0.0726643598615917,1,1,1,1,1
7c63A,7c63,A,fpocket,test,416,10,25,1,7,2,0.429,,0.06009615384615385,0,0,0,1,1
7c63A,7c63,A,p2rank,test,416,10,8,0,,0,0.2,,0.019230769230769232,0,0,0,0,0
7c63A,7c63,A,ifsitepred,test,416,10,31,1,2,6,0.308,,0.07451923076923077,0,1,1,1,1
7c63A,7c63,A,lacuna,test,416,10,24,1,2,1,0.545,,0.057692307692307696,0,1,1,1,1
7cehA,7ceh,A,fpocket,train,259,10,12,1,11,1,0.667,,0.04633204633204633,0,0,0,0,1
7cehA,7ceh,A,p2rank,train,259,10,4,1,1,1,0.75,,0.015444015444015444,1,1,1,1,1
7cehA,7ceh,A,ifsitepred,train,259,10,12,1,1,2,0.583,,0.04633204633204633,1,1,1,1,1
7cehA,7ceh,A,lacuna,train,259,10,15,1,1,1,0.556,,0.05791505791505792,1,1,1,1,1
7ciuA,7ciu,A,fpocket,train,210,24,12,1,1,2,0.36,,0.05714285714285714,1,1,1,1,1
7ciuA,7ciu,A,p2rank,train,210,24,3,0,,0,0.204,,0.014285714285714285,0,0,0,0,0
7ciuA,7ciu,A,ifsitepred,train,210,24,16,1,1,1,0.263,,0.0761904761904762,1,1,1,1,1
7ciuA,7ciu,A,lacuna,train,210,24,16,1,1,3,0.464,,0.0761904761904762,1,1,1,1,1
7cluA,7clu,A,fpocket,train,338,30,20,1,5,2,0.412,,0.05917159763313609,0,0,1,1,1
7cluA,7clu,A,p2rank,train,338,30,3,1,1,1,0.36,,0.008875739644970414,1,1,1,1,1
7cluA,7clu,A,ifsitepred,train,338,30,21,1,2,3,0.3,,0.0621301775147929,0,1,1,1,1
7cluA,7clu,A,lacuna,train,338,30,11,1,1,3,0.453,,0.03254437869822485,1,1,1,1,1
7crmC,7crm,C,fpocket,train,184,17,10,1,2,2,0.5,,0.05434782608695652,0,1,1,1,1
7crmC,7crm,C,p2rank,train,184,17,4,1,1,1,0.375,,0.021739130434782608,1,1,1,1,1
7crmC,7crm,C,ifsitepred,train,184,17,30,1,1,2,0.476,,0.16304347826086957,1,1,1,1,1
7crmC,7crm,C,lacuna,train,184,17,13,1,2,3,0.722,,0.07065217391304347,0,1,1,1,1
7ctdA,7ctd,A,fpocket,train,469,13,36,1,9,1,0.667,,0.0767590618336887,0,0,0,1,1
7ctdA,7ctd,A,p2rank,train,469,13,9,0,,0,0.231,,0.019189765458422176,0,0,0,0,0
7ctdA,7ctd,A,ifsitepred,train,469,13,21,1,1,2,0.588,,0.04477611940298507,1,1,1,1,1
7ctdA,7ctd,A,lacuna,train,469,13,16,1,1,2,0.4,,0.03411513859275053,1,1,1,1,1
7cyrA,7cyr,A,fpocket,train,395,18,31,1,30,1,0.481,,0.07848101265822785,0,0,0,0,0
7cyrA,7cyr,A,p2rank,train,395,18,9,1,1,1,0.311,,0.02278481012658228,1,1,1,1,1
7cyrA,7cyr,A,ifsitepred,train,395,18,37,1,1,5,0.5,,0.09367088607594937,1,1,1,1,1
7cyrA,7cyr,A,lacuna,train,395,18,38,1,2,2,0.395,,0.09620253164556962,0,1,1,1,1
7d48A,7d48,A,fpocket,train,355,12,20,1,13,1,0.292,,0.056338028169014086,0,0,0,0,1
7d48A,7d48,A,p2rank,train,355,12,11,0,,0,0.239,,0.030985915492957747,0,0,0,0,0
7d48A,7d48,A,ifsitepred,train,355,12,19,1,1,3,0.417,,0.05352112676056338,1,1,1,1,1
7d48A,7d48,A,lacuna,train,355,12,34,1,1,2,0.381,,0.09577464788732394,1,1,1,1,1
7de1A,7de1,A,fpocket,test,108,8,8,1,3,1,0.6,,0.07407407407407407,0,1,1,1,1
7de1A,7de1,A,p2rank,test,108,8,1,0,,0,0.048,,0.009259259259259259,0,0,0,0,0
7de1A,7de1,A,ifsitepred,test,108,8,20,0,,0,0.091,,0.18518518518518517,0,0,0,0,0
7de1A,7de1,A,lacuna,test,108,8,7,0,,0,0.091,,0.06481481481481481,0,0,0,0,0
7djnA,7djn,A,fpocket,train,561,5,52,0,,0,0.143,,0.09269162210338681,0,0,0,0,0
7djnA,7djn,A,p2rank,train,561,5,23,0,,0,0.103,,0.040998217468805706,0,0,0,0,0
7djnA,7djn,A,ifsitepred,train,561,5,18,0,,0,0.125,,0.03208556149732621,0,0,0,0,0
7djnA,7djn,A,lacuna,train,561,5,59,1,21,1,0.333,,0.1051693404634581,0,0,0,0,0
7e5qB,7e5q,B,fpocket,test,352,6,22,1,13,1,0.3,,0.0625,0,0,0,0,1
7e5qB,7e5q,B,p2rank,test,352,6,10,0,,0,0.0,,0.028409090909090908,0,0,0,0,0
7e5qB,7e5q,B,ifsitepred,test,352,6,16,0,,0,0.0,,0.045454545454545456,0,0,0,0,0
7e5qB,7e5q,B,lacuna,test,352,6,20,0,,0,0.05,,0.056818181818181816,0,0,0,0,0
7ec1B,7ec1,B,fpocket,train,498,18,36,1,14,1,0.35,,0.07228915662650602,0,0,0,0,1
7ec1B,7ec1,B,p2rank,train,498,18,16,1,6,1,0.5,,0.0321285140562249,0,0,0,1,1
7ec1B,7ec1,B,ifsitepred,train,498,18,46,1,3,2,0.389,,0.09236947791164658,0,1,1,1,1
7ec1B,7ec1,B,lacuna,train,498,18,36,1,1,3,0.5,,0.07228915662650602,1,1,1,1,1
7eguA,7egu,A,fpocket,train,248,12,16,0,,0,0.204,,0.06451612903225806,0,0,0,0,0
7eguA,7egu,A,p2rank,train,248,12,4,1,2,1,0.357,,0.016129032258064516,0,1,1,1,1
7eguA,7egu,A,ifsitepred,train,248,12,28,1,2,2,0.286,,0.11290322580645161,0,1,1,1,1
7eguA,7egu,A,lacuna,train,248,12,24,1,8,1,0.275,,0.0967741935483871,0,0,0,1,1
7ejwD,7ejw,D,fpocket,train,254,19,19,1,1,2,0.545,,0.07480314960629922,1,1,1,1,1
7ejwD,7ejw,D,p2rank,train,254,19,4,1,1,1,0.485,,0.015748031496062992,1,1,1,1,1
7ejwD,7ejw,D,ifsitepred,train,254,19,34,1,1,4,0.421,,0.13385826771653545,1,1,1,1,1
7ejwD,7ejw,D,lacuna,train,254,19,19,1,1,2,0.577,,0.07480314960629922,1,1,1,1,1
7el8A,7el8,A,fpocket,train,316,23,20,1,2,1,0.514,,0.06329113924050633,0,1,1,1,1
7el8A,7el8,A,p2rank,train,316,23,7,1,1,1,0.625,,0.022151898734177215,1,1,1,1,1
7el8A,7el8,A,ifsitepred,train,316,23,33,1,1,1,0.519,,0.10443037974683544,1,1,1,1,1
7el8A,7el8,A,lacuna,train,316,23,23,1,1,4,0.657,,0.07278481012658228,1,1,1,1,1
7eryA,7ery,A,fpocket,train,408,19,20,1,17,1,0.381,,0.049019607843137254,0,0,0,0,1
7eryA,7ery,A,p2rank,train,408,19,4,1,1,1,0.274,,0.00980392156862745,1,1,1,1,1
7eryA,7ery,A,ifsitepred,train,408,19,36,1,2,2,0.261,,0.08823529411764706,0,1,1,1,1
7eryA,7ery,A,lacuna,train,408,19,35,1,2,2,0.344,,0.0857843137254902,0,1,1,1,1
7etxA,7etx,A,fpocket,train,472,21,28,1,27,1,0.455,,0.059322033898305086,0,0,0,0,0
7etxA,7etx,A,p2rank,train,472,21,12,1,1,1,0.415,,0.025423728813559324,1,1,1,1,1
7etxA,7etx,A,ifsitepred,train,472,21,50,1,1,1,0.542,,0.1059322033898305,1,1,1,1,1
7etxA,7etx,A,lacuna,train,472,21,33,1,2,5,0.414,,0.06991525423728813,0,1,1,1,1
7f0oA,7f0o,A,fpocket,train,144,16,9,1,7,1,0.333,,0.0625,0,0,0,1,1
7f0oA,7f0o,A,p2rank,train,144,16,1,1,1,1,0.353,,0.006944444444444444,1,1,1,1,1
7f0oA,7f0o,A,ifsitepred,train,144,16,24,1,1,3,0.333,,0.16666666666666666,1,1,1,1,1
7f0oA,7f0o,A,lacuna,train,144,16,9,1,1,1,0.297,,0.0625,1,1,1,1,1
7f2mB,7f2m,B,fpocket,test,323,7,20,0,,0,0.0,,0.06191950464396285,0,0,0,0,0
7f2mB,7f2m,B,p2rank,test,323,7,6,0,,0,0.0,,0.018575851393188854,0,0,0,0,0
7f2mB,7f2m,B,ifsitepred,test,323,7,13,0,,0,0.0,,0.04024767801857585,0,0,0,0,0
7f2mB,7f2m,B,lacuna,test,323,7,17,0,,0,0.031,,0.05263157894736842,0,0,0,0,0
7ft3A,7ft3,A,fpocket,train,191,8,11,0,,0,0.167,,0.05759162303664921,0,0,0,0,0
7ft3A,7ft3,A,p2rank,train,191,8,6,0,,0,0.053,,0.031413612565445025,0,0,0,0,0
7ft3A,7ft3,A,ifsitepred,train,191,8,2,0,,0,0.0,,0.010471204188481676,0,0,0,0,0
7ft3A,7ft3,A,lacuna,train,191,8,13,1,4,1,0.278,,0.06806282722513089,0,0,1,1,1
7g8eB,7g8e,B,fpocket,train,245,5,19,0,,0,0.083,,0.07755102040816327,0,0,0,0,0
7g8eB,7g8e,B,p2rank,train,245,5,13,0,,0,0.0,,0.053061224489795916,0,0,0,0,0
7g8eB,7g8e,B,ifsitepred,train,245,5,7,0,,0,0.0,,0.02857142857142857,0,0,0,0,0
7g8eB,7g8e,B,lacuna,train,245,5,22,0,,0,0.091,,0.08979591836734693,0,0,0,0,0
7gosB,7gos,B,fpocket,train,180,12,7,1,3,1,0.5,,0.03888888888888889,0,1,1,1,1
7gosB,7gos,B,p2rank,train,180,12,3,1,1,2,0.6,,0.016666666666666666,1,1,1,1,1
7gosB,7gos,B,ifsitepred,train,180,12,18,1,1,10,0.462,,0.1,1,1,1,1,1
7gosB,7gos,B,lacuna,train,180,12,14,1,2,1,0.391,,0.07777777777777778,0,1,1,1,1
7jhkD,7jhk,D,fpocket,train,330,10,17,1,10,1,0.571,,0.051515151515151514,0,0,0,1,1
7jhkD,7jhk,D,p2rank,train,330,10,13,1,1,1,0.281,,0.03939393939393939,1,1,1,1,1
7jhkD,7jhk,D,ifsitepred,train,330,10,24,1,6,3,0.455,,0.07272727272727272,0,0,0,1,1
7jhkD,7jhk,D,lacuna,train,330,10,32,1,1,2,0.5,,0.09696969696969697,1,1,1,1,1
7jrbA,7jrb,A,fpocket,train,501,19,30,1,10,4,0.385,,0.059880239520958084,0,0,0,1,1
7jrbA,7jrb,A,p2rank,train,501,19,15,1,1,1,0.529,,0.029940119760479042,1,1,1,1,1
7jrbA,7jrb,A,ifsitepred,train,501,19,20,1,2,2,0.286,,0.03992015968063872,0,1,1,1,1
7jrbA,7jrb,A,lacuna,train,501,19,43,1,1,2,0.531,,0.08582834331337326,1,1,1,1,1
7js3D,7js3,D,fpocket,train,325,13,24,1,5,2,0.333,,0.07384615384615385,0,0,1,1,1
7js3D,7js3,D,p2rank,train,325,13,7,1,1,1,0.367,,0.021538461538461538,1,1,1,1,1
7js3D,7js3,D,ifsitepred,train,325,13,27,1,2,2,0.467,,0.08307692307692308,0,1,1,1,1
7js3D,7js3,D,lacuna,train,325,13,23,1,1,1,0.5,,0.07076923076923076,1,1,1,1,1
7k4wA,7k4w,A,fpocket,train,286,17,10,1,2,1,0.609,,0.03496503496503497,0,1,1,1,1
7k4wA,7k4w,A,p2rank,train,286,17,4,1,1,1,0.481,,0.013986013986013986,1,1,1,1,1
7k4wA,7k4w,A,ifsitepred,train,286,17,27,1,1,2,0.611,,0.0944055944055944,1,1,1,1,1
7k4wA,7k4w,A,lacuna,train,286,17,5,1,1,2,0.636,,0.017482517482517484,1,1,1,1,1
7kayA,7kay,A,fpocket,test,583,36,39,1,1,2,0.514,,0.06689536878216124,1,1,1,1,1
7kayA,7kay,A,p2rank,test,583,36,16,1,1,1,0.407,,0.0274442538593482,1,1,1,1,1
7kayA,7kay,A,ifsitepred,test,583,36,40,1,1,3,0.361,,0.0686106346483705,1,1,1,1,1
7kayA,7kay,A,lacuna,test,583,36,51,1,1,7,0.509,,0.08747855917667238,1,1,1,1,1
7kndA,7knd,A,fpocket,train,52,5,3,0,,0,0.154,,0.057692307692307696,0,0,0,0,0
7kndA,7knd,A,p2rank,train,52,5,2,0,,0,0.0,,0.038461538461538464,0,0,0,0,0
7kndA,7knd,A,ifsitepred,train,52,5,12,0,,0,0.125,,0.23076923076923078,0,0,0,0,0
7kndA,7knd,A,lacuna,train,52,5,2,0,,0,0.0,,0.038461538461538464,0,0,0,0,0
7kqlT,7kql,T,fpocket,train,110,13,4,1,3,1,0.389,,0.03636363636363636,0,1,1,1,1
7kqlT,7kql,T,p2rank,train,110,13,1,1,1,1,0.312,,0.00909090909090909,1,1,1,1,1
7kqlT,7kql,T,ifsitepred,train,110,13,23,1,12,1,0.267,,0.20909090909090908,0,0,0,0,1
7kqlT,7kql,T,lacuna,train,110,13,7,1,2,1,0.65,,0.06363636363636363,0,1,1,1,1
7l1zB,7l1z,B,fpocket,train,221,12,11,1,2,2,0.467,,0.049773755656108594,0,1,1,1,1
7l1zB,7l1z,B,p2rank,train,221,12,4,1,1,2,0.462,,0.01809954751131222,1,1,1,1,1
7l1zB,7l1z,B,ifsitepred,train,221,12,11,1,1,4,0.417,,0.049773755656108594,1,1,1,1,1
7l1zB,7l1z,B,lacuna,train,221,12,13,1,1,3,0.5,,0.058823529411764705,1,1,1,1,1
7l5lB,7l5l,B,fpocket,train,156,20,12,1,1,1,0.409,,0.07692307692307693,1,1,1,1,1
7l5lB,7l5l,B,p2rank,train,156,20,3,1,1,1,0.429,,0.019230769230769232,1,1,1,1,1
7l5lB,7l5l,B,ifsitepred,train,156,20,10,1,1,2,0.381,,0.0641025641025641,1,1,1,1,1
7l5lB,7l5l,B,lacuna,train,156,20,12,1,2,4,0.486,,0.07692307692307693,0,1,1,1,1
7l8qA,7l8q,A,fpocket,train,165,6,9,1,8,1,0.25,,0.05454545454545454,0,0,0,1,1
7l8qA,7l8q,A,p2rank,train,165,6,6,0,,0,0.0,,0.03636363636363636,0,0,0,0,0
7l8qA,7l8q,A,ifsitepred,train,165,6,21,0,,0,0.0,,0.12727272727272726,0,0,0,0,0
7l8qA,7l8q,A,lacuna,train,165,6,8,0,,0,0.0,,0.048484848484848485,0,0,0,0,0
7lpuA,7lpu,A,fpocket,train,279,7,11,0,,0,0.143,,0.03942652329749104,0,0,0,0,0
7lpuA,7lpu,A,p2rank,train,279,7,4,0,,0,0.0,,0.014336917562724014,0,0,0,0,0
7lpuA,7lpu,A,ifsitepred,train,279,7,16,0,,0,0.0,,0.05734767025089606,0,0,0,0,0
7lpuA,7lpu,A,lacuna,train,279,7,6,0,,0,0.0,,0.021505376344086023,0,0,0,0,0
7m2gA,7m2g,A,fpocket,train,130,14,8,0,,0,0.158,,0.06153846153846154,0,0,0,0,0
7m2gA,7m2g,A,p2rank,train,130,14,0,0,,0,0.0,,0.0,0,0,0,0,0
7m2gA,7m2g,A,ifsitepred,train,130,14,0,0,,0,0.0,,0.0,0,0,0,0,0
7m2gA,7m2g,A,lacuna,train,130,14,5,0,,0,0.161,,0.038461538461538464,0,0,0,0,0
7moiB,7moi,B,fpocket,train,154,6,7,0,,0,0.182,,0.045454545454545456,0,0,0,0,0
7moiB,7moi,B,p2rank,train,154,6,2,0,,0,0.05,,0.012987012987012988,0,0,0,0,0
7moiB,7moi,B,ifsitepred,train,154,6,24,0,,0,0.222,,0.15584415584415584,0,0,0,0,0
7moiB,7moi,B,lacuna,train,154,6,10,0,,0,0.13,,0.06493506493506493,0,0,0,0,0
7n6zA,7n6z,A,fpocket,train,312,18,23,1,23,1,0.472,,0.07371794871794872,0,0,0,0,0
7n6zA,7n6z,A,p2rank,train,312,18,8,1,1,1,0.486,,0.02564102564102564,1,1,1,1,1
7n6zA,7n6z,A,ifsitepred,train,312,18,20,1,1,2,0.421,,0.0641025641025641,1,1,1,1,1
7n6zA,7n6z,A,lacuna,train,312,18,26,1,1,6,0.467,,0.08333333333333333,1,1,1,1,1
7nbzB,7nbz,B,fpocket,train,385,26,21,0,,0,0.226,,0.05454545454545454,0,0,0,0,0
7nbzB,7nbz,B,p2rank,train,385,26,5,1,1,1,0.455,,0.012987012987012988,1,1,1,1,1
7nbzB,7nbz,B,ifsitepred,train,385,26,22,1,1,1,0.312,,0.05714285714285714,1,1,1,1,1
7nbzB,7nbz,B,lacuna,train,385,26,7,0,,0,0.195,,0.01818181818181818,0,0,0,0,0
7nc8D,7nc8,D,fpocket,test,237,11,21,1,13,2,0.538,,0.08860759493670886,0,0,0,0,1
7nc8D,7nc8,D,p2rank,test,237,11,5,0,,0,0.185,,0.02109704641350211,0,0,0,0,0
7nc8D,7nc8,D,ifsitepred,test,237,11,28,1,3,4,0.5,,0.11814345991561181,0,1,1,1,1
7nc8D,7nc8,D,lacuna,test,237,11,17,1,2,1,0.44,,0.07172995780590717,0,1,1,1,1
7ndlB,7ndl,B,fpocket,test,655,19,42,1,9,1,0.476,,0.06412213740458016,0,0,0,1,1
7ndlB,7ndl,B,p2rank,test,655,19,13,1,5,1,0.5,,0.01984732824427481,0,0,1,1,1
7ndlB,7ndl,B,ifsitepred,test,655,19,19,0,,0,0.0,,0.02900763358778626,0,0,0,0,0
7ndlB,7ndl,B,lacuna,test,655,19,16,0,,0,0.091,,0.024427480916030534,0,0,0,0,0
7nlxA,7nlx,A,fpocket,test,290,15,15,1,1,1,0.588,,0.05172413793103448,1,1,1,1,1
7nlxA,7nlx,A,p2rank,test,290,15,5,1,1,1,0.364,,0.017241379310344827,1,1,1,1,1
7nlxA,7nlx,A,ifsitepred,test,290,15,38,1,2,3,0.556,,0.1310344827586207,0,1,1,1,1
7nlxA,7nlx,A,lacuna,test,290,15,25,1,2,1,0.538,,0.08620689655172414,0,1,1,1,1
7nteB,7nte,B,fpocket,train,327,16,12,1,10,1,0.452,,0.03669724770642202,0,0,0,1,1
7nteB,7nte,B,p2rank,train,327,16,8,1,1,1,0.424,,0.024464831804281346,1,1,1,1,1
7nteB,7nte,B,ifsitepred,train,327,16,18,1,1,4,0.45,,0.05504587155963303,1,1,1,1,1
7nteB,7nte,B,lacuna,train,327,16,22,1,1,4,0.385,,0.0672782874617737,1,1,1,1,1
7oppC,7opp,C,fpocket,train,209,10,15,1,10,1,0.333,,0.07177033492822966,0,0,0,1,1
7oppC,7opp,C,p2rank,train,209,10,3,0,,0,0.0,,0.014354066985645933,0,0,0,0,0
7oppC,7opp,C,ifsitepred,train,209,10,23,0,,0,0.0,,0.11004784688995216,0,0,0,0,0
7oppC,7opp,C,lacuna,train,209,10,18,1,14,1,0.333,,0.0861244019138756,0,0,0,0,1
7oueA,7oue,A,fpocket,train,242,14,7,1,2,1,0.414,,0.028925619834710745,0,1,1,1,1
7oueA,7oue,A,p2rank,train,242,14,1,1,1,1,0.393,,0.004132231404958678,1,1,1,1,1
7oueA,7oue,A,ifsitepred,train,242,14,17,1,1,5,0.375,,0.07024793388429752,1,1,1,1,1
7oueA,7oue,A,lacuna,train,242,14,15,1,1,3,0.406,,0.06198347107438017,1,1,1,1,1
7pa0B,7pa0,B,fpocket,train,94,6,9,0,,0,0.222,,0.09574468085106383,0,0,0,0,0
7pa0B,7pa0,B,p2rank,train,94,6,4,0,,0,0.0,,0.0425531914893617,0,0,0,0,0
7pa0B,7pa0,B,ifsitepred,train,94,6,18,0,,0,0.0,,0.19148936170212766,0,0,0,0,0
7pa0B,7pa0,B,lacuna,train,94,6,1,0,,0,0.0,,0.010638297872340425,0,0,0,0,0
7pizC,7piz,C,fpocket,train,545,14,29,0,,0,0.136,,0.05321100917431193,0,0,0,0,0
7pizC,7piz,C,p2rank,train,545,14,12,0,,0,0.085,,0.022018348623853212,0,0,0,0,0
7pizC,7piz,C,ifsitepred,train,545,14,30,0,,0,0.154,,0.05504587155963303,0,0,0,0,0
7pizC,7piz,C,lacuna,train,545,14,46,1,13,1,0.5,,0.08440366972477065,0,0,0,0,1
7pldB,7pld,B,fpocket,train,289,9,15,0,,0,0.0,,0.05190311418685121,0,0,0,0,0
7pldB,7pld,B,p2rank,train,289,9,9,1,4,1,0.4,,0.031141868512110725,0,0,1,1,1
7pldB,7pld,B,ifsitepred,train,289,9,8,0,,0,0.0,,0.02768166089965398,0,0,0,0,0
7pldB,7pld,B,lacuna,train,289,9,15,0,,0,0.0,,0.05190311418685121,0,0,0,0,0
7poqA,7poq,A,fpocket,train,344,9,20,1,1,2,0.417,,0.05813953488372093,1,1,1,1,1
7poqA,7poq,A,p2rank,train,344,9,11,1,3,2,0.5,,0.03197674418604651,0,1,1,1,1
7poqA,7poq,A,ifsitepred,train,344,9,12,0,,0,0.0,,0.03488372093023256,0,0,0,0,0
7poqA,7poq,A,lacuna,train,344,9,29,1,8,3,0.412,,0.08430232558139535,0,0,0,1,1
7psjA,7psj,A,fpocket,train,435,8,28,1,18,1,0.556,,0.06436781609195402,0,0,0,0,1
7psjA,7psj,A,p2rank,train,435,8,7,0,,0,0.167,,0.016091954022988506,0,0,0,0,0
7psjA,7psj,A,ifsitepred,train,435,8,19,0,,0,0.0,,0.04367816091954023,0,0,0,0,0
7psjA,7psj,A,lacuna,train,435,8,29,0,,0,0.158,,0.06666666666666667,0,0,0,0,0
7qluA,7qlu,A,fpocket,train,330,12,12,0,,0,0.056,,0.03636363636363636,0,0,0,0,0
7qluA,7qlu,A,p2rank,train,330,12,4,1,1,1,0.273,,0.012121212121212121,1,1,1,1,1
7qluA,7qlu,A,ifsitepred,train,330,12,25,1,1,3,0.417,,0.07575757575757576,1,1,1,1,1
7qluA,7qlu,A,lacuna,train,330,12,19,1,1,2,0.316,,0.05757575757575758,1,1,1,1,1
7qoqA,7qoq,A,fpocket,test,302,10,15,1,6,1,0.818,,0.04966887417218543,0,0,0,1,1
7qoqA,7qoq,A,p2rank,test,302,10,5,0,,0,0.0,,0.016556291390728478,0,0,0,0,0
7qoqA,7qoq,A,ifsitepred,test,302,10,30,0,,0,0.083,,0.09933774834437085,0,0,0,0,0
7qoqA,7qoq,A,lacuna,test,302,10,18,0,,0,0.088,,0.059602649006622516,0,0,0,0,0
7qzrD,7qzr,D,fpocket,test,464,3,38,0,,0,0.222,,0.08189655172413793,0,0,0,0,0
7qzrD,7qzr,D,p2rank,test,464,3,18,0,,0,0.0,,0.03879310344827586,0,0,0,0,0
7qzrD,7qzr,D,ifsitepred,test,464,3,49,0,,0,0.0,,0.10560344827586207,0,0,0,0,0
7qzrD,7qzr,D,lacuna,test,464,3,17,0,,0,0.048,,0.036637931034482756,0,0,0,0,0
7r51B,7r51,B,fpocket,train,698,7,44,1,6,1,0.25,,0.06303724928366762,0,0,0,1,1
7r51B,7r51,B,p2rank,train,698,7,21,1,13,1,0.714,,0.03008595988538682,0,0,0,0,1
7r51B,7r51,B,ifsitepred,train,698,7,24,0,,0,0.111,,0.034383954154727794,0,0,0,0,0
7r51B,7r51,B,lacuna,train,698,7,53,0,,0,0.1,,0.07593123209169055,0,0,0,0,0
7rawA,7raw,A,fpocket,train,235,7,16,0,,0,0.222,,0.06808510638297872,0,0,0,0,0
7rawA,7raw,A,p2rank,train,235,7,3,1,2,1,0.267,,0.01276595744680851,0,1,1,1,1
7rawA,7raw,A,ifsitepred,train,235,7,22,1,1,7,0.571,,0.09361702127659574,1,1,1,1,1
7rawA,7raw,A,lacuna,train,235,7,16,0,,0,0.19,,0.06808510638297872,0,0,0,0,0
7rx7A,7rx7,A,fpocket,train,204,21,16,1,1,1,0.704,,0.0784313725490196,1,1,1,1,1
7rx7A,7rx7,A,p2rank,train,204,21,5,1,3,2,0.609,,0.024509803921568627,0,1,1,1,1
7rx7A,7rx7,A,ifsitepred,train,204,21,35,1,1,3,0.435,,0.1715686274509804,1,1,1,1,1
7rx7A,7rx7,A,lacuna,train,204,21,22,1,1,4,0.481,,0.10784313725490197,1,1,1,1,1
7s2nA,7s2n,A,fpocket,train,369,14,23,1,7,1,0.588,,0.06233062330623306,0,0,0,1,1
7s2nA,7s2n,A,p2rank,train,369,14,9,1,2,1,0.556,,0.024390243902439025,0,1,1,1,1
7s2nA,7s2n,A,ifsitepred,train,369,14,32,1,11,5,0.4,,0.08672086720867209,0,0,0,0,1
7s2nA,7s2n,A,lacuna,train,369,14,34,1,6,1,0.345,,0.0921409214092141,0,0,0,1,1
7s5gA,7s5g,A,fpocket,train,92,7,7,0,,0,0.182,,0.07608695652173914,0,0,0,0,0
7s5gA,7s5g,A,p2rank,train,92,7,0,0,,0,0.0,,0.0,0,0,0,0,0
7s5gA,7s5g,A,ifsitepred,train,92,7,38,0,,0,0.0,,0.41304347826086957,0,0,0,0,0
7s5gA,7s5g,A,lacuna,train,92,7,3,0,,0,0.115,,0.03260869565217391,0,0,0,0,0
7se6A,7se6,A,fpocket,train,229,13,12,1,3,1,0.412,,0.05240174672489083,0,1,1,1,1
7se6A,7se6,A,p2rank,train,229,13,4,1,2,1,0.438,,0.017467248908296942,0,1,1,1,1
7se6A,7se6,A,ifsitepred,train,229,13,17,1,2,3,0.312,,0.07423580786026202,0,1,1,1,1
7se6A,7se6,A,lacuna,train,229,13,3,1,1,1,0.5,,0.013100436681222707,1,1,1,1,1
7sktB,7skt,B,fpocket,train,283,23,19,0,,0,0.192,,0.06713780918727916,0,0,0,0,0
7sktB,7skt,B,p2rank,train,283,23,6,0,,0,0.156,,0.02120141342756184,0,0,0,0,0
7sktB,7skt,B,ifsitepred,train,283,23,6,0,,0,0.08,,0.02120141342756184,0,0,0,0,0
7sktB,7skt,B,lacuna,train,283,23,12,1,10,1,0.367,,0.04240282685512368,0,0,0,1,1
7so5A,7so5,A,fpocket,train,539,18,40,1,4,1,0.571,,0.07421150278293136,0,0,1,1,1
7so5A,7so5,A,p2rank,train,539,18,19,1,1,1,0.395,,0.03525046382189239,1,1,1,1,1
7so5A,7so5,A,ifsitepred,train,539,18,25,1,1,3,0.5,,0.04638218923933209,1,1,1,1,1
7so5A,7so5,A,lacuna,train,539,18,44,1,1,1,0.579,,0.08163265306122448,1,1,1,1,1
7t4zB,7t4z,B,fpocket,train,228,15,10,1,1,1,0.737,,0.043859649122807015,1,1,1,1,1
7t4zB,7t4z,B,p2rank,train,228,15,3,1,1,1,0.591,,0.013157894736842105,1,1,1,1,1
7t4zB,7t4z,B,ifsitepred,train,228,15,13,1,1,4,0.467,,0.05701754385964912,1,1,1,1,1
7t4zB,7t4z,B,lacuna,train,228,15,5,1,1,1,0.556,,0.021929824561403508,1,1,1,1,1
7ujrA,7ujr,A,fpocket,train,268,16,20,1,3,2,0.45,,0.07462686567164178,0,1,1,1,1
7ujrA,7ujr,A,p2rank,train,268,16,5,1,1,1,0.455,,0.018656716417910446,1,1,1,1,1
7ujrA,7ujr,A,ifsitepred,train,268,16,42,1,1,6,0.375,,0.15671641791044777,1,1,1,1,1
7ujrA,7ujr,A,lacuna,train,268,16,15,1,1,2,0.526,,0.055970149253731345,1,1,1,1,1
7uvwN,7uvw,N,fpocket,train,116,3,7,0,,0,0.077,,0.0603448275862069,0,0,0,0,0
7uvwN,7uvw,N,p2rank,train,116,3,1,0,,0,0.0,,0.008620689655172414,0,0,0,0,0
7uvwN,7uvw,N,ifsitepred,train,116,3,28,0,,0,0.0,,0.2413793103448276,0,0,0,0,0
7uvwN,7uvw,N,lacuna,train,116,3,8,0,,0,0.0,,0.06896551724137931,0,0,0,0,0
7v8kB,7v8k,B,fpocket,test,474,5,34,0,,0,0.231,,0.07172995780590717,0,0,0,0,0
7v8kB,7v8k,B,p2rank,test,474,5,9,0,,0,0.121,,0.0189873417721519,0,0,0,0,0
7v8kB,7v8k,B,ifsitepred,test,474,5,29,1,1,3,0.286,,0.06118143459915612,1,1,1,1,1
7v8kB,7v8k,B,lacuna,test,474,5,33,1,1,1,0.267,,0.06962025316455696,1,1,1,1,1
7vdaA,7vda,A,fpocket,train,496,28,32,1,15,2,0.348,,0.06451612903225806,0,0,0,0,1
7vdaA,7vda,A,p2rank,train,496,28,13,1,1,2,0.292,,0.02620967741935484,1,1,1,1,1
7vdaA,7vda,A,ifsitepred,train,496,28,43,1,1,1,0.379,,0.08669354838709678,1,1,1,1,1
7vdaA,7vda,A,lacuna,train,496,28,40,1,1,4,0.386,,0.08064516129032258,1,1,1,1,1
7vtzA,7vtz,A,fpocket,train,435,9,30,0,,0,0.059,,0.06896551724137931,0,0,0,0,0
7vtzA,7vtz,A,p2rank,train,435,9,13,0,,0,0.059,,0.029885057471264367,0,0,0,0,0
7vtzA,7vtz,A,ifsitepred,train,435,9,25,0,,0,0.0,,0.05747126436781609,0,0,0,0,0
7vtzA,7vtz,A,lacuna,train,435,9,27,0,,0,0.0,,0.06206896551724138,0,0,0,0,0
7vvvA,7vvv,A,fpocket,train,280,20,12,1,12,1,0.333,,0.04285714285714286,0,0,0,0,1
7vvvA,7vvv,A,p2rank,train,280,20,6,1,1,1,0.343,,0.02142857142857143,1,1,1,1,1
7vvvA,7vvv,A,ifsitepred,train,280,20,33,1,1,3,0.333,,0.11785714285714285,1,1,1,1,1
7vvvA,7vvv,A,lacuna,train,280,20,21,1,1,2,0.414,,0.075,1,1,1,1,1
7w19A,7w19,A,fpocket,test,293,23,22,1,2,2,0.44,,0.07508532423208192,0,1,1,1,1
7w19A,7w19,A,p2rank,test,293,23,2,1,1,1,0.677,,0.006825938566552901,1,1,1,1,1
7w19A,7w19,A,ifsitepred,test,293,23,38,1,2,2,0.348,,0.1296928327645051,0,1,1,1,1
7w19A,7w19,A,lacuna,test,293,23,31,1,2,5,0.7,,0.10580204778156997,0,1,1,1,1
7wmyA,7wmy,A,fpocket,train,295,22,20,1,9,1,0.318,,0.06779661016949153,0,0,0,1,1
7wmyA,7wmy,A,p2rank,train,295,22,6,1,3,1,0.333,,0.020338983050847456,0,1,1,1,1
7wmyA,7wmy,A,ifsitepred,train,295,22,37,0,,0,0.227,,0.12542372881355932,0,0,0,0,0
7wmyA,7wmy,A,lacuna,train,295,22,18,1,1,3,0.333,,0.061016949152542375,1,1,1,1,1
7wyoB,7wyo,B,fpocket,train,172,12,13,1,7,1,0.312,,0.0755813953488372,0,0,0,1,1
7wyoB,7wyo,B,p2rank,train,172,12,4,0,,0,0.238,,0.023255813953488372,0,0,0,0,0
7wyoB,7wyo,B,ifsitepred,train,172,12,15,1,2,1,0.312,,0.0872093023255814,0,1,1,1,1
7wyoB,7wyo,B,lacuna,train,172,12,3,0,,0,0.0,,0.01744186046511628,0,0,0,0,0
7x0fA,7x0f,A,fpocket,test,446,13,34,1,11,1,0.278,,0.07623318385650224,0,0,0,0,1
7x0fA,7x0f,A,p2rank,test,446,13,9,0,,0,0.0,,0.020179372197309416,0,0,0,0,0
7x0fA,7x0f,A,ifsitepred,test,446,13,37,0,,0,0.0,,0.08295964125560538,0,0,0,0,0
7x0fA,7x0f,A,lacuna,test,446,13,39,1,28,1,0.421,,0.08744394618834081,0,0,0,0,0
7x0gB,7x0g,B,fpocket,test,287,18,17,1,13,1,0.381,,0.059233449477351915,0,0,0,0,1
7x0gB,7x0g,B,p2rank,test,287,18,4,1,1,1,0.5,,0.013937282229965157,1,1,1,1,1
7x0gB,7x0g,B,ifsitepred,test,287,18,19,1,1,2,0.364,,0.06620209059233449,1,1,1,1,1
7x0gB,7x0g,B,lacuna,test,287,18,21,1,1,1,0.296,,0.07317073170731707,1,1,1,1,1
7x0iB,7x0i,B,fpocket,test,406,12,23,1,1,1,0.407,,0.05665024630541872,1,1,1,1,1
7x0iB,7x0i,B,p2rank,test,406,12,8,1,1,1,0.312,,0.019704433497536946,1,1,1,1,1
7x0iB,7x0i,B,ifsitepred,test,406,12,11,1,2,3,0.583,,0.027093596059113302,0,1,1,1,1
7x0iB,7x0i,B,lacuna,test,406,12,7,1,1,2,0.32,,0.017241379310344827,1,1,1,1,1
7xgfE,7xgf,E,fpocket,test,151,21,8,1,8,1,0.261,,0.052980132450331126,0,0,0,1,1
7xgfE,7xgf,E,p2rank,test,151,21,5,1,2,1,0.292,,0.033112582781456956,0,1,1,1,1
7xgfE,7xgf,E,ifsitepred,test,151,21,3,0,,0,0.227,,0.019867549668874173,0,0,0,0,0
7xgfE,7xgf,E,lacuna,test,151,21,6,1,1,1,0.278,,0.039735099337748346,1,1,1,1,1
7xznC,7xzn,C,fpocket,train,556,16,36,1,3,1,0.483,,0.06474820143884892,0,1,1,1,1
7xznC,7xzn,C,p2rank,train,556,16,13,1,1,2,0.562,,0.023381294964028777,1,1,1,1,1
7xznC,7xzn,C,ifsitepred,train,556,16,43,1,6,4,0.353,,0.07733812949640288,0,0,0,1,1
7xznC,7xzn,C,lacuna,train,556,16,51,1,6,2,0.7,,0.09172661870503597,0,0,0,1,1
7yjcA,7yjc,A,fpocket,test,381,6,28,0,,0,0.182,,0.07349081364829396,0,0,0,0,0
7yjcA,7yjc,A,p2rank,test,381,6,16,1,11,1,0.25,,0.04199475065616798,0,0,0,0,1
7yjcA,7yjc,A,ifsitepred,test,381,6,29,0,,0,0.0,,0.07611548556430446,0,0,0,0,0
7yjcA,7yjc,A,lacuna,test,381,6,43,1,37,1,0.267,,0.11286089238845144,0,0,0,0,0
7ymfA,7ymf,A,fpocket,train,263,19,21,1,12,1,0.261,,0.07984790874524715,0,0,0,0,1
7ymfA,7ymf,A,p2rank,train,263,19,9,1,1,1,0.364,,0.034220532319391636,1,1,1,1,1
7ymfA,7ymf,A,ifsitepred,train,263,19,28,1,1,1,0.25,,0.10646387832699619,1,1,1,1,1
7ymfA,7ymf,A,lacuna,train,263,19,22,1,1,4,0.458,,0.08365019011406843,1,1,1,1,1
7yv0A,7yv0,A,fpocket,train,372,20,16,1,1,2,0.45,,0.043010752688172046,1,1,1,1,1
7yv0A,7yv0,A,p2rank,train,372,20,9,1,1,1,0.371,,0.024193548387096774,1,1,1,1,1
7yv0A,7yv0,A,ifsitepred,train,372,20,25,1,1,2,0.524,,0.06720430107526881,1,1,1,1,1
7yv0A,7yv0,A,lacuna,train,372,20,32,1,1,2,0.481,,0.08602150537634409,1,1,1,1,1
7ywjA,7ywj,A,fpocket,train,398,20,23,1,2,2,0.5,,0.05778894472361809,0,1,1,1,1
7ywjA,7ywj,A,p2rank,train,398,20,14,1,1,2,0.45,,0.035175879396984924,1,1,1,1,1
7ywjA,7ywj,A,ifsitepred,train,398,20,34,1,3,4,0.25,,0.08542713567839195,0,1,1,1,1
7ywjA,7ywj,A,lacuna,train,398,20,25,1,3,1,0.25,,0.06281407035175879,0,1,1,1,1
7yx7A,7yx7,A,fpocket,train,677,4,56,1,5,1,0.286,,0.0827178729689808,0,0,1,1,1
7yx7A,7yx7,A,p2rank,train,677,4,26,0,,0,0.182,,0.03840472673559823,0,0,0,0,0
7yx7A,7yx7,A,ifsitepred,train,677,4,41,1,33,2,0.375,,0.060561299852289516,0,0,0,0,0
7yx7A,7yx7,A,lacuna,train,677,4,62,0,,0,0.188,,0.0915805022156573,0,0,0,0,0
7zzxB,7zzx,B,fpocket,train,202,29,11,1,8,2,0.5,,0.054455445544554455,0,0,0,1,1
7zzxB,7zzx,B,p2rank,train,202,29,5,1,1,1,0.425,,0.024752475247524754,1,1,1,1,1
7zzxB,7zzx,B,ifsitepred,train,202,29,21,1,1,1,0.345,,0.10396039603960396,1,1,1,1,1
7zzxB,7zzx,B,lacuna,train,202,29,21,1,1,3,0.559,,0.10396039603960396,1,1,1,1,1
8a74A,8a74,A,fpocket,train,334,16,28,1,10,1,0.429,,0.08383233532934131,0,0,0,1,1
8a74A,8a74,A,p2rank,train,334,16,7,1,2,1,0.359,,0.020958083832335328,0,1,1,1,1
8a74A,8a74,A,ifsitepred,train,334,16,52,1,2,4,0.412,,0.15568862275449102,0,1,1,1,1
8a74A,8a74,A,lacuna,train,334,16,29,1,1,3,0.3,,0.08682634730538923,1,1,1,1,1
8abuB,8abu,B,fpocket,train,240,18,24,1,17,1,0.545,,0.1,0,0,0,0,1
8abuB,8abu,B,p2rank,train,240,18,6,0,,0,0.233,,0.025,0,0,0,0,0
8abuB,8abu,B,ifsitepred,train,240,18,14,1,1,2,0.346,,0.058333333333333334,1,1,1,1,1
8abuB,8abu,B,lacuna,train,240,18,14,1,1,3,0.48,,0.058333333333333334,1,1,1,1,1
8aeqA,8aeq,A,fpocket,test,624,8,38,1,23,1,0.259,,0.060897435897435896,0,0,0,0,0
8aeqA,8aeq,A,p2rank,test,624,8,16,0,,0,0.143,,0.02564102564102564,0,0,0,0,0
8aeqA,8aeq,A,ifsitepred,test,624,8,37,1,2,4,0.444,,0.05929487179487179,0,1,1,1,1
8aeqA,8aeq,A,lacuna,test,624,8,42,0,,0,0.206,,0.0673076923076923,0,0,0,0,0
8aqiB,8aqi,B,fpocket,test,172,13,15,1,4,1,0.643,,0.0872093023255814,0,0,1,1,1
8aqiB,8aqi,B,p2rank,test,172,13,7,1,4,1,0.462,,0.040697674418604654,0,0,1,1,1
8aqiB,8aqi,B,ifsitepred,test,172,13,19,1,4,2,0.5,,0.11046511627906977,0,0,1,1,1
8aqiB,8aqi,B,lacuna,test,172,13,15,1,7,1,0.5,,0.0872093023255814,0,0,0,1,1
8azbA,8azb,A,fpocket,train,501,28,29,1,27,1,0.25,,0.05788423153692615,0,0,0,0,0
8azbA,8azb,A,p2rank,train,501,28,10,1,1,2,0.4,,0.01996007984031936,1,1,1,1,1
8azbA,8azb,A,ifsitepred,train,501,28,32,1,2,2,0.25,,0.06387225548902195,0,1,1,1,1
8azbA,8azb,A,lacuna,train,501,28,18,1,1,3,0.348,,0.03592814371257485,1,1,1,1,1
8b9pA,8b9p,A,fpocket,test,596,5,39,0,,0,0.211,,0.06543624161073826,0,0,0,0,0
8b9pA,8b9p,A,p2rank,test,596,5,17,1,11,1,0.5,,0.028523489932885907,0,0,0,0,1
8b9pA,8b9p,A,ifsitepred,test,596,5,43,0,,0,0.0,,0.07214765100671142,0,0,0,0,0
8b9pA,8b9p,A,lacuna,test,596,5,58,1,16,1,0.333,,0.09731543624161074,0,0,0,0,1
8bbcA,8bbc,A,fpocket,train,329,5,16,0,,0,0.1,,0.0486322188449848,0,0,0,0,0
8bbcA,8bbc,A,p2rank,train,329,5,5,0,,0,0.0,,0.015197568389057751,0,0,0,0,0
8bbcA,8bbc,A,ifsitepred,train,329,5,18,0,,0,0.0,,0.0547112462006079,0,0,0,0,0
8bbcA,8bbc,A,lacuna,train,329,5,18,0,,0,0.143,,0.0547112462006079,0,0,0,0,0
8bdiI,8bdi,I,fpocket,train,142,3,9,0,,0,0.091,,0.06338028169014084,0,0,0,0,0
8bdiI,8bdi,I,p2rank,train,142,3,3,0,,0,0.0,,0.02112676056338028,0,0,0,0,0
8bdiI,8bdi,I,ifsitepred,train,142,3,1,0,,0,0.0,,0.007042253521126761,0,0,0,0,0
8bdiI,8bdi,I,lacuna,train,142,3,9,0,,0,0.038,,0.06338028169014084,0,0,0,0,0
8breB,8bre,B,fpocket,test,351,17,20,1,3,1,0.481,,0.05698005698005698,0,1,1,1,1
8breB,8bre,B,p2rank,test,351,17,5,1,1,1,0.255,,0.014245014245014245,1,1,1,1,1
8breB,8bre,B,ifsitepred,test,351,17,36,1,4,2,0.444,,0.10256410256410256,0,0,1,1,1
8breB,8bre,B,lacuna,test,351,17,28,1,3,4,0.552,,0.07977207977207977,0,1,1,1,1
8c3uA,8c3u,A,fpocket,train,152,9,7,1,3,1,0.4,,0.046052631578947366,0,1,1,1,1
8c3uA,8c3u,A,p2rank,train,152,9,2,0,,0,0.0,,0.013157894736842105,0,0,0,0,0
8c3uA,8c3u,A,ifsitepred,train,152,9,3,0,,0,0.0,,0.019736842105263157,0,0,0,0,0
8c3uA,8c3u,A,lacuna,train,152,9,13,1,8,2,0.429,,0.08552631578947369,0,0,0,1,1
8cfbC,8cfb,C,fpocket,train,462,4,32,1,19,1,0.375,,0.06926406926406926,0,0,0,0,1
8cfbC,8cfb,C,p2rank,train,462,4,14,0,,0,0.143,,0.030303030303030304,0,0,0,0,0
8cfbC,8cfb,C,ifsitepred,train,462,4,34,0,,0,0.0,,0.0735930735930736,0,0,0,0,0
8cfbC,8cfb,C,lacuna,train,462,4,31,0,,0,0.15,,0.0670995670995671,0,0,0,0,0
8cn8C,8cn8,C,fpocket,train,418,6,19,0,,0,0.111,,0.045454545454545456,0,0,0,0,0
8cn8C,8cn8,C,p2rank,train,418,6,8,0,,0,0.0,,0.019138755980861243,0,0,0,0,0
8cn8C,8cn8,C,ifsitepred,train,418,6,31,0,,0,0.0,,0.07416267942583732,0,0,0,0,0
8cn8C,8cn8,C,lacuna,train,418,6,20,0,,0,0.158,,0.04784688995215311,0,0,0,0,0
8cqlB,8cql,B,fpocket,train,88,8,9,1,3,1,0.875,,0.10227272727272728,0,1,1,1,1
8cqlB,8cql,B,p2rank,train,88,8,3,0,,0,0.0,,0.03409090909090909,0,0,0,0,0
8cqlB,8cql,B,ifsitepred,train,88,8,1,0,,0,0.0,,0.011363636363636364,0,0,0,0,0
8cqlB,8cql,B,lacuna,train,88,8,2,1,1,1,0.533,,0.022727272727272728,1,1,1,1,1
8dufA,8duf,A,fpocket,train,308,14,18,1,16,1,0.278,,0.05844155844155844,0,0,0,0,1
8dufA,8duf,A,p2rank,train,308,14,5,0,,0,0.222,,0.016233766233766232,0,0,0,0,0
8dufA,8duf,A,ifsitepred,train,308,14,20,0,,0,0.059,,0.06493506493506493,0,0,0,0,0
8dufA,8duf,A,lacuna,train,308,14,16,1,4,1,0.333,,0.05194805194805195,0,0,1,1,1
8e1jB,8e1j,B,fpocket,train,316,21,28,1,6,1,0.708,,0.08860759493670886,0,0,0,1,1
8e1jB,8e1j,B,p2rank,train,316,21,10,1,1,1,0.577,,0.03164556962025317,1,1,1,1,1
8e1jB,8e1j,B,ifsitepred,train,316,21,32,1,1,1,0.458,,0.10126582278481013,1,1,1,1,1
8e1jB,8e1j,B,lacuna,train,316,21,24,1,1,4,0.32,,0.0759493670886076,1,1,1,1,1
8elmA,8elm,A,fpocket,train,205,14,13,1,6,1,0.429,,0.06341463414634146,0,0,0,1,1
8elmA,8elm,A,p2rank,train,205,14,4,1,1,1,0.394,,0.01951219512195122,1,1,1,1,1
8elmA,8elm,A,ifsitepred,train,205,14,32,1,6,6,0.5,,0.15609756097560976,0,0,0,1,1
8elmA,8elm,A,lacuna,train,205,14,13,1,2,1,0.45,,0.06341463414634146,0,1,1,1,1
8evvA,8evv,A,fpocket,train,338,16,20,1,10,2,0.421,,0.05917159763313609,0,0,0,1,1
8evvA,8evv,A,p2rank,train,338,16,7,1,1,2,0.375,,0.020710059171597635,1,1,1,1,1
8evvA,8evv,A,ifsitepred,train,338,16,38,1,1,3,0.333,,0.11242603550295859,1,1,1,1,1
8evvA,8evv,A,lacuna,train,338,16,28,1,1,1,0.433,,0.08284023668639054,1,1,1,1,1
8ezsB,8ezs,B,fpocket,train,267,22,17,1,3,2,0.44,,0.06367041198501873,0,1,1,1,1
8ezsB,8ezs,B,p2rank,train,267,22,10,1,2,1,0.4,,0.03745318352059925,0,1,1,1,1
8ezsB,8ezs,B,ifsitepred,train,267,22,31,1,3,2,0.409,,0.11610486891385768,0,1,1,1,1
8ezsB,8ezs,B,lacuna,train,267,22,24,1,1,2,0.393,,0.0898876404494382,1,1,1,1,1
8fmuB,8fmu,B,fpocket,train,174,9,13,0,,0,0.231,,0.07471264367816093,0,0,0,0,0
8fmuB,8fmu,B,p2rank,train,174,9,4,0,,0,0.12,,0.022988505747126436,0,0,0,0,0
8fmuB,8fmu,B,ifsitepred,train,174,9,0,0,,0,0.0,,0.0,0,0,0,0,0
8fmuB,8fmu,B,lacuna,train,174,9,9,1,4,1,0.259,,0.05172413793103448,0,0,1,1,1
8g25H,8g25,H,fpocket,train,218,7,14,1,7,1,0.3,,0.06422018348623854,0,0,0,1,1
8g25H,8g25,H,p2rank,train,218,7,8,0,,0,0.071,,0.03669724770642202,0,0,0,0,0
8g25H,8g25,H,ifsitepred,train,218,7,32,0,,0,0.0,,0.14678899082568808,0,0,0,0,0
8g25H,8g25,H,lacuna,train,218,7,24,1,15,1,0.545,,0.11009174311926606,0,0,0,0,1
8ghcB,8ghc,B,fpocket,train,648,15,36,0,,0,0.217,,0.05555555555555555,0,0,0,0,0
8ghcB,8ghc,B,p2rank,train,648,15,19,0,,0,0.158,,0.029320987654320986,0,0,0,0,0
8ghcB,8ghc,B,ifsitepred,train,648,15,9,0,,0,0.167,,0.013888888888888888,0,0,0,0,0
8ghcB,8ghc,B,lacuna,train,648,15,59,1,14,2,0.346,,0.09104938271604938,0,0,0,0,1
8gw3A,8gw3,A,fpocket,train,299,23,21,0,,0,0.207,,0.07023411371237458,0,0,0,0,0
8gw3A,8gw3,A,p2rank,train,299,23,8,0,,0,0.173,,0.026755852842809364,0,0,0,0,0
8gw3A,8gw3,A,ifsitepred,train,299,23,22,1,15,1,0.292,,0.07357859531772576,0,0,0,0,1
8gw3A,8gw3,A,lacuna,train,299,23,25,1,1,1,0.3,,0.08361204013377926,1,1,1,1,1
8h0nB,8h0n,B,fpocket,train,217,20,15,1,2,2,0.435,,0.06912442396313365,0,1,1,1,1
8h0nB,8h0n,B,p2rank,train,217,20,8,1,1,1,0.433,,0.03686635944700461,1,1,1,1,1
8h0nB,8h0n,B,ifsitepred,train,217,20,22,1,1,3,0.435,,0.10138248847926268,1,1,1,1,1
8h0nB,8h0n,B,lacuna,train,217,20,16,1,1,3,0.406,,0.07373271889400922,1,1,1,1,1
8h27A,8h27,A,fpocket,test,181,27,15,1,1,2,0.37,,0.08287292817679558,1,1,1,1,1
8h27A,8h27,A,p2rank,test,181,27,5,1,4,2,0.37,,0.027624309392265192,0,0,1,1,1
8h27A,8h27,A,ifsitepred,test,181,27,32,1,1,2,0.333,,0.17679558011049723,1,1,1,1,1
8h27A,8h27,A,lacuna,test,181,27,14,1,1,2,0.429,,0.07734806629834254,1,1,1,1,1
8h6pA,8h6p,A,fpocket,train,298,10,14,0,,0,0.0,,0.04697986577181208,0,0,0,0,0
8h6pA,8h6p,A,p2rank,train,298,10,12,0,,0,0.133,,0.040268456375838924,0,0,0,0,0
8h6pA,8h6p,A,ifsitepred,train,298,10,41,0,,0,0.0,,0.13758389261744966,0,0,0,0,0
8h6pA,8h6p,A,lacuna,train,298,10,27,0,,0,0.2,,0.09060402684563758,0,0,0,0,0
8hs6H,8hs6,H,fpocket,train,249,26,18,1,10,2,0.407,,0.07228915662650602,0,0,0,1,1
8hs6H,8hs6,H,p2rank,train,249,26,7,1,2,3,0.37,,0.028112449799196786,0,1,1,1,1
8hs6H,8hs6,H,ifsitepred,train,249,26,45,1,1,2,0.393,,0.18072289156626506,1,1,1,1,1
8hs6H,8hs6,H,lacuna,train,249,26,16,1,3,2,0.406,,0.0642570281124498,0,1,1,1,1
8hynA,8hyn,A,fpocket,train,158,13,7,0,,0,0.235,,0.04430379746835443,0,0,0,0,0
8hynA,8hyn,A,p2rank,train,158,13,3,0,,0,0.095,,0.0189873417721519,0,0,0,0,0
8hynA,8hyn,A,ifsitepred,train,158,13,11,1,3,1,0.357,,0.06962025316455696,0,1,1,1,1
8hynA,8hyn,A,lacuna,train,158,13,12,1,4,2,0.353,,0.0759493670886076,0,0,1,1,1
8i7xC,8i7x,C,fpocket,train,162,10,9,0,,0,0.0,,0.05555555555555555,0,0,0,0,0
8i7xC,8i7x,C,p2rank,train,162,10,3,0,,0,0.0,,0.018518518518518517,0,0,0,0,0
8i7xC,8i7x,C,ifsitepred,train,162,10,16,1,6,1,0.5,,0.09876543209876543,0,0,0,1,1
8i7xC,8i7x,C,lacuna,train,162,10,8,1,1,1,0.412,,0.04938271604938271,1,1,1,1,1
8i84B,8i84,B,fpocket,test,285,17,16,1,1,2,0.417,,0.056140350877192984,1,1,1,1,1
8i84B,8i84,B,p2rank,test,285,17,8,1,1,2,0.423,,0.028070175438596492,1,1,1,1,1
8i84B,8i84,B,ifsitepred,test,285,17,21,1,1,2,0.5,,0.07368421052631578,1,1,1,1,1
8i84B,8i84,B,lacuna,test,285,17,21,1,1,3,0.393,,0.07368421052631578,1,1,1,1,1
8iasB,8ias,B,fpocket,test,501,11,35,1,4,2,0.692,,0.06986027944111776,0,0,1,1,1
8iasB,8ias,B,p2rank,test,501,11,12,1,11,1,0.615,,0.023952095808383235,0,0,0,0,1
8iasB,8ias,B,ifsitepred,test,501,11,41,1,1,5,0.692,,0.08183632734530938,1,1,1,1,1
8iasB,8ias,B,lacuna,test,501,11,31,1,5,1,0.478,,0.06187624750499002,0,0,1,1,1
8ixpA,8ixp,A,fpocket,train,429,10,25,1,10,1,0.278,,0.05827505827505827,0,0,0,1,1
8ixpA,8ixp,A,p2rank,train,429,10,4,1,2,1,0.286,,0.009324009324009324,0,1,1,1,1
8ixpA,8ixp,A,ifsitepred,train,429,10,40,1,3,4,0.385,,0.09324009324009325,0,1,1,1,1
8ixpA,8ixp,A,lacuna,train,429,10,30,1,2,1,0.417,,0.06993006993006994,0,1,1,1,1
8iy0B,8iy0,B,fpocket,train,92,13,7,1,1,1,0.389,,0.07608695652173914,1,1,1,1,1
8iy0B,8iy0,B,p2rank,train,92,13,1,1,1,1,0.5,,0.010869565217391304,1,1,1,1,1
8iy0B,8iy0,B,ifsitepred,train,92,13,13,1,2,1,0.308,,0.14130434782608695,0,1,1,1,1
8iy0B,8iy0,B,lacuna,train,92,13,3,1,2,1,0.5,,0.03260869565217391,0,1,1,1,1
8j11X,8j11,X,fpocket,test,173,3,13,1,8,1,0.286,,0.07514450867052024,0,0,0,1,1
8j11X,8j11,X,p2rank,test,173,3,6,0,,0,0.2,,0.03468208092485549,0,0,0,0,0
8j11X,8j11,X,ifsitepred,test,173,3,9,0,,0,0.143,,0.05202312138728324,0,0,0,0,0
8j11X,8j11,X,lacuna,test,173,3,8,0,,0,0.0,,0.046242774566473986,0,0,0,0,0
8j1kA,8j1k,A,fpocket,train,198,14,15,0,,0,0.158,,0.07575757575757576,0,0,0,0,0
8j1kA,8j1k,A,p2rank,train,198,14,8,0,,0,0.1,,0.04040404040404041,0,0,0,0,0
8j1kA,8j1k,A,ifsitepred,train,198,14,18,0,,0,0.0,,0.09090909090909091,0,0,0,0,0
8j1kA,8j1k,A,lacuna,train,198,14,11,1,5,2,0.435,,0.05555555555555555,0,0,1,1,1
8jisR,8jis,R,fpocket,train,386,25,25,1,21,1,0.385,,0.06476683937823834,0,0,0,0,0
8jisR,8jis,R,p2rank,train,386,25,9,1,9,1,0.28,,0.023316062176165803,0,0,0,1,1
8jisR,8jis,R,ifsitepred,train,386,25,33,0,,0,0.24,,0.08549222797927461,0,0,0,0,0
8jisR,8jis,R,lacuna,train,386,25,42,1,8,4,0.595,,0.10880829015544041,0,0,0,1,1
8jqkA,8jqk,A,fpocket,train,335,11,23,1,21,1,0.348,,0.06865671641791045,0,0,0,0,0
8jqkA,8jqk,A,p2rank,train,335,11,4,0,,0,0.208,,0.011940298507462687,0,0,0,0,0
8jqkA,8jqk,A,ifsitepred,train,335,11,24,1,3,5,0.5,,0.07164179104477612,0,1,1,1,1
8jqkA,8jqk,A,lacuna,train,335,11,27,1,1,3,0.393,,0.08059701492537313,1,1,1,1,1
8ogrB,8ogr,B,fpocket,train,152,12,9,1,2,1,0.643,,0.05921052631578947,0,1,1,1,1
8ogrB,8ogr,B,p2rank,train,152,12,4,1,1,1,0.571,,0.02631578947368421,1,1,1,1,1
8ogrB,8ogr,B,ifsitepred,train,152,12,8,0,,0,0.0,,0.05263157894736842,0,0,0,0,0
8ogrB,8ogr,B,lacuna,train,152,12,3,1,2,1,0.571,,0.019736842105263157,0,1,1,1,1
8onnE,8onn,E,fpocket,test,268,22,11,1,11,1,0.633,,0.041044776119402986,0,0,0,0,1
8onnE,8onn,E,p2rank,test,268,22,5,1,1,1,0.581,,0.018656716417910446,1,1,1,1,1
8onnE,8onn,E,ifsitepred,test,268,22,23,1,1,3,0.583,,0.08582089552238806,1,1,1,1,1
8onnE,8onn,E,lacuna,test,268,22,16,1,1,1,0.571,,0.05970149253731343,1,1,1,1,1
8oqpC,8oqp,C,fpocket,train,402,21,22,1,13,2,0.296,,0.05472636815920398,0,0,0,0,1
8oqpC,8oqp,C,p2rank,train,402,21,6,1,1,1,0.404,,0.014925373134328358,1,1,1,1,1
8oqpC,8oqp,C,ifsitepred,train,402,21,41,1,1,1,0.323,,0.10199004975124377,1,1,1,1,1
8oqpC,8oqp,C,lacuna,train,402,21,34,1,6,4,0.385,,0.0845771144278607,0,0,0,1,1
8pfpA,8pfp,A,fpocket,train,409,22,28,1,15,2,0.25,,0.06845965770171149,0,0,0,0,1
8pfpA,8pfp,A,p2rank,train,409,22,10,1,7,1,0.28,,0.02444987775061125,0,0,0,1,1
8pfpA,8pfp,A,ifsitepred,train,409,22,49,0,,0,0.192,,0.1198044009779951,0,0,0,0,0
8pfpA,8pfp,A,lacuna,train,409,22,36,1,5,1,0.268,,0.08801955990220049,0,0,1,1,1
8pzmA,8pzm,A,fpocket,train,499,16,31,1,7,1,0.36,,0.06212424849699399,0,0,0,1,1
8pzmA,8pzm,A,p2rank,train,499,16,11,1,5,1,0.304,,0.022044088176352707,0,0,1,1,1
8pzmA,8pzm,A,ifsitepred,train,499,16,15,0,,0,0.0,,0.03006012024048096,0,0,0,0,0
8pzmA,8pzm,A,lacuna,train,499,16,41,1,13,2,0.379,,0.08216432865731463,0,0,0,0,1
8r43A,8r43,A,fpocket,train,228,8,9,0,,0,0.125,,0.039473684210526314,0,0,0,0,0
8r43A,8r43,A,p2rank,train,228,8,3,1,1,1,0.333,,0.013157894736842105,1,1,1,1,1
8r43A,8r43,A,ifsitepred,train,228,8,16,1,12,1,0.333,,0.07017543859649122,0,0,0,0,1
8r43A,8r43,A,lacuna,train,228,8,3,0,,0,0.0,,0.013157894736842105,0,0,0,0,0
8s32A,8s32,A,fpocket,train,525,27,30,1,11,1,0.571,,0.05714285714285714,0,0,0,0,1
8s32A,8s32,A,p2rank,train,525,27,11,1,1,1,0.595,,0.02095238095238095,1,1,1,1,1
8s32A,8s32,A,ifsitepred,train,525,27,49,1,1,2,0.429,,0.09333333333333334,1,1,1,1,1
8s32A,8s32,A,lacuna,train,525,27,54,1,6,3,0.34,,0.10285714285714286,0,0,0,1,1
8sc0A,8sc0,A,fpocket,train,248,11,13,1,6,2,0.462,,0.05241935483870968,0,0,0,1,1
8sc0A,8sc0,A,p2rank,train,248,11,4,1,3,1,0.538,,0.016129032258064516,0,1,1,1,1
8sc0A,8sc0,A,ifsitepred,train,248,11,29,0,,0,0.118,,0.11693548387096774,0,0,0,0,0
8sc0A,8sc0,A,lacuna,train,248,11,18,1,12,1,0.409,,0.07258064516129033,0,0,0,0,1
8slbA,8slb,A,fpocket,train,248,8,13,1,8,1,0.25,,0.05241935483870968,0,0,0,1,1
8slbA,8slb,A,p2rank,train,248,8,7,1,4,1,0.25,,0.028225806451612902,0,0,1,1,1
8slbA,8slb,A,ifsitepred,train,248,8,7,0,,0,0.077,,0.028225806451612902,0,0,0,0,0
8slbA,8slb,A,lacuna,train,248,8,20,1,6,1,0.364,,0.08064516129032258,0,0,0,1,1
8sxwA,8sxw,A,fpocket,train,361,34,26,1,3,2,0.343,,0.07202216066481995,0,1,1,1,1
8sxwA,8sxw,A,p2rank,train,361,34,8,1,1,1,0.638,,0.0221606648199446,1,1,1,1,1
8sxwA,8sxw,A,ifsitepred,train,361,34,54,1,1,1,0.257,,0.14958448753462603,1,1,1,1,1
8sxwA,8sxw,A,lacuna,train,361,34,21,1,1,3,0.459,,0.05817174515235457,1,1,1,1,1
8t2lA,8t2l,A,fpocket,train,126,8,8,0,,0,0.182,,0.06349206349206349,0,0,0,0,0
8t2lA,8t2l,A,p2rank,train,126,8,1,0,,0,0.0,,0.007936507936507936,0,0,0,0,0
8t2lA,8t2l,A,ifsitepred,train,126,8,16,1,9,2,0.375,,0.12698412698412698,0,0,0,1,1
8t2lA,8t2l,A,lacuna,train,126,8,8,1,5,2,0.333,,0.06349206349206349,0,0,1,1,1
8u3nA,8u3n,A,fpocket,test,377,8,32,1,30,1,0.615,,0.08488063660477453,0,0,0,0,0
8u3nA,8u3n,A,p2rank,test,377,8,9,1,5,1,0.778,,0.023872679045092837,0,0,1,1,1
8u3nA,8u3n,A,ifsitepred,test,377,8,20,0,,0,0.0,,0.05305039787798409,0,0,0,0,0
8u3nA,8u3n,A,lacuna,test,377,8,11,1,8,1,0.333,,0.029177718832891247,0,0,0,1,1
8vdyA,8vdy,A,fpocket,train,109,11,5,1,4,1,0.333,,0.045871559633027525,0,0,1,1,1
8vdyA,8vdy,A,p2rank,train,109,11,1,0,,0,0.176,,0.009174311926605505,0,0,0,0,0
8vdyA,8vdy,A,ifsitepred,train,109,11,7,0,,0,0.143,,0.06422018348623854,0,0,0,0,0
8vdyA,8vdy,A,lacuna,train,109,11,5,1,1,2,0.421,,0.045871559633027525,1,1,1,1,1
8vxuB,8vxu,B,fpocket,test,104,8,3,0,,0,0.071,,0.028846153846153848,0,0,0,0,0
8vxuB,8vxu,B,p2rank,test,104,8,0,0,,0,0.0,,0.0,0,0,0,0,0
8vxuB,8vxu,B,ifsitepred,test,104,8,23,0,,0,0.1,,0.22115384615384615,0,0,0,0,0
8vxuB,8vxu,B,lacuna,test,104,8,7,0,,0,0.227,,0.0673076923076923,0,0,0,0,0
8wl5A,8wl5,A,fpocket,train,290,12,20,1,4,1,0.286,,0.06896551724137931,0,0,1,1,1
8wl5A,8wl5,A,p2rank,train,290,12,3,1,1,1,0.5,,0.010344827586206896,1,1,1,1,1
8wl5A,8wl5,A,ifsitepred,train,290,12,34,1,1,9,0.308,,0.11724137931034483,1,1,1,1,1
8wl5A,8wl5,A,lacuna,train,290,12,10,1,1,2,0.786,,0.034482758620689655,1,1,1,1,1
9atcA,9atc,A,fpocket,test,310,16,12,1,1,2,0.476,,0.03870967741935484,1,1,1,1,1
9atcA,9atc,A,p2rank,test,310,16,4,1,1,1,0.394,,0.012903225806451613,1,1,1,1,1
9atcA,9atc,A,ifsitepred,test,310,16,41,1,3,2,0.562,,0.13225806451612904,0,1,1,1,1
9atcA,9atc,A,lacuna,test,310,16,24,1,1,2,0.333,,0.07741935483870968,1,1,1,1,1
9bhrB,9bhr,B,fpocket,train,299,14,15,1,6,1,0.353,,0.05016722408026756,0,0,0,1,1
9bhrB,9bhr,B,p2rank,train,299,14,7,1,2,1,0.333,,0.023411371237458192,0,1,1,1,1
9bhrB,9bhr,B,ifsitepred,train,299,14,8,0,,0,0.0,,0.026755852842809364,0,0,0,0,0
9bhrB,9bhr,B,lacuna,train,299,14,22,0,,0,0.143,,0.07357859531772576,0,0,0,0,0
